datetime,NO2,O3,PM10,SO2,CO,WD,WS,TEMP,HUM,month,hour,dayofweek,year,day
2014-01-01 01:00:00,50.35983,,67.300003,9.641643,0.633355,NNE,1.500032,6.851615,85.703796,1,1,2,2014,1
2014-01-01 02:00:00,44.42158,,67.300003,10.270081,0.668712,NNE,1.184683,6.612909,84.602257,1,2,2,2014,1
2014-01-01 03:00:00,30.709094,,67.300003,6.539519,0.443538,NNE,1.93235,6.232194,84.928223,1,3,2,2014,1
2014-01-01 04:00:00,22.605125,,67.300003,3.809433,0.228692,NNE,1.773872,6.271945,82.179962,1,4,2,2014,1
2014-01-01 05:00:00,24.765729,,67.300003,3.577605,0.333802,NNE,1.327189,6.403406,80.453354,1,5,2,2014,1
2014-01-01 06:00:00,22.568277,,67.300003,4.582743,0.222685,NNE,2.063106,5.709334,83.534012,1,6,2,2014,1
2014-01-01 07:00:00,22.591341,,67.300003,2.912871,0.198824,NNE,2.042253,5.463642,81.453903,1,7,2,2014,1
2014-01-01 08:00:00,28.89244,,67.300003,2.796246,0.241626,NNE,2.759351,5.222359,79.896408,1,8,2,2014,1
2014-01-01 09:00:00,32.223515,,67.300003,3.037768,0.360593,NNE,2.238338,5.943835,76.823563,1,9,2,2014,1
2014-01-01 10:00:00,25.205061,,67.300003,3.084456,0.250391,NNE,2.455287,8.369998,69.486053,1,10,2,2014,1
2014-01-01 11:00:00,24.767155,,67.300003,4.821628,0.220915,ENE,1.858147,11.737551,59.657734,1,11,2,2014,1
2014-01-01 12:00:00,15.675018,,67.300003,4.366323,0.110831,E,2.128935,13.644037,58.72303,1,12,2,2014,1
2014-01-01 13:00:00,16.246681,,67.300003,4.162928,0.112816,E,2.392508,14.637293,56.29863,1,13,2,2014,1
2014-01-01 14:00:00,15.828665,,67.300003,3.81233,0.150878,SE,2.198449,14.928095,61.394005,1,14,2,2014,1
2014-01-01 15:00:00,16.725917,,67.300003,4.006218,0.120247,SE,3.016121,14.331093,62.40696,1,15,2,2014,1
2014-01-01 16:00:00,17.670172,,67.300003,4.404651,0.113542,SE,2.792518,14.22941,63.037716,1,16,2,2014,1
2014-01-01 17:00:00,16.473675,,67.300003,2.973467,0.125043,SE,2.674602,13.899805,75.857109,1,17,2,2014,1
2014-01-01 18:00:00,28.902336,,67.300003,2.655422,0.217981,ESE,1.629072,13.330648,81.52597,1,18,2,2014,1
2014-01-01 19:00:00,63.846789,,67.300003,2.509298,0.533129,NE,0.929312,12.663982,85.774002,1,19,2,2014,1
2014-01-01 20:00:00,74.375301,,67.300003,2.361599,0.798081,NNE,1.421989,11.753559,88.366943,1,20,2,2014,1
2014-01-01 21:00:00,62.915017,,67.300003,2.525574,0.514527,NE,1.414469,11.051752,89.811211,1,21,2,2014,1
2014-01-01 22:00:00,51.454602,,67.300003,2.553545,0.529295,NNE,1.717867,9.850221,90.469437,1,22,2,2014,1
2014-01-01 23:00:00,38.691944,,67.300003,2.565016,0.364167,NNE,2.196414,9.378884,91.998611,1,23,2,2014,1
2014-01-02 00:00:00,20.251348,,67.300003,2.406458,0.155085,NNE,2.064648,9.623796,92.84404,1,0,3,2014,2
2014-01-02 01:00:00,15.268345,,56.599991,2.607009,0.110644,NNE,1.529457,9.573329,93.14167,1,1,3,2014,2
2014-01-02 02:00:00,12.163432,,56.599991,2.985186,0.074306,NNE,2.598381,9.017773,93.233917,1,2,3,2014,2
2014-01-02 03:00:00,15.565612,,56.599991,3.002856,0.050403,NNE,2.530562,8.304844,93.797485,1,3,3,2014,2
2014-01-02 04:00:00,11.416731,,56.599991,3.126933,0.039659,NNE,2.398347,8.411716,94.599564,1,4,3,2014,2
2014-01-02 05:00:00,7.60686,,56.599991,2.413432,0.031521,NNE,2.292852,8.106533,94.780151,1,5,3,2014,2
2014-01-02 06:00:00,9.546894,,56.599991,2.309158,0.040671,NNE,2.698797,7.59585,94.451935,1,6,3,2014,2
2014-01-02 07:00:00,25.934654,,56.599991,2.530089,0.089165,NNE,2.219743,7.982839,93.744835,1,7,3,2014,2
2014-01-02 08:00:00,41.319844,,56.599991,3.015127,0.252996,NNE,1.870327,8.171484,92.673111,1,8,3,2014,2
2014-01-02 09:00:00,42.796571,,56.599991,3.536914,0.278384,NNE,2.68848,8.653576,89.336143,1,9,3,2014,2
2014-01-02 10:00:00,33.48335,,56.599991,6.549841,0.180726,NNE,3.505042,10.453126,77.205223,1,10,3,2014,2
2014-01-02 11:00:00,26.009425,,56.599991,6.363777,0.187494,NNE,3.478085,13.611582,61.340118,1,11,3,2014,2
2014-01-02 12:00:00,23.111299,,56.599991,4.956765,0.134652,NNE,3.267766,16.106121,58.058666,1,12,3,2014,2
2014-01-02 13:00:00,22.03772,17.543964,56.599991,4.172612,0.112274,NE,2.462293,17.283775,60.008167,1,13,3,2014,2
2014-01-02 14:00:00,12.971067,13.553848,56.599991,3.357407,0.117112,SE,2.992702,17.208073,63.286011,1,14,3,2014,2
2014-01-02 15:00:00,13.188965,10.041154,56.599991,2.87048,0.083441,ESE,2.684791,17.112532,63.282822,1,15,3,2014,2
2014-01-02 16:00:00,13.414979,8.304552,56.599991,2.512192,0.109722,SE,2.867491,16.897392,65.269493,1,16,3,2014,2
2014-01-02 17:00:00,28.047685,9.516618,56.599991,2.925444,0.154506,SE,2.395933,16.340214,71.348251,1,17,3,2014,2
2014-01-02 18:00:00,59.610602,9.942032,56.599991,4.898548,0.332105,SE,0.895642,15.495449,74.847908,1,18,3,2014,2
2014-01-02 19:00:00,78.385679,9.301766,56.599991,4.290362,1.082553,NNE,0.936127,14.28242,79.961761,1,19,3,2014,2
2014-01-02 20:00:00,73.329051,9.885182,56.599991,3.4873,1.127982,ENE,0.718359,13.990499,83.223679,1,20,3,2014,2
2014-01-02 21:00:00,53.423088,8.35935,56.599991,2.646352,0.600047,ENE,1.105453,13.303007,87.151505,1,21,3,2014,2
2014-01-02 22:00:00,48.318269,7.687978,56.599991,2.841128,0.791766,NNE,1.362228,12.456042,88.107407,1,22,3,2014,2
2014-01-02 23:00:00,46.196816,8.400708,56.599991,3.602837,0.66283,NNE,1.579737,11.369585,90.462952,1,23,3,2014,2
2014-01-03 00:00:00,44.421452,6.98794,56.599991,5.809146,0.47918,NNE,1.650782,10.663747,91.138947,1,0,4,2014,3
2014-01-03 01:00:00,38.074508,5.471548,,3.928529,0.440783,NNE,2.063398,10.331224,90.573563,1,1,4,2014,3
2014-01-03 02:00:00,30.607118,5.563098,,3.895234,0.35825,NNE,1.633578,9.556506,90.817719,1,2,4,2014,3
2014-01-03 03:00:00,28.265282,5.34751,,5.007356,0.254668,NNE,1.805315,9.509937,90.940804,1,3,4,2014,3
2014-01-03 04:00:00,25.062782,5.313896,,3.754514,0.234428,NNE,1.747826,9.352565,90.619987,1,4,4,2014,3
2014-01-03 05:00:00,25.111315,5.113006,,4.41794,0.138962,NNE,1.868865,9.042431,90.849564,1,5,4,2014,3
2014-01-03 06:00:00,23.601218,5.07334,,4.139768,0.126518,NNE,1.946892,8.966186,90.538971,1,6,4,2014,3
2014-01-03 07:00:00,26.98138,5.112002,,3.468074,0.143542,NNE,2.044169,9.035681,89.816978,1,7,4,2014,3
2014-01-03 08:00:00,34.820967,5.339102,,5.086102,0.300904,NNE,2.220582,9.67267,88.68206,1,8,4,2014,3
2014-01-03 09:00:00,40.701978,5.683062,,7.184356,0.392549,NNE,2.471675,10.463129,86.885086,1,9,4,2014,3
2014-01-03 10:00:00,48.526862,6.82224,,13.604088,0.405752,NNE,2.508659,13.067932,79.685516,1,10,4,2014,3
2014-01-03 11:00:00,41.842106,8.16315,,14.223534,0.332661,NNE,1.98047,15.11507,73.686638,1,11,4,2014,3
2014-01-03 12:00:00,33.57487,8.311954,,10.319839,0.243247,E,1.169775,16.965332,67.714828,1,12,4,2014,3
2014-01-03 13:00:00,16.122967,6.636588,,6.102771,0.093816,ESE,1.348373,18.142376,62.446709,1,13,4,2014,3
2014-01-03 14:00:00,11.220482,5.11292,,4.06884,0.074792,SSE,1.650753,18.587397,59.927895,1,14,4,2014,3
2014-01-03 15:00:00,18.991027,4.756102,,3.751094,0.144455,SSE,2.259724,18.393869,62.755932,1,15,4,2014,3
2014-01-03 16:00:00,23.329972,4.908328,,3.807204,0.181015,SSE,2.235311,17.513765,69.622063,1,16,4,2014,3
2014-01-03 17:00:00,22.156802,4.915938,,3.322588,0.185035,SE,2.018042,17.107477,71.235649,1,17,4,2014,3
2014-01-03 18:00:00,34.17153,4.738086,,3.188111,0.264806,SE,1.820273,15.899837,79.900108,1,18,4,2014,3
2014-01-03 19:00:00,55.548872,6.965388,,3.114918,0.389348,E,0.991536,15.21903,86.004097,1,19,4,2014,3
2014-01-03 20:00:00,62.557177,6.238962,,3.392387,0.609808,ENE,1.002769,14.870572,89.564102,1,20,4,2014,3
2014-01-03 21:00:00,56.846135,6.360044,,3.054104,0.636534,NE,0.901075,14.179923,91.6633,1,21,4,2014,3
2014-01-03 22:00:00,46.207782,6.261916,,2.786204,0.502126,SSO,1.185112,12.96981,93.304062,1,22,4,2014,3
2014-01-03 23:00:00,36.698129,6.30101,,2.870488,0.478278,E,1.656695,12.009968,94.738014,1,23,4,2014,3
2014-01-04 00:00:00,26.077029,5.359768,,2.539859,0.237682,NNE,2.210692,12.061248,95.548454,1,0,5,2014,4
2014-01-04 01:00:00,16.266231,4.321258,,2.345221,0.131728,NNE,2.422064,12.220452,95.944504,1,1,5,2014,4
2014-01-04 02:00:00,10.767323,4.22573,,2.245371,0.097525,NNE,2.338434,12.62535,96.087677,1,2,5,2014,4
2014-01-04 03:00:00,12.248593,3.929438,,2.435662,0.071465,NNE,3.153046,12.665067,96.524246,1,3,5,2014,4
2014-01-04 04:00:00,9.38523,3.729066,,2.464333,0.056,NNE,3.376401,12.786833,96.776855,1,4,5,2014,4
2014-01-04 05:00:00,7.890281,3.736538,,2.19144,0.036155,NNE,2.787775,12.705157,96.945824,1,5,5,2014,4
2014-01-04 06:00:00,10.125567,3.786958,,2.712563,0.038903,NNE,2.751307,12.693933,96.970901,1,6,5,2014,4
2014-01-04 07:00:00,20.15448,3.936102,,3.938071,0.033461,NNE,2.615965,12.211772,96.82814,1,7,5,2014,4
2014-01-04 08:00:00,26.874426,4.409022,,4.158824,0.116506,NNE,2.59607,11.89587,96.586243,1,8,5,2014,4
2014-01-04 09:00:00,26.848493,4.152452,,3.288484,0.132016,NE,2.96039,11.903537,95.872879,1,9,5,2014,4
2014-01-04 10:00:00,25.100863,4.014988,,2.819739,0.14705,NNE,2.987293,12.716453,93.894684,1,10,5,2014,4
2014-01-04 11:00:00,29.474466,3.696568,,3.302024,0.174488,NNE,2.92448,14.412115,86.293274,1,11,5,2014,4
2014-01-04 12:00:00,20.940048,4.045598,,3.123302,0.140022,NE,3.211655,16.454819,78.290558,1,12,5,2014,4
2014-01-04 13:00:00,17.150633,3.908164,,2.927033,0.132714,ESE,2.250588,17.052261,76.114365,1,13,5,2014,4
2014-01-04 14:00:00,15.618713,4.263402,,2.689011,0.057217,E,2.734439,17.075865,78.033607,1,14,5,2014,4
2014-01-04 15:00:00,12.647082,4.000496,,2.552445,0.031245,E,2.907169,17.748775,75.219269,1,15,5,2014,4
2014-01-04 16:00:00,14.031847,4.316422,,2.459105,0.047557,ESE,3.216666,17.003351,79.495781,1,16,5,2014,4
2014-01-04 17:00:00,21.283681,4.202542,,2.507386,0.089958,E,2.487592,16.360733,83.170052,1,17,5,2014,4
2014-01-04 18:00:00,30.206516,4.215132,,2.226385,0.185186,SE,2.149476,15.903807,85.344116,1,18,5,2014,4
2014-01-04 19:00:00,30.980559,4.427146,,2.139426,0.232341,SE,2.029163,15.396009,89.294319,1,19,5,2014,4
2014-01-04 20:00:00,37.89919,4.449342,,2.108464,0.307819,SE,1.055414,14.995825,91.572891,1,20,5,2014,4
2014-01-04 21:00:00,56.060806,4.960428,,2.103824,0.665752,ESE,0.76874,14.632273,92.797211,1,21,5,2014,4
2014-01-04 22:00:00,58.762656,5.39837,,2.14306,0.818633,O,0.553474,13.788287,93.85968,1,22,5,2014,4
2014-01-04 23:00:00,55.674083,7.119718,,2.285507,1.129534,ONO,0.581905,12.627592,95.08432,1,23,5,2014,4
2014-01-05 00:00:00,48.257066,7.653942,,2.362747,1.037547,NNE,0.951419,12.389055,96.498055,1,0,6,2014,5
2014-01-05 01:00:00,37.445785,6.412932,,2.054237,0.462946,OSO,1.430862,12.560707,98.064224,1,1,6,2014,5
2014-01-05 02:00:00,8.782812,4.629046,,1.943085,0.017455,NO,1.588104,12.561115,98.545914,1,2,6,2014,5
2014-01-05 03:00:00,6.066601,3.99422,,1.830688,0.057215,NNO,0.987014,11.64177,98.803482,1,3,6,2014,5
2014-01-05 04:00:00,12.796694,3.95522,,1.779753,0.070654,E,0.894181,10.698206,98.993996,1,4,6,2014,5
2014-01-05 05:00:00,17.149651,4.777036,,1.797639,0.116275,N,0.393263,10.208008,99.122948,1,5,6,2014,5
2014-01-05 06:00:00,25.505703,5.76134,,1.998287,0.180364,NNE,0.6595,10.06963,99.177345,1,6,6,2014,5
2014-01-05 07:00:00,24.301058,6.326086,,2.027788,0.223126,N,0.227589,9.645401,99.166023,1,7,6,2014,5
2014-01-05 08:00:00,28.944353,6.127402,,1.982558,0.305052,NNO,0.527899,9.565934,99.200409,1,8,6,2014,5
2014-01-05 09:00:00,23.106467,5.80438,,1.973389,0.277907,N,0.221639,9.88899,99.050865,1,9,6,2014,5
2014-01-05 10:00:00,21.843404,5.861016,,1.971899,0.206195,O,1.011393,11.988703,98.99752,1,10,6,2014,5
2014-01-05 11:00:00,16.150745,4.547698,,2.830371,0.091463,O,2.328303,13.334789,98.656487,1,11,6,2014,5
2014-01-05 12:00:00,27.466527,5.323496,,26.985766,0.122916,OSO,2.503347,14.484463,94.525772,1,12,6,2014,5
2014-01-05 13:00:00,15.271361,5.288966,,18.248046,0.064849,OSO,2.605132,16.49321,73.796288,1,13,6,2014,5
2014-01-05 14:00:00,12.509119,5.003242,,10.1482,0.065541,OSO,2.359262,17.055111,69.637497,1,14,6,2014,5
2014-01-05 15:00:00,9.15547,4.821228,,4.598082,0.063953,OSO,2.668535,16.882914,68.924942,1,15,6,2014,5
2014-01-05 16:00:00,9.590948,4.808188,,3.237348,0.062349,OSO,2.87805,16.467535,71.65303,1,16,6,2014,5
2014-01-05 17:00:00,10.106247,4.298352,,2.827028,0.054925,OSO,2.694791,15.917137,73.905945,1,17,6,2014,5
2014-01-05 18:00:00,16.091812,4.543658,,2.713366,0.096282,OSO,2.128006,14.911097,81.212723,1,18,6,2014,5
2014-01-05 19:00:00,22.845084,4.307162,,2.451023,0.161661,OSO,1.646322,14.409608,86.990875,1,19,6,2014,5
2014-01-05 20:00:00,26.425269,4.338878,,2.370482,0.087413,OSO,1.736455,14.337059,90.012848,1,20,6,2014,5
2014-01-05 21:00:00,21.107418,4.49688,,2.226038,0.076624,OSO,1.691459,14.416053,91.462486,1,21,6,2014,5
2014-01-05 22:00:00,16.495674,4.409266,,2.179689,0.054225,OSO,1.570918,14.27106,92.319489,1,22,6,2014,5
2014-01-05 23:00:00,32.643029,4.909674,,3.484097,0.206879,O,1.057052,13.480698,93.047745,1,23,6,2014,5
2014-01-06 00:00:00,38.488958,6.065876,,3.588291,0.368528,ONO,0.527315,12.229033,94.028381,1,0,0,2014,6
2014-01-06 01:00:00,50.491048,6.78685,,3.043271,0.518764,N,0.240314,11.832005,94.988777,1,1,0,2014,6
2014-01-06 02:00:00,40.323102,6.917842,,2.826251,0.474501,SO,0.678825,10.994298,95.817017,1,2,0,2014,6
2014-01-06 03:00:00,17.904982,6.442832,,2.306181,0.170134,NNE,1.195236,9.284696,96.258537,1,3,0,2014,6
2014-01-06 04:00:00,15.078907,6.064354,,2.228935,0.20866,NNE,1.286801,8.927656,97.5588,1,4,0,2014,6
2014-01-06 05:00:00,14.304284,5.841034,,2.308605,0.134985,N,1.645989,8.165039,98.193665,1,5,0,2014,6
2014-01-06 06:00:00,18.091769,4.871096,,2.338472,0.111562,N,1.364754,7.605278,98.432022,1,6,0,2014,6
2014-01-06 07:00:00,21.205866,4.981912,,2.779272,0.223008,NNE,1.524233,7.36742,98.46682,1,7,0,2014,6
2014-01-06 08:00:00,25.577425,5.601314,,2.782749,0.482597,E,1.652142,7.124949,98.35144,1,8,0,2014,6
2014-01-06 09:00:00,35.761318,8.966914,,2.929754,0.702271,ESE,1.273154,8.054844,97.835701,1,9,0,2014,6
2014-01-06 10:00:00,44.887797,8.215772,,3.912768,0.702592,NE,0.984338,10.276353,97.026756,1,10,0,2014,6
2014-01-06 11:00:00,38.730127,8.31307,,4.432075,0.360528,NE,1.29226,13.747761,79.580917,1,11,0,2014,6
2014-01-06 12:00:00,23.219432,8.413422,,3.896924,0.208649,ESE,2.284221,14.772485,70.826134,1,12,0,2014,6
2014-01-06 13:00:00,16.111563,6.735346,,2.675399,0.197365,ESE,2.972368,13.858868,79.163033,1,13,0,2014,6
2014-01-06 14:00:00,16.403323,6.353206,,2.656298,0.210323,SE,2.005047,14.35446,79.709961,1,14,0,2014,6
2014-01-06 15:00:00,16.053781,6.417226,,2.644907,0.189793,SE,2.346934,14.618873,77.291687,1,15,0,2014,6
2014-01-06 16:00:00,15.732235,8.31755,,3.064781,0.131061,S,2.248291,14.69678,78.614296,1,16,0,2014,6
2014-01-06 17:00:00,12.911101,10.717432,,2.901444,0.098803,S,1.624827,14.677008,82.252098,1,17,0,2014,6
2014-01-06 18:00:00,25.204536,8.599556,,2.596233,0.177747,NNO,0.573104,14.052362,85.265091,1,18,0,2014,6
2014-01-06 19:00:00,55.565914,7.054194,,2.403336,0.325474,N,0.109545,12.99294,88.801003,1,19,0,2014,6
2014-01-06 20:00:00,77.778137,6.45558,,2.65088,0.756761,N,0.0,12.727779,91.294662,1,20,0,2014,6
2014-01-06 21:00:00,102.216875,15.15288,,3.399652,1.878361,N,0.0,12.518821,92.428398,1,21,0,2014,6
2014-01-06 22:00:00,119.126353,14.60705,,3.756519,2.6763,N,0.0,12.018041,93.034897,1,22,0,2014,6
2014-01-06 23:00:00,89.188942,15.93165,,3.521645,2.273638,N,0.127852,11.15598,93.503212,1,23,0,2014,6
2014-01-07 00:00:00,67.755512,15.170306,,3.463329,1.719947,NNE,0.94955,10.472321,94.364899,1,0,1,2014,7
2014-01-07 01:00:00,50.49263,12.648914,,5.37918,0.968284,NNE,1.312615,9.795075,96.016312,1,1,1,2014,7
2014-01-07 02:00:00,49.439683,10.267338,,6.139481,0.625779,NNE,2.073617,8.880342,97.393898,1,2,1,2014,7
2014-01-07 03:00:00,32.241239,8.816426,,5.712927,0.29891,N,1.48971,7.647368,98.062744,1,3,1,2014,7
2014-01-07 04:00:00,28.766017,8.129518,,6.731898,0.272679,NNE,1.430007,7.355617,98.332108,1,4,1,2014,7
2014-01-07 05:00:00,26.0719,7.96871,,6.892325,0.335821,NNE,1.330941,6.975343,98.315292,1,5,1,2014,7
2014-01-07 06:00:00,23.234428,7.423764,,5.838962,0.340936,NNE,2.010784,6.532933,97.953667,1,6,1,2014,7
2014-01-07 07:00:00,23.520115,7.207192,,4.789625,0.402373,NNE,0.870503,6.29321,97.617622,1,7,1,2014,7
2014-01-07 08:00:00,33.757845,7.900308,,4.503476,0.632123,SSO,0.644072,6.270588,96.609138,1,8,1,2014,7
2014-01-07 09:00:00,55.43291,11.569536,,5.992334,1.362276,E,0.979601,7.871524,93.076477,1,9,1,2014,7
2014-01-07 10:00:00,49.437125,12.22236,,4.723043,0.83936,N,0.37569,10.513904,92.542091,1,10,1,2014,7
2014-01-07 11:00:00,40.290104,10.702456,,4.600968,0.4886,OSO,0.878386,11.696475,94.682434,1,11,1,2014,7
2014-01-07 12:00:00,69.24085,13.13236,,6.900615,0.801461,ONO,1.084582,12.689318,94.657776,1,12,1,2014,7
2014-01-07 13:00:00,115.469562,12.27858,,12.786409,1.15478,SSO,1.205042,14.943558,84.528999,1,13,1,2014,7
2014-01-07 14:00:00,83.077414,10.9861,,21.096792,0.624035,SSO,1.285046,16.273701,69.845062,1,14,1,2014,7
2014-01-07 15:00:00,59.114919,8.631918,,12.926987,0.425866,OSO,1.221835,16.981649,69.74881,1,15,1,2014,7
2014-01-07 16:00:00,55.139559,7.851324,,23.13073,0.392525,O,1.51905,17.063755,69.352348,1,16,1,2014,7
2014-01-07 17:00:00,59.227901,8.073926,,18.268124,0.375486,O,1.435366,16.686907,66.260605,1,17,1,2014,7
2014-01-07 18:00:00,80.556047,8.268154,,19.27067,0.558888,N,0.516108,15.85541,69.991989,1,18,1,2014,7
2014-01-07 19:00:00,100.547337,10.157064,,12.29095,1.345035,N,0.0,14.510882,81.10643,1,19,1,2014,7
2014-01-07 20:00:00,135.923211,13.892786,,9.695272,2.944473,N,0.135769,13.671648,86.889282,1,20,1,2014,7
2014-01-07 21:00:00,152.61429,20.41744,,9.153409,3.597366,NNE,1.040264,12.971437,88.292053,1,21,1,2014,7
2014-01-07 22:00:00,68.876838,16.770884,,10.41044,1.365478,NNE,1.16442,12.974051,85.994568,1,22,1,2014,7
2014-01-07 23:00:00,46.166182,11.671318,,8.913688,0.746213,NNE,1.367788,12.520787,77.17778,1,23,1,2014,7
2014-01-08 00:00:00,39.568192,8.91532,,15.097929,0.435972,NNE,1.804515,11.841538,61.815586,1,0,2,2014,8
2014-01-08 01:00:00,30.821744,7.516458,,18.459123,0.315327,NNE,2.259098,11.12827,58.199528,1,1,2,2014,8
2014-01-08 02:00:00,29.924862,9.906806,,17.030289,0.222235,NE,1.562623,11.074512,54.308403,1,2,2,2014,8
2014-01-08 03:00:00,30.028107,7.113712,,15.081642,0.138322,O,0.855505,10.721607,52.027096,1,3,2,2014,8
2014-01-08 04:00:00,26.613918,7.046962,,13.10923,0.086756,E,1.68947,10.64499,50.108833,1,4,2,2014,8
2014-01-08 05:00:00,23.248795,5.872368,,11.188641,0.010414,N,2.059381,11.065624,47.26268,1,5,2,2014,8
2014-01-08 06:00:00,28.512151,6.101912,,12.358645,0.022085,NNE,2.78673,11.565458,44.786552,1,6,2,2014,8
2014-01-08 07:00:00,35.945405,6.833784,,16.136853,0.13646,NNE,3.086322,11.899535,43.299446,1,7,2,2014,8
2014-01-08 08:00:00,39.858262,7.57141,,13.707404,0.340706,NNE,2.551393,11.175752,47.016819,1,8,2,2014,8
2014-01-08 09:00:00,45.041154,7.513756,,13.329463,0.410592,E,2.165138,12.973678,44.257488,1,9,2,2014,8
2014-01-08 10:00:00,36.091935,10.44281,,14.087684,0.295234,N,2.997114,15.790897,40.81356,1,10,2,2014,8
2014-01-08 11:00:00,34.202857,6.506932,,12.719354,0.192421,S,3.296534,19.797682,35.24707,1,11,2,2014,8
2014-01-08 12:00:00,28.286967,5.95987,,6.186315,0.132027,S,2.690978,23.03384,30.92416,1,12,2,2014,8
2014-01-08 13:00:00,27.541254,5.658616,,10.906809,0.096683,E,2.645277,25.386169,25.448748,1,13,2,2014,8
2014-01-08 14:00:00,20.214364,6.138322,,4.320899,0.030552,NNE,1.895203,26.964653,17.978222,1,14,2,2014,8
2014-01-08 15:00:00,29.742255,5.615198,,3.120034,0.185195,E,1.699414,26.861584,19.386372,1,15,2,2014,8
2014-01-08 16:00:00,63.183546,7.456638,,5.070696,0.403003,S,1.197207,25.781782,27.219135,1,16,2,2014,8
2014-01-08 17:00:00,84.395362,7.458418,,8.006011,0.527926,SO,0.823759,23.802635,34.466721,1,17,2,2014,8
2014-01-08 18:00:00,86.421582,7.018072,,8.551642,0.999693,S,0.523135,21.284828,38.996365,1,18,2,2014,8
2014-01-08 19:00:00,129.530907,9.899456,,23.088225,2.436891,N,0.086072,19.696609,46.254101,1,19,2,2014,8
2014-01-08 20:00:00,154.262807,13.144324,,21.32395,3.671088,N,0.085077,18.376671,51.561592,1,20,2,2014,8
2014-01-08 21:00:00,157.684769,15.677046,,14.352895,3.89413,OSO,0.339095,17.3645,53.294018,1,21,2,2014,8
2014-01-08 22:00:00,132.007297,16.216034,,10.28935,3.264994,NE,0.516205,17.028351,49.826,1,22,2,2014,8
2014-01-08 23:00:00,72.276942,12.615334,,8.261672,1.231182,NE,0.83024,16.972387,46.608665,1,23,2,2014,8
2014-01-09 00:00:00,50.983671,9.362482,,8.86562,0.65854,NE,1.068974,16.40686,47.653465,1,0,3,2014,9
2014-01-09 01:00:00,43.472091,8.469656,,8.825965,0.498924,NNE,0.993107,15.143331,50.905506,1,1,3,2014,9
2014-01-09 02:00:00,37.853401,7.85337,,8.472548,0.433781,NNE,0.728131,13.454885,57.254578,1,2,3,2014,9
2014-01-09 03:00:00,32.2298,11.998202,,7.718516,0.337365,NNE,0.891442,12.98833,59.379623,1,3,3,2014,9
2014-01-09 04:00:00,30.022735,8.161066,,10.886442,0.178045,ESE,0.853739,12.61677,56.723236,1,4,3,2014,9
2014-01-09 05:00:00,24.868231,7.36242,,15.339493,0.111416,NE,1.313498,12.45872,53.850006,1,5,3,2014,9
2014-01-09 06:00:00,26.163828,7.24753,,10.035972,0.093903,NNE,1.525841,11.402553,56.426804,1,6,3,2014,9
2014-01-09 07:00:00,33.505536,7.301802,,15.797194,0.159372,NNE,1.71221,11.855205,52.89502,1,7,3,2014,9
2014-01-09 08:00:00,44.170979,8.02288,,26.701745,0.456372,NE,1.639462,12.798597,48.430569,1,8,3,2014,9
2014-01-09 09:00:00,49.457548,8.794636,,15.504319,0.655473,NNE,2.038285,12.633933,50.391632,1,9,3,2014,9
2014-01-09 10:00:00,50.450228,8.79504,,11.603238,0.71177,NO,0.436133,15.059791,47.250504,1,10,3,2014,9
2014-01-09 11:00:00,60.10647,7.62287,,10.179215,0.592458,O,0.73924,18.092207,40.330544,1,11,3,2014,9
2014-01-09 12:00:00,59.458895,21.598194,,10.336062,0.42717,SO,0.820317,20.429142,33.569424,1,12,3,2014,9
2014-01-09 13:00:00,68.221296,7.417154,,9.402806,0.47588,S,1.525345,21.362635,29.614433,1,13,3,2014,9
2014-01-09 14:00:00,33.880984,6.65302,,11.555189,0.151852,SSO,1.296383,21.902723,27.78228,1,14,3,2014,9
2014-01-09 15:00:00,49.941027,6.389384,,14.852038,0.284344,SSO,1.091963,22.103579,29.294996,1,15,3,2014,9
2014-01-09 16:00:00,40.653263,7.355362,,14.457554,0.183461,SO,1.38997,20.537001,34.590897,1,16,3,2014,9
2014-01-09 17:00:00,36.508443,8.428562,,7.47784,0.189805,N,1.259526,18.253414,55.785744,1,17,3,2014,9
2014-01-09 18:00:00,57.571886,8.500922,,4.450196,0.284042,OSO,1.132798,15.879217,70.73793,1,18,3,2014,9
2014-01-09 19:00:00,62.005344,7.610578,,4.937698,0.321417,OSO,0.98061,14.642648,75.690506,1,19,3,2014,9
2014-01-09 20:00:00,61.71275,7.27669,,4.226357,0.467082,SSO,0.746962,13.988159,79.457565,1,20,3,2014,9
2014-01-09 21:00:00,68.76934,7.737022,,4.248913,0.869476,N,0.26758,13.509832,82.844238,1,21,3,2014,9
2014-01-09 22:00:00,76.732448,10.40127,,3.877345,1.265987,OSO,0.83819,12.840961,86.903809,1,22,3,2014,9
2014-01-09 23:00:00,66.450999,10.484648,,3.592621,1.219291,N,0.599021,12.535132,89.242706,1,23,3,2014,9
2014-01-10 00:00:00,58.119198,11.096632,,3.45046,1.371085,NNE,0.868131,11.827598,90.970245,1,0,4,2014,10
2014-01-10 01:00:00,56.745121,11.0436,85.5,3.976445,1.156252,NNE,1.305066,12.096045,91.034012,1,1,4,2014,10
2014-01-10 02:00:00,46.956575,10.539912,85.5,4.124715,0.869113,ESE,1.347685,11.637936,91.050804,1,2,4,2014,10
2014-01-10 03:00:00,41.999649,9.685668,85.5,4.221249,0.573461,E,1.079997,11.752235,91.392555,1,3,4,2014,10
2014-01-10 04:00:00,39.560655,9.342744,85.5,4.042946,0.497666,ESE,1.236253,11.468454,90.565277,1,4,4,2014,10
2014-01-10 05:00:00,23.135871,11.572136,85.5,8.17848,0.155935,ESE,3.399848,13.95424,65.363686,1,5,4,2014,10
2014-01-10 06:00:00,6.251684,6.477792,85.5,6.272145,0.0,NNE,5.922573,17.594082,34.845539,1,6,4,2014,10
2014-01-10 07:00:00,13.713305,6.404674,85.5,5.016233,0.001385,ENE,3.701181,16.436537,37.489414,1,7,4,2014,10
2014-01-10 08:00:00,38.977234,6.680726,85.5,5.637598,0.097638,SSE,1.726099,14.68813,43.206753,1,8,4,2014,10
2014-01-10 09:00:00,50.076318,7.183822,85.5,6.973845,0.35821,NNE,2.274003,15.22795,44.227509,1,9,4,2014,10
2014-01-10 10:00:00,47.027374,7.294684,85.5,10.671424,0.212862,NNE,2.47255,16.54236,42.417847,1,10,4,2014,10
2014-01-10 11:00:00,46.039834,7.408352,85.5,8.093323,0.321521,NE,3.508177,18.244534,38.487782,1,11,4,2014,10
2014-01-10 12:00:00,32.003694,7.237278,85.5,4.514468,0.10429,NE,3.092405,19.282692,38.747009,1,12,4,2014,10
2014-01-10 13:00:00,43.28422,7.036362,85.5,7.293482,0.189573,E,1.844329,18.904724,41.463058,1,13,4,2014,10
2014-01-10 14:00:00,46.719075,6.975082,85.5,7.758948,0.244316,NNE,2.202834,19.159132,40.691929,1,14,4,2014,10
2014-01-10 15:00:00,35.806266,6.640424,85.5,4.541643,0.150925,NE,1.941015,19.713568,39.103745,1,15,4,2014,10
2014-01-10 16:00:00,42.006571,6.640816,85.5,4.050542,0.215733,E,1.341705,19.440266,42.650753,1,16,4,2014,10
2014-01-10 17:00:00,49.621157,7.043946,85.5,3.72025,0.314938,E,1.424237,18.799278,48.650276,1,17,4,2014,10
2014-01-10 18:00:00,40.412849,7.852832,85.5,3.515237,0.257376,ESE,1.984634,17.579769,56.348083,1,18,4,2014,10
2014-01-10 19:00:00,46.269673,7.57934,85.5,3.05801,0.363329,E,1.831783,16.44132,70.121658,1,19,4,2014,10
2014-01-10 20:00:00,43.301076,7.268814,85.5,2.868143,0.345087,SE,1.806013,15.747995,79.593536,1,20,4,2014,10
2014-01-10 21:00:00,41.841902,7.30247,85.5,2.78237,0.301054,SE,1.990136,15.688337,82.114365,1,21,4,2014,10
2014-01-10 22:00:00,34.138994,6.944106,85.5,2.681697,0.210231,ENE,1.666878,15.653063,85.811172,1,22,4,2014,10
2014-01-10 23:00:00,31.068571,6.66067,85.5,2.565568,0.143069,S,1.267383,14.930025,87.993927,1,23,4,2014,10
2014-01-11 00:00:00,45.989506,7.237572,85.5,2.892561,0.324046,ESE,1.041212,14.294598,90.48053,1,0,5,2014,11
2014-01-11 01:00:00,26.949889,6.83984,64.699982,3.496071,0.090098,NNE,3.123132,13.917712,91.553413,1,1,5,2014,11
2014-01-11 02:00:00,11.406854,6.609026,64.699982,3.024389,0.014029,NE,3.513882,13.909405,90.092514,1,2,5,2014,11
2014-01-11 03:00:00,6.986453,6.253426,64.699982,2.920751,0.006136,NE,2.329926,13.740536,83.499352,1,3,5,2014,11
2014-01-11 04:00:00,9.24506,6.342984,64.699982,2.923546,0.009395,NNE,1.70136,13.124132,81.192467,1,4,5,2014,11
2014-01-11 05:00:00,7.859489,6.197494,64.699982,2.89185,0.002176,NNE,2.613778,12.990364,80.24617,1,5,5,2014,11
2014-01-11 06:00:00,5.780487,6.14501,64.699982,2.731784,0.0,NE,3.733228,12.929719,74.838783,1,6,5,2014,11
2014-01-11 07:00:00,10.767424,6.236486,64.699982,2.494117,0.0013,NE,3.187733,12.212995,75.702583,1,7,5,2014,11
2014-01-11 08:00:00,18.815067,6.116456,64.699982,2.493847,0.016253,NE,3.163798,12.257663,76.844482,1,8,5,2014,11
2014-01-11 09:00:00,28.571991,6.422812,64.699982,2.845013,0.088485,NNE,2.343456,11.658047,80.464378,1,9,5,2014,11
2014-01-11 10:00:00,23.737593,6.378956,64.699982,3.574286,0.083581,NNE,3.360584,13.230833,80.130539,1,10,5,2014,11
2014-01-11 11:00:00,18.793232,6.215026,64.699982,3.01192,0.068258,NNE,3.362393,15.219944,77.018883,1,11,5,2014,11
2014-01-11 12:00:00,19.090593,6.547376,64.699982,3.671416,0.049341,NE,2.922774,16.867788,75.115547,1,12,5,2014,11
2014-01-11 13:00:00,18.065855,6.303866,64.699982,5.111854,0.092501,SE,2.385772,17.266476,72.410866,1,13,5,2014,11
2014-01-11 14:00:00,16.599178,6.432544,64.699982,4.813164,0.112001,SE,2.487684,17.455698,70.435898,1,14,5,2014,11
2014-01-11 15:00:00,10.533296,6.37638,64.699982,4.249527,0.066021,SE,3.396608,17.194271,71.947151,1,15,5,2014,11
2014-01-11 16:00:00,10.21887,6.386226,64.699982,3.05621,0.079809,SE,2.914791,16.921003,74.581703,1,16,5,2014,11
2014-01-11 17:00:00,14.331843,6.700302,64.699982,2.835983,0.139,SE,2.688182,16.622601,76.842117,1,17,5,2014,11
2014-01-11 18:00:00,18.285497,6.03988,64.699982,2.653358,0.092566,SE,2.089709,15.854561,83.092995,1,18,5,2014,11
2014-01-11 19:00:00,31.467148,6.158014,64.699982,2.394416,0.167005,ESE,1.06732,15.333635,88.439171,1,19,5,2014,11
2014-01-11 20:00:00,47.5987,6.457626,64.699982,2.39181,0.328448,ENE,0.671403,15.017228,90.758202,1,20,5,2014,11
2014-01-11 21:00:00,24.61907,6.363026,64.699982,2.345221,0.124578,N,0.630486,14.60032,92.156181,1,21,5,2014,11
2014-01-11 22:00:00,45.882419,6.672572,64.699982,2.23821,0.366102,S,1.156731,14.08774,93.233917,1,22,5,2014,11
2014-01-11 23:00:00,32.868926,6.87605,64.699982,2.213951,0.191968,N,1.603386,12.851442,93.897095,1,23,5,2014,11
2014-01-12 00:00:00,30.343428,6.503298,64.699982,2.16588,0.183384,N,1.510982,12.2076,94.404053,1,0,6,2014,12
2014-01-12 01:00:00,23.149471,6.686528,73.199982,2.072216,0.162017,E,1.220215,11.686265,94.894073,1,1,6,2014,12
2014-01-12 02:00:00,22.604573,6.66266,73.199982,2.228024,0.177918,NNE,1.386706,11.612938,95.13562,1,2,6,2014,12
2014-01-12 03:00:00,18.22703,6.743668,73.199982,2.274704,0.13064,NNE,1.028004,10.97863,95.09771,1,3,6,2014,12
2014-01-12 04:00:00,14.169623,7.21891,73.199982,2.225643,0.065069,NNE,1.076307,10.68396,94.907234,1,4,6,2014,12
2014-01-12 05:00:00,19.335072,8.020626,73.199982,2.590036,0.093336,NNE,1.20512,10.493077,94.363281,1,5,6,2014,12
2014-01-12 06:00:00,19.416884,6.870162,73.199982,2.776936,0.107966,NNE,2.517128,10.153063,93.097061,1,6,6,2014,12
2014-01-12 07:00:00,17.699331,6.804974,73.199982,2.444433,0.107813,O,1.697797,9.125187,91.017563,1,7,6,2014,12
2014-01-12 08:00:00,22.370927,7.03186,73.199982,2.56301,0.17986,E,1.495562,8.81858,90.769257,1,8,6,2014,12
2014-01-12 09:00:00,24.033927,7.547424,73.199982,2.760401,0.247208,NNE,2.220381,9.799314,86.912766,1,9,6,2014,12
2014-01-12 10:00:00,25.20401,6.903532,73.199982,3.165392,0.293976,NE,1.332906,12.472523,74.208855,1,10,6,2014,12
2014-01-12 11:00:00,19.602586,6.739152,73.199982,3.494109,0.201971,ESE,1.400634,14.910419,69.23822,1,11,6,2014,12
2014-01-12 12:00:00,14.152091,6.535582,73.199982,3.465187,0.15738,ESE,1.421708,15.887325,61.484089,1,12,6,2014,12
2014-01-12 13:00:00,19.61997,6.671388,73.199982,3.495802,0.196555,ESE,1.309216,17.501657,59.152145,1,13,6,2014,12
2014-01-12 14:00:00,17.362461,6.428898,73.199982,2.855432,0.178794,SSE,2.823229,16.802023,64.480453,1,14,6,2014,12
2014-01-12 15:00:00,11.951648,6.905264,73.199982,2.667405,0.095226,SSE,2.419307,16.437822,68.678223,1,15,6,2014,12
2014-01-12 16:00:00,11.282918,6.45744,73.199982,2.53505,0.054295,S,1.889726,16.797205,68.623077,1,16,6,2014,12
2014-01-12 17:00:00,10.336818,7.012284,73.199982,2.350516,0.031474,S,2.75056,16.20919,69.072403,1,17,6,2014,12
2014-01-12 18:00:00,10.698957,6.361652,73.199982,2.178485,0.036082,S,1.487183,15.30423,82.479477,1,18,6,2014,12
2014-01-12 19:00:00,28.071771,6.077772,73.199982,2.124073,0.167142,S,0.644301,14.493688,88.780113,1,19,6,2014,12
2014-01-12 20:00:00,33.907607,6.174338,73.199982,2.035915,0.111754,SSO,0.821835,14.530692,90.950272,1,20,6,2014,12
2014-01-12 21:00:00,24.123298,5.891552,73.199982,1.987086,0.098368,ONO,0.560908,14.031473,92.076714,1,21,6,2014,12
2014-01-12 22:00:00,47.870354,6.370996,73.199982,2.091214,0.318842,S,1.387716,13.312875,93.572144,1,22,6,2014,12
2014-01-12 23:00:00,50.119452,7.509494,73.199982,2.244666,0.547339,NNE,1.145581,12.41432,94.605209,1,23,6,2014,12
2014-01-13 00:00:00,43.669136,8.115356,73.199982,2.495193,0.431751,NNE,0.901462,11.891527,94.84903,1,0,0,2014,13
2014-01-13 01:00:00,35.1864,7.816314,57.0,2.383109,0.285017,NNE,1.046615,11.39221,95.005692,1,1,0,2014,13
2014-01-13 02:00:00,30.252755,7.899824,57.0,2.234491,0.201453,O,0.826104,10.465637,95.093643,1,2,0,2014,13
2014-01-13 03:00:00,27.771911,7.699954,57.0,2.219443,0.195042,ESE,0.695078,10.268785,95.557404,1,3,0,2014,13
2014-01-13 04:00:00,24.453361,7.522594,57.0,2.158412,0.208479,NNE,1.178366,9.645199,95.736488,1,4,0,2014,13
2014-01-13 05:00:00,21.529777,7.691332,57.0,1.812158,0.159501,NNE,1.134219,9.036766,95.912796,1,5,0,2014,13
2014-01-13 06:00:00,17.357306,7.270896,57.0,2.140205,0.104688,NNE,1.458778,8.535308,96.045372,1,6,0,2014,13
2014-01-13 07:00:00,22.33087,7.49436,57.0,2.390272,0.137352,NNE,1.618175,8.901201,96.041412,1,7,0,2014,13
2014-01-13 08:00:00,30.184443,7.690276,57.0,2.863773,0.336432,NNE,1.953047,9.346189,96.009354,1,8,0,2014,13
2014-01-13 09:00:00,32.628009,8.01719,57.0,3.831989,0.406176,NNE,2.208805,9.596019,95.670013,1,9,0,2014,13
2014-01-13 10:00:00,29.913841,8.141228,57.0,3.694458,0.341571,NNE,2.432324,10.408795,94.945557,1,10,0,2014,13
2014-01-13 11:00:00,31.688976,7.218818,57.0,4.00421,0.345855,NNE,2.352954,12.22805,93.326172,1,11,0,2014,13
2014-01-13 12:00:00,29.059174,6.854802,57.0,3.701803,0.202791,NNE,2.433147,14.261457,87.68071,1,12,0,2014,13
2014-01-13 13:00:00,20.183122,6.787966,57.0,3.258687,0.085193,E,2.674184,15.899935,81.012611,1,13,0,2014,13
2014-01-13 14:00:00,17.891133,6.614756,57.0,2.644865,0.051804,ESE,3.420038,15.53907,82.00898,1,14,0,2014,13
2014-01-13 15:00:00,11.307909,6.54902,57.0,2.425933,0.022238,S,3.617742,13.218656,89.143799,1,15,0,2014,13
2014-01-13 16:00:00,12.135376,6.939632,57.0,2.225522,0.027013,S,2.209392,12.760002,92.553474,1,16,0,2014,13
2014-01-13 17:00:00,19.056642,7.927852,57.0,2.150114,0.050278,S,1.555279,12.439489,92.746971,1,17,0,2014,13
2014-01-13 18:00:00,18.747867,6.940644,57.0,1.971774,0.039819,S,2.664879,11.946948,91.885391,1,18,0,2014,13
2014-01-13 19:00:00,22.57127,6.120744,57.0,1.93645,0.061478,NNO,0.692454,11.356125,92.211777,1,19,0,2014,13
2014-01-13 20:00:00,43.067153,6.461064,57.0,1.94458,0.239137,NO,0.846777,11.731887,91.338341,1,20,0,2014,13
2014-01-13 21:00:00,58.792678,6.723188,57.0,2.239246,0.357435,ONO,1.361579,11.871144,92.62986,1,21,0,2014,13
2014-01-13 22:00:00,54.288698,7.8474,57.0,2.760575,0.280613,OSO,1.132624,11.415815,93.866364,1,22,0,2014,13
2014-01-13 23:00:00,38.465777,6.760108,57.0,2.490528,0.207956,SO,1.144845,11.014782,94.620209,1,23,0,2014,13
2014-01-14 00:00:00,47.908486,6.846252,57.0,2.221715,0.344982,E,0.942279,10.563353,94.839493,1,0,1,2014,14
2014-01-14 01:00:00,39.179881,6.962022,33.0,2.042734,0.194154,NNE,0.730266,10.23263,95.12088,1,1,1,2014,14
2014-01-14 02:00:00,28.773203,6.598368,33.0,2.025385,0.13727,NNE,0.948032,10.005696,95.553726,1,2,1,2014,14
2014-01-14 03:00:00,22.540723,6.520482,33.0,1.953324,0.116109,E,0.816056,9.558133,95.931885,1,3,1,2014,14
2014-01-14 04:00:00,20.438072,6.3477,33.0,1.901497,0.146753,NNE,1.34132,9.227243,96.317352,1,4,1,2014,14
2014-01-14 05:00:00,22.451257,6.668688,33.0,1.844257,0.114248,NNE,1.521254,8.791616,96.625626,1,5,1,2014,14
2014-01-14 06:00:00,12.753672,5.956632,33.0,1.817998,0.06559,NNE,1.491285,8.259361,96.720993,1,6,1,2014,14
2014-01-14 07:00:00,13.175233,7.470554,33.0,1.808586,0.024331,NNE,1.834974,7.961268,96.739952,1,7,1,2014,14
2014-01-14 08:00:00,22.751886,6.028886,33.0,1.834942,0.038053,NNE,2.315867,7.437561,96.711975,1,8,1,2014,14
2014-01-14 09:00:00,22.713046,6.181248,33.0,1.881885,0.061337,NNE,1.94963,7.336929,96.449966,1,9,1,2014,14
2014-01-14 10:00:00,19.174445,6.30715,33.0,1.887658,0.081968,NNE,2.314432,9.190443,95.807922,1,10,1,2014,14
2014-01-14 11:00:00,17.32065,5.982072,33.0,2.107717,0.043921,ESE,2.237115,11.676365,92.169235,1,11,1,2014,14
2014-01-14 12:00:00,10.64779,5.903604,33.0,2.739348,0.006907,NNE,2.020996,14.06318,69.78598,1,12,1,2014,14
2014-01-14 13:00:00,8.843948,6.1537,33.0,3.113199,0.002646,SE,1.383539,14.894855,61.856049,1,13,1,2014,14
2014-01-14 14:00:00,7.962033,5.898514,33.0,2.752751,0.000146,SE,1.394977,15.276213,58.173546,1,14,1,2014,14
2014-01-14 15:00:00,7.403704,6.217352,33.0,2.500546,0.000109,SE,2.069769,15.470182,56.459839,1,15,1,2014,14
2014-01-14 16:00:00,7.870251,6.24019,33.0,2.157918,7e-06,SSE,2.437231,15.254271,56.269123,1,16,1,2014,14
2014-01-14 17:00:00,12.783905,6.589286,33.0,2.121846,0.008825,SE,2.24161,14.878813,61.075089,1,17,1,2014,14
2014-01-14 18:00:00,20.709759,6.13563,33.0,2.10172,0.054754,SE,1.56585,14.32407,64.422119,1,18,1,2014,14
2014-01-14 19:00:00,53.579133,6.19528,33.0,2.092177,0.284355,NO,0.855668,13.65296,68.669716,1,19,1,2014,14
2014-01-14 20:00:00,70.591469,6.921244,33.0,2.023198,0.571751,SSE,1.050631,12.866363,72.734489,1,20,1,2014,14
2014-01-14 21:00:00,84.865452,8.571906,33.0,2.322438,1.229448,SO,0.500708,11.424123,81.266373,1,21,1,2014,14
2014-01-14 22:00:00,74.958311,10.33087,33.0,2.388814,1.321455,SSO,0.98671,11.066948,84.283569,1,22,1,2014,14
2014-01-14 23:00:00,55.175249,9.434516,33.0,2.162107,0.583509,NNE,1.451637,10.585873,85.584114,1,23,1,2014,14
2014-01-15 00:00:00,49.344549,8.89642,33.0,2.173225,0.535144,NNE,1.060723,9.983072,86.209259,1,0,2,2014,15
2014-01-15 01:00:00,40.737971,8.196844,35.299992,2.148165,0.296991,S,1.064018,9.286868,87.938705,1,1,2,2014,15
2014-01-15 02:00:00,31.04798,7.693518,35.299992,2.24323,0.187622,NE,0.821812,9.150964,89.185425,1,2,2,2014,15
2014-01-15 03:00:00,15.986508,7.303292,35.299992,2.316172,0.070817,NNE,1.60194,8.596561,88.749985,1,3,2,2014,15
2014-01-15 04:00:00,13.823571,8.408412,35.299992,2.219181,0.048011,NNE,1.137886,8.213778,89.515808,1,4,2,2014,15
2014-01-15 05:00:00,13.229644,7.29633,35.299992,2.137525,0.043745,NNE,1.205574,8.144011,88.877899,1,5,2,2014,15
2014-01-15 06:00:00,12.01292,6.876118,35.299992,2.142243,0.014093,ESE,1.11084,7.849512,88.485992,1,6,2,2014,15
2014-01-15 07:00:00,24.6925,7.617566,35.299992,2.127243,0.088705,NNE,1.331644,7.683287,89.325928,1,7,2,2014,15
2014-01-15 08:00:00,26.931171,7.47847,35.299992,2.223392,0.11792,NNE,1.914514,7.393875,89.286316,1,8,2,2014,15
2014-01-15 09:00:00,33.760538,7.173182,35.299992,4.228834,0.309134,NNE,1.504509,8.417109,88.501457,1,9,2,2014,15
2014-01-15 10:00:00,29.933876,7.46498,35.299992,5.793959,0.176262,N,2.012727,10.967945,81.326004,1,10,2,2014,15
2014-01-15 11:00:00,22.301571,6.9341,35.299992,6.784024,0.107618,NNE,2.499822,13.070169,75.410965,1,11,2,2014,15
2014-01-15 12:00:00,13.122187,6.32485,35.299992,5.413123,0.005756,NO,1.354283,15.268513,70.129654,1,12,2,2014,15
2014-01-15 13:00:00,22.233061,6.466828,35.299992,9.069523,0.088872,SO,1.315014,16.266914,67.737381,1,13,2,2014,15
2014-01-15 14:00:00,33.41693,6.632354,35.299992,7.758318,0.174012,SO,1.071747,16.950581,66.475266,1,14,2,2014,15
2014-01-15 15:00:00,16.179394,6.622242,35.299992,4.515808,0.045588,S,1.970559,16.518143,70.106689,1,15,2,2014,15
2014-01-15 16:00:00,14.19664,6.75987,35.299992,4.107031,0.020234,S,2.548441,15.929484,72.206245,1,16,2,2014,15
2014-01-15 17:00:00,12.728308,6.522158,35.299992,3.099865,0.030139,S,2.589936,15.281813,78.203117,1,17,2,2014,15
2014-01-15 18:00:00,15.765715,6.87982,35.299992,2.688639,0.072835,S,2.522685,14.462077,85.086411,1,18,2,2014,15
2014-01-15 19:00:00,25.451429,6.49698,35.299992,2.44254,0.171543,S,1.530053,14.16012,88.687416,1,19,2,2014,15
2014-01-15 20:00:00,43.54469,6.624034,35.299992,2.380073,0.252685,S,0.57508,13.773637,90.433716,1,20,2,2014,15
2014-01-15 21:00:00,57.983578,6.654764,35.299992,2.306987,0.386149,N,0.321971,13.297243,91.870071,1,21,2,2014,15
2014-01-15 22:00:00,65.97602,9.221642,35.299992,2.239222,0.585823,ESE,0.549305,12.948134,93.647095,1,22,2,2014,15
2014-01-15 23:00:00,69.528789,8.234304,35.299992,2.39169,0.810995,NNE,1.337242,12.728935,94.242966,1,23,2,2014,15
2014-01-16 00:00:00,43.904986,8.21775,35.299992,2.42302,0.294736,NNE,1.281344,12.079565,94.541161,1,0,3,2014,16
2014-01-16 01:00:00,37.736347,7.578778,27.5,2.435299,0.26438,NNE,1.265828,11.480662,94.6633,1,1,3,2014,16
2014-01-16 02:00:00,30.409172,7.61933,27.5,2.642179,0.156336,NNE,1.435441,10.827158,94.821457,1,2,3,2014,16
2014-01-16 03:00:00,29.043631,7.595796,27.5,2.976684,0.04777,NNE,1.681956,10.6882,94.940712,1,3,3,2014,16
2014-01-16 04:00:00,15.677466,6.989112,27.5,3.175661,0.014854,NNE,1.533127,10.584852,95.023666,1,4,3,2014,16
2014-01-16 05:00:00,9.709537,6.956848,27.5,3.105947,0.000216,ESE,1.903284,10.505727,95.351913,1,5,3,2014,16
2014-01-16 06:00:00,10.042985,7.020664,27.5,2.641968,0.019468,NNE,2.577619,10.363617,96.000206,1,6,3,2014,16
2014-01-16 07:00:00,15.434718,6.894956,27.5,2.378957,0.027956,NNE,2.629731,10.324105,96.641762,1,7,3,2014,16
2014-01-16 08:00:00,30.249048,6.866584,27.5,2.890825,0.132492,NNE,2.664036,10.325867,96.958885,1,8,3,2014,16
2014-01-16 09:00:00,37.014774,7.315864,27.5,3.422174,0.28624,NNE,2.091073,10.660489,97.126648,1,9,3,2014,16
2014-01-16 10:00:00,35.308824,8.133664,27.5,3.814482,0.241468,NNE,1.757939,11.441694,96.998131,1,10,3,2014,16
2014-01-16 11:00:00,39.234155,6.645654,27.5,3.39271,0.200389,NE,2.304561,12.805485,96.35601,1,11,3,2014,16
2014-01-16 12:00:00,30.454636,6.853944,27.5,3.176745,0.123738,NE,2.763603,13.705873,94.042923,1,12,3,2014,16
2014-01-16 13:00:00,22.06481,6.673806,27.5,2.853592,0.03854,ENE,2.68785,14.558132,87.555817,1,13,3,2014,16
2014-01-16 14:00:00,19.053057,6.736386,27.5,2.711713,0.051569,E,3.101625,14.756135,86.039505,1,14,3,2014,16
2014-01-16 15:00:00,22.731325,6.964936,27.5,2.59803,0.090366,E,2.829299,13.379388,89.334351,1,15,3,2014,16
2014-01-16 16:00:00,25.284162,10.059218,27.5,2.479501,0.074933,E,2.18748,13.570814,92.776993,1,16,3,2014,16
2014-01-16 17:00:00,25.651023,8.037792,27.5,2.322475,0.063953,E,2.05092,13.365683,93.117485,1,17,3,2014,16
2014-01-16 18:00:00,27.379983,7.457518,27.5,2.219411,0.09942,E,2.085563,13.11589,92.000191,1,18,3,2014,16
2014-01-16 19:00:00,29.991163,8.22894,27.5,2.246931,0.160378,SE,2.085493,12.635662,91.823425,1,19,3,2014,16
2014-01-16 20:00:00,29.501162,7.88857,27.5,2.222885,0.185485,SE,1.41015,12.090927,93.77903,1,20,3,2014,16
2014-01-16 21:00:00,35.92571,6.461362,27.5,2.13121,0.175065,ESE,1.466382,11.680092,94.880783,1,21,3,2014,16
2014-01-16 22:00:00,39.360536,6.65157,27.5,2.12297,0.227376,E,1.320605,11.476595,95.417168,1,22,3,2014,16
2014-01-16 23:00:00,47.327505,7.134292,27.5,2.240384,0.331505,NNE,1.005095,11.399096,95.933815,1,23,3,2014,16
2014-01-17 00:00:00,39.667298,7.076102,27.5,2.75622,0.15073,NNE,1.048968,11.31715,96.066269,1,0,4,2014,17
2014-01-17 01:00:00,23.083038,6.675206,9.8,3.273572,0.104493,NNE,1.663437,11.315186,96.141022,1,1,4,2014,17
2014-01-17 02:00:00,12.809744,6.677154,9.8,3.349131,6.8e-05,NNE,1.814262,10.905435,96.08828,1,2,4,2014,17
2014-01-17 03:00:00,13.642257,6.299772,9.8,4.222554,0.000508,NNE,1.908713,10.412255,95.918488,1,3,4,2014,17
2014-01-17 04:00:00,6.853111,6.384908,9.8,3.769576,0.0,NNE,2.143542,10.160558,95.442986,1,4,4,2014,17
2014-01-17 05:00:00,4.334142,6.362772,9.8,2.681818,0.0,NNE,2.898141,10.269093,94.88942,1,5,4,2014,17
2014-01-17 06:00:00,6.083163,6.19443,9.8,2.557369,0.0,NNE,2.829618,10.338347,93.843132,1,6,4,2014,17
2014-01-17 07:00:00,16.085118,6.004028,9.8,2.355178,0.004242,NNE,2.983484,10.616435,90.206375,1,7,4,2014,17
2014-01-17 08:00:00,36.516756,7.275094,9.8,2.181358,0.126047,NE,2.704773,10.724083,88.537292,1,8,4,2014,17
2014-01-17 09:00:00,37.036028,6.572248,9.8,2.459834,0.142428,NE,3.004081,11.001525,87.471329,1,9,4,2014,17
2014-01-17 10:00:00,32.767184,6.696948,9.8,2.669752,0.101269,NNE,3.857694,11.348321,87.538254,1,10,4,2014,17
2014-01-17 11:00:00,26.142784,6.465738,9.8,2.836875,0.050816,NE,4.576532,12.835127,80.382713,1,11,4,2014,17
2014-01-17 12:00:00,17.073027,6.9518,9.8,2.644664,0.036111,NE,5.229828,13.784555,74.569427,1,12,4,2014,17
2014-01-17 13:00:00,15.058499,6.814842,9.8,2.581818,0.032095,NE,5.396394,14.3278,71.946625,1,13,4,2014,17
2014-01-17 14:00:00,8.898413,7.496026,9.8,2.564978,,ENE,5.456059,14.498808,68.455658,1,14,4,2014,17
2014-01-17 15:00:00,14.39112,8.065834,9.8,2.392192,,E,4.307395,10.93318,83.517601,1,15,4,2014,17
2014-01-17 16:00:00,19.756826,6.8902,9.8,2.058495,,NNE,6.031853,10.187016,88.352524,1,16,4,2014,17
2014-01-17 17:00:00,26.048107,6.705,9.8,2.735033,,NNE,5.115436,10.306467,86.431114,1,17,4,2014,17
2014-01-17 18:00:00,29.340624,6.732536,9.8,2.681372,,NE,5.281271,11.035709,78.025772,1,18,4,2014,17
2014-01-17 19:00:00,32.805519,6.71891,9.8,2.548181,,NE,5.752529,11.110835,75.208481,1,19,4,2014,17
2014-01-17 20:00:00,22.974764,6.92675,9.8,2.608155,,NNE,5.197494,10.430873,84.526276,1,20,4,2014,17
2014-01-17 21:00:00,18.94822,6.768226,9.8,2.456934,,NE,6.229023,10.517225,84.736229,1,21,4,2014,17
2014-01-17 22:00:00,9.016319,7.229054,9.8,2.394857,,NE,6.776587,10.450581,84.800293,1,22,4,2014,17
2014-01-17 23:00:00,5.0446,7.056712,9.8,2.460784,,NE,6.801271,10.16551,85.268471,1,23,4,2014,17
2014-01-18 00:00:00,3.660557,10.269244,9.8,2.33441,,NE,5.821902,10.042358,85.350769,1,0,5,2014,18
2014-01-18 01:00:00,2.849938,6.852826,15.1,2.368464,,NE,5.375568,10.004068,87.080818,1,1,5,2014,18
2014-01-18 02:00:00,2.087844,6.75313,15.1,2.242728,,NE,4.831475,10.06776,87.613548,1,2,5,2014,18
2014-01-18 03:00:00,1.891362,6.889916,15.1,2.378599,,NE,4.899928,10.079227,88.08963,1,3,5,2014,18
2014-01-18 04:00:00,1.88283,6.901396,15.1,2.407155,,NE,4.665726,10.32112,86.875015,1,4,5,2014,18
2014-01-18 05:00:00,1.818389,6.545226,15.1,2.304197,,NE,4.711266,10.075057,87.752129,1,5,5,2014,18
2014-01-18 06:00:00,2.064867,6.441844,15.1,2.345032,,NE,4.877783,10.06332,89.300369,1,6,5,2014,18
2014-01-18 07:00:00,6.013799,6.162888,15.1,2.373181,,NE,4.17912,9.768655,89.689484,1,7,5,2014,18
2014-01-18 08:00:00,14.119969,8.46438,15.1,2.339732,,NE,4.401973,9.691901,89.909164,1,8,5,2014,18
2014-01-18 09:00:00,27.227984,6.58067,15.1,2.433676,,NE,3.903819,9.84293,91.101028,1,9,5,2014,18
2014-01-18 10:00:00,22.670814,6.700218,15.1,2.286278,,E,2.522917,10.614773,89.18454,1,10,5,2014,18
2014-01-18 11:00:00,37.689096,7.26724,15.1,2.506182,,NNE,2.140462,10.783472,88.302094,1,11,5,2014,18
2014-01-18 12:00:00,21.512627,7.538622,15.1,2.465112,0.043548,NNE,2.519064,10.977918,85.602142,1,12,5,2014,18
2014-01-18 13:00:00,22.475156,6.467782,15.1,2.396752,,ENE,3.103931,12.176838,84.709839,1,13,5,2014,18
2014-01-18 14:00:00,12.726774,7.16763,15.1,2.499739,,SE,4.143862,14.498913,64.259995,1,14,5,2014,18
2014-01-18 15:00:00,8.520922,7.69595,15.1,2.407149,,SE,4.675267,14.811655,62.523842,1,15,5,2014,18
2014-01-18 16:00:00,9.788231,7.649736,15.1,2.351715,0.012903,ESE,4.106861,14.490467,63.727745,1,16,5,2014,18
2014-01-18 17:00:00,14.669159,7.278146,15.1,2.308148,0.051618,ESE,3.463949,14.074002,65.883621,1,17,5,2014,18
2014-01-18 18:00:00,20.241835,7.12072,15.1,2.381776,0.091488,ESE,2.832632,13.843573,67.433174,1,18,5,2014,18
2014-01-18 19:00:00,25.809659,6.702534,15.1,2.296264,0.11127,E,2.258845,12.542088,74.420937,1,19,5,2014,18
2014-01-18 20:00:00,30.036382,9.687026,15.1,2.283379,0.116577,NE,3.22831,11.938912,80.607437,1,20,5,2014,18
2014-01-18 21:00:00,20.041506,6.93819,15.1,2.474326,0.041424,NE,4.45643,11.843742,80.284691,1,21,5,2014,18
2014-01-18 22:00:00,11.506344,6.776788,15.1,2.350591,0.002883,NE,5.420746,11.971709,81.044395,1,22,5,2014,18
2014-01-18 23:00:00,6.85151,7.01631,15.1,2.259311,5.8e-05,NE,5.701657,12.051787,81.899803,1,23,5,2014,18
2014-01-19 00:00:00,3.724553,6.86329,15.1,2.210744,0.0,NE,6.674842,12.061658,82.333977,1,0,6,2014,19
2014-01-19 01:00:00,2.326095,7.013378,26.29999,2.270648,,NE,7.316735,12.11735,85.615341,1,1,6,2014,19
2014-01-19 02:00:00,1.581213,9.14799,26.29999,2.414865,,NE,7.792459,12.198275,86.972588,1,2,6,2014,19
2014-01-19 03:00:00,0.55149,7.53355,26.29999,2.35046,,NE,6.863643,11.936335,89.542999,1,3,6,2014,19
2014-01-19 04:00:00,0.74982,6.93704,26.29999,2.286588,,NE,5.775539,12.43959,91.295441,1,4,6,2014,19
2014-01-19 05:00:00,1.71968,6.478168,26.29999,2.314559,,ENE,5.363015,13.353952,91.646301,1,5,6,2014,19
2014-01-19 06:00:00,0.809166,6.510478,26.29999,2.250885,,ENE,5.491122,13.972762,92.033005,1,6,6,2014,19
2014-01-19 07:00:00,1.34315,11.368704,26.29999,2.205028,0.0,E,5.632806,14.156282,88.567627,1,7,6,2014,19
2014-01-19 08:00:00,2.270301,6.782412,26.29999,2.178733,0.0,ENE,5.614211,14.265295,87.269836,1,8,6,2014,19
2014-01-19 09:00:00,3.689108,7.396152,26.29999,2.177847,0.0,ESE,4.975438,13.860327,89.764984,1,9,6,2014,19
2014-01-19 10:00:00,6.61365,6.91378,26.29999,2.154039,0.019813,SE,4.486074,14.15944,81.519257,1,10,6,2014,19
2014-01-19 11:00:00,10.113973,7.685022,26.29999,1.930458,0.096021,SE,4.253635,15.083703,71.792557,1,11,6,2014,19
2014-01-19 12:00:00,11.948406,7.784536,26.29999,1.96175,0.132759,SE,4.148122,15.375728,71.599373,1,12,6,2014,19
2014-01-19 13:00:00,12.221183,7.55526,26.29999,2.090119,0.065606,SE,3.826377,15.297685,70.711334,1,13,6,2014,19
2014-01-19 14:00:00,11.180385,8.277188,26.29999,2.104542,0.06019,SSE,3.904732,14.867958,72.695587,1,14,6,2014,19
2014-01-19 15:00:00,11.142934,7.42298,26.29999,2.07286,0.046644,SSE,3.274906,14.94315,69.685516,1,15,6,2014,19
2014-01-19 16:00:00,9.804471,8.32044,26.29999,2.156081,0.033427,SSE,3.503164,14.871318,69.013626,1,16,6,2014,19
2014-01-19 17:00:00,13.526624,7.356228,26.29999,2.09485,0.041848,SSE,2.796175,14.575222,67.091942,1,17,6,2014,19
2014-01-19 18:00:00,17.487144,7.502946,26.29999,1.963686,0.047835,S,2.75934,13.977745,69.477402,1,18,6,2014,19
2014-01-19 19:00:00,35.71083,6.44491,26.29999,1.978358,0.121334,S,0.836444,13.436674,71.526619,1,19,6,2014,19
2014-01-19 20:00:00,41.663251,6.288662,26.29999,2.085673,0.177162,S,0.704948,13.266378,72.421104,1,20,6,2014,19
2014-01-19 21:00:00,39.589599,5.760806,26.29999,1.998231,0.190545,S,0.513107,12.90761,72.525742,1,21,6,2014,19
2014-01-19 22:00:00,39.974908,6.69274,26.29999,2.005757,0.228536,N,0.220019,12.589536,75.732559,1,22,6,2014,19
2014-01-19 23:00:00,50.889247,6.857968,26.29999,2.074553,0.353722,N,0.174509,12.579058,76.512718,1,23,6,2014,19
2014-01-20 00:00:00,60.83617,7.72291,26.29999,1.882403,0.599829,ONO,0.395844,12.348727,79.138847,1,0,0,2014,20
2014-01-20 01:00:00,46.269127,8.11958,42.900002,2.022803,0.643067,E,0.999586,11.727984,83.995148,1,1,0,2014,20
2014-01-20 02:00:00,22.412669,7.529106,42.900002,2.083591,0.199515,SSE,0.980236,11.451052,85.280685,1,2,0,2014,20
2014-01-20 03:00:00,17.738914,6.687034,42.900002,2.003322,0.095744,ESE,0.993604,11.458073,85.497482,1,3,0,2014,20
2014-01-20 04:00:00,20.520791,6.39524,42.900002,2.18705,0.153498,E,1.045734,11.299817000000001,88.112183,1,4,0,2014,20
2014-01-20 05:00:00,10.917508,6.535076,42.900002,2.093835,0.037361,NO,1.185152,10.928397,89.661507,1,5,0,2014,20
2014-01-20 06:00:00,7.470509,7.62232,42.900002,2.07969,0.002195,NNO,0.947308,10.743042,89.006882,1,6,0,2014,20
2014-01-20 07:00:00,19.849682,6.276708,42.900002,2.044435,0.051375,SSO,1.188447,10.550497,87.010109,1,7,0,2014,20
2014-01-20 08:00:00,52.29551,6.613648,42.900002,2.12995,0.227292,NO,0.656367,10.506405,84.497078,1,8,0,2014,20
2014-01-20 09:00:00,64.125744,7.79335,42.900002,2.295597,0.734653,N,0.155871,11.296465,81.418221,1,9,0,2014,20
2014-01-20 10:00:00,62.500804,11.717248,42.900002,2.77267,0.79527,N,0.116785,11.800737,84.365509,1,10,0,2014,20
2014-01-20 11:00:00,74.529125,15.155604,42.900002,3.617137,0.840884,N,0.533554,13.009934,77.533745,1,11,0,2014,20
2014-01-20 12:00:00,22.730691,13.071464,42.900002,5.456775,0.085081,SO,1.488762,14.496468,66.786423,1,12,0,2014,20
2014-01-20 13:00:00,17.463748,11.093134,42.900002,8.984595,0.008842,O,2.407202,15.020514,62.038216,1,13,0,2014,20
2014-01-20 14:00:00,10.539399,7.21261,42.900002,6.332858,0.001384,OSO,2.229399,15.38278,58.486938,1,14,0,2014,20
2014-01-20 15:00:00,7.071746,12.749932,42.900002,4.816242,0.000443,OSO,2.551017,15.442537,54.957428,1,15,0,2014,20
2014-01-20 16:00:00,8.22374,21.684984,42.900002,3.128276,0.0,SO,1.708472,15.523194,55.760002,1,16,0,2014,20
2014-01-20 17:00:00,12.818377,22.924686,42.900002,0.168781,0.144531,OSO,2.091424,14.866467,59.874908,1,17,0,2014,20
2014-01-20 18:00:00,28.355065,19.126192,42.900002,0.048418,,OSO,1.477487,13.723303,64.234764,1,18,0,2014,20
2014-01-20 19:00:00,45.673279,10.625032,42.900002,0.262205,0.37995,O,1.667132,12.694099,70.058884,1,19,0,2014,20
2014-01-20 20:00:00,63.189979,9.631242,42.900002,1.482678,0.506912,O,1.603073,12.286727,72.237274,1,20,0,2014,20
2014-01-20 21:00:00,65.625618,10.175156,42.900002,1.314257,0.550505,O,1.158353,11.563998,72.758408,1,21,0,2014,20
2014-01-20 22:00:00,59.103284,10.149242,42.900002,0.777245,0.585188,O,0.963022,10.737582,75.029327,1,22,0,2014,20
2014-01-20 23:00:00,65.353265,10.752122,42.900002,0.216438,0.86628,O,0.670752,10.142683,78.28904,1,23,0,2014,20
2014-01-21 00:00:00,60.470905,11.438676,42.900002,0.006998,0.919281,NNE,0.968093,9.565765,81.192673,1,0,1,2014,21
2014-01-21 01:00:00,53.229985,11.636696,67.400002,0.02089,0.803244,N,0.234767,9.022114,83.897202,1,1,1,2014,21
2014-01-21 02:00:00,42.776847,11.519662,67.400002,,0.682965,N,0.733945,8.027881,87.121307,1,2,1,2014,21
2014-01-21 03:00:00,43.373037,11.541784,67.400002,,0.64681,SO,0.536492,8.250747,87.839165,1,3,1,2014,21
2014-01-21 04:00:00,32.449704,11.03051,67.400002,0.121239,0.449992,NNE,1.311084,8.146826,85.190948,1,4,1,2014,21
2014-01-21 05:00:00,27.986714,11.120864,67.400002,1.04668,0.36079,E,1.071036,7.692953,84.673378,1,5,1,2014,21
2014-01-21 06:00:00,13.324303,10.518394,67.400002,0.140656,0.261963,OSO,1.298255,7.230126,85.980125,1,6,1,2014,21
2014-01-21 07:00:00,28.430416,9.746756,67.400002,,0.280609,E,1.392283,7.504817,83.153839,1,7,1,2014,21
2014-01-21 08:00:00,53.626471,10.06784,67.400002,,0.639705,E,1.663582,7.450788,82.256332,1,8,1,2014,21
2014-01-21 09:00:00,59.107972,10.502566,67.400002,1.991049,0.590105,O,2.256406,8.453773,79.214752,1,9,1,2014,21
2014-01-21 10:00:00,41.372402,10.263724,67.400002,6.746492,0.434988,O,2.853566,10.018211,74.37043,1,10,1,2014,21
2014-01-21 11:00:00,21.050024,9.932946,67.400002,1.30276,0.26669,NNO,2.772285,12.639832,61.571533,1,11,1,2014,21
2014-01-21 12:00:00,9.283068,23.796455,67.400002,0.478216,0.215558,NNO,2.376943,14.421207,52.340145,1,12,1,2014,21
2014-01-21 13:00:00,9.233045,11.141878,67.400002,0.075382,0.23337,ONO,2.049643,15.32468,48.39679,1,13,1,2014,21
2014-01-21 14:00:00,18.286501,10.211894,67.400002,0.889078,0.274816,SSO,2.106813,15.735682,47.641972,1,14,1,2014,21
2014-01-21 15:00:00,9.913093,11.407924,67.400002,1.065498,0.234784,N,1.279802,16.103819,46.306297,1,15,1,2014,21
2014-01-21 16:00:00,11.19374,11.900386,67.400002,3.738192,0.231049,S,2.328363,15.496637,47.916458,1,16,1,2014,21
2014-01-21 17:00:00,13.265819,10.63161,67.400002,1.188209,0.247423,S,2.291687,14.96113,49.156895,1,17,1,2014,21
2014-01-21 18:00:00,20.19881,18.063967,67.400002,0.148169,0.275013,S,1.30192,14.298429,52.3419,1,18,1,2014,21
2014-01-21 19:00:00,55.883514,10.961572,67.400002,0.019865,0.563902,SSE,1.286968,13.447832,57.319386,1,19,1,2014,21
2014-01-21 20:00:00,86.193922,10.863576,67.400002,0.040301,0.965423,N,0.276534,12.73575,61.75264,1,20,1,2014,21
2014-01-21 21:00:00,111.650057,12.273426,67.400002,0.143633,1.697053,N,0.192728,12.203836,67.516579,1,21,1,2014,21
2014-01-21 22:00:00,114.849218,13.246234,67.400002,0.062246,2.103862,NE,0.81526,11.32675,72.50882,1,22,1,2014,21
2014-01-21 23:00:00,75.718722,13.06166,67.400002,1.695941,1.319958,NNE,1.497566,9.935492,80.322571,1,23,1,2014,21
2014-01-22 00:00:00,53.116497,11.4691,67.400002,0.236527,0.689615,NNE,2.082187,9.662088,81.53215,1,0,2,2014,22
2014-01-22 01:00:00,46.989534,10.559594,30.79999,3.085973,0.412566,NNE,2.272121,9.074177,82.246803,1,1,2,2014,22
2014-01-22 02:00:00,20.103121,10.08196,30.79999,0.710103,0.312212,NNE,1.895391,8.848562,82.635361,1,2,2,2014,22
2014-01-22 03:00:00,17.495884,10.165496,30.79999,0.821393,0.267693,NNE,2.309963,9.168804,81.614426,1,3,2,2014,22
2014-01-22 04:00:00,14.927971,9.952904,30.79999,0.72117,0.281683,NNE,2.378135,9.513771,80.329254,1,4,2,2014,22
2014-01-22 05:00:00,11.646449,10.163098,30.79999,0.128884,0.265159,NNE,1.970222,9.902388,80.161301,1,5,2,2014,22
2014-01-22 06:00:00,12.613546,9.758876,30.79999,0.059661,0.237389,NE,2.67439,10.595881,76.599915,1,6,2,2014,22
2014-01-22 07:00:00,21.340268,9.671508,30.79999,0.312235,0.264772,NE,3.455982,10.870094,76.249283,1,7,2,2014,22
2014-01-22 08:00:00,37.45498,9.673224,30.79999,0.75286,0.368145,NNE,3.748192,10.724592,79.121658,1,8,2,2014,22
2014-01-22 09:00:00,42.637115,9.38767,30.79999,0.833521,0.374377,NNE,4.107543,10.469982,83.523842,1,9,2,2014,22
2014-01-22 10:00:00,45.036888,9.955184,30.79999,0.459203,0.390778,NE,3.304053,10.52445,87.968155,1,10,2,2014,22
2014-01-22 11:00:00,39.198315,10.133314,30.79999,0.26814,0.380854,NE,3.41725,10.682808,89.931007,1,11,2,2014,22
2014-01-22 12:00:00,34.687173,10.050902,30.79999,0.002187,0.374941,NE,4.014797,10.834925,92.05925,1,12,2,2014,22
2014-01-22 13:00:00,39.303905,9.89493,30.79999,0.020231,0.397466,NE,2.996113,11.325293,92.661392,1,13,2,2014,22
2014-01-22 14:00:00,35.594894,9.902594,30.79999,0.004251,0.401714,NE,3.367666,11.815354,93.043808,1,14,2,2014,22
2014-01-22 15:00:00,33.768447,9.976934,30.79999,0.014383,0.39554,NE,2.823713,12.199696,93.072769,1,15,2,2014,22
2014-01-22 16:00:00,33.234735,9.60448,30.79999,0.000713,0.316789,NNE,2.661466,12.575665,93.489822,1,16,2,2014,22
2014-01-22 17:00:00,40.858341,10.718114,30.79999,0.01261,0.368547,NNE,2.066619,12.678738,94.599068,1,17,2,2014,22
2014-01-22 18:00:00,52.595638,9.550164,30.79999,0.024537,0.451061,NNE,1.883772,12.672359,95.227203,1,18,2,2014,22
2014-01-22 19:00:00,53.18201,9.75532,30.79999,0.005244,0.535055,NNE,1.915534,12.592215,95.720833,1,19,2,2014,22
2014-01-22 20:00:00,49.572512,9.393672,30.79999,0.262496,0.474305,E,1.220848,12.488533,95.930733,1,20,2,2014,22
2014-01-22 21:00:00,48.1843,11.793724,30.79999,0.173975,0.497606,NNE,1.467501,12.100525,96.02404,1,21,2,2014,22
2014-01-22 22:00:00,52.881995,10.35534,30.79999,2.9e-05,0.555808,NE,0.986741,11.947595,96.038185,1,22,2,2014,22
2014-01-22 23:00:00,48.993976,9.84886,30.79999,,0.598048,SO,0.76815,11.858629,96.101433,1,23,2,2014,22
2014-01-23 00:00:00,25.847454,9.877732,30.79999,,0.379609,SE,1.310226,12.411338,96.130905,1,0,3,2014,23
2014-01-23 01:00:00,7.962665,9.793544,25.700001,,0.233866,S,3.571637,12.064913,95.87925,1,1,3,2014,23
2014-01-23 02:00:00,4.11266,12.176932,25.700001,,0.227513,S,5.203551,12.741887,83.113579,1,2,3,2014,23
2014-01-23 03:00:00,3.883819,12.692358,25.700001,,0.211639,S,3.974862,13.257965,72.464249,1,3,3,2014,23
2014-01-23 04:00:00,2.744561,12.017884,25.700001,,0.208041,S,3.419661,12.989617,72.069893,1,4,3,2014,23
2014-01-23 05:00:00,3.387127,12.122358,25.700001,,0.204203,S,3.444144,12.687218,67.795479,1,5,3,2014,23
2014-01-23 06:00:00,3.77192,11.27229,25.700001,,0.203151,S,2.372967,12.147365,66.566811,1,6,3,2014,23
2014-01-23 07:00:00,5.740266,10.146064,25.700001,,0.215961,S,1.442355,12.077158,69.646889,1,7,3,2014,23
2014-01-23 08:00:00,15.923125,9.379492,25.700001,,0.253627,S,1.589932,12.053684,70.09761,1,8,3,2014,23
2014-01-23 09:00:00,22.84135,9.574832,25.700001,,0.292765,S,1.842717,12.534997,66.319016,1,9,3,2014,23
2014-01-23 10:00:00,11.559505,10.505192,25.700001,,0.249673,S,2.502754,13.67711,61.042728,1,10,3,2014,23
2014-01-23 11:00:00,6.991847,12.04652,25.700001,,0.205531,S,3.177723,14.065866,57.763527,1,11,3,2014,23
2014-01-23 12:00:00,6.389193,11.949584,25.700001,,0.212968,S,3.342383,14.028418,64.523163,1,12,3,2014,23
2014-01-23 13:00:00,8.120924,10.9115,25.700001,,0.224324,S,2.368452,14.410219,65.04541,1,13,3,2014,23
2014-01-23 14:00:00,6.526636,10.92319,25.700001,,0.211652,SO,2.46504,14.54436,64.420158,1,14,3,2014,23
2014-01-23 15:00:00,6.98172,10.53785,25.700001,,0.194757,S,2.403932,14.880404,60.561558,1,15,3,2014,23
2014-01-23 16:00:00,6.807475,10.698118,25.700001,,0.194907,SSO,2.947207,14.629152,61.471603,1,16,3,2014,23
2014-01-23 17:00:00,9.622248,10.812532,25.700001,,0.212913,SSO,2.55748,14.103374,62.7369,1,17,3,2014,23
2014-01-23 18:00:00,14.799098,10.685872,25.700001,,0.242181,S,2.000304,13.288117,63.085629,1,18,3,2014,23
2014-01-23 19:00:00,19.527563,10.116764,25.700001,,0.266727,SSO,1.919066,12.897432,66.611107,1,19,3,2014,23
2014-01-23 20:00:00,31.922313,10.375644,25.700001,,0.333502,OSO,1.875831,12.239245,69.331261,1,20,3,2014,23
2014-01-23 21:00:00,37.534041,10.83818,25.700001,,0.356709,OSO,1.608089,12.195762,72.061546,1,21,3,2014,23
2014-01-23 22:00:00,63.803474,10.34394,25.700001,0.567188,0.603785,ONO,1.331104,11.084198,76.75325,1,22,3,2014,23
2014-01-23 23:00:00,59.904416,11.022522,25.700001,0.003837,0.617244,O,1.006614,10.259325,80.739693,1,23,3,2014,23
2014-01-24 00:00:00,54.765419,10.874106,25.700001,0.160475,0.521181,ONO,1.454898,9.894958,80.507515,1,0,4,2014,24
2014-01-24 01:00:00,33.760607,10.747618,43.299992,,0.390516,ONO,0.770864,8.785207,83.670563,1,1,4,2014,24
2014-01-24 02:00:00,45.405112,11.147252,43.299992,,0.488768,ONO,0.802926,8.561796,85.148346,1,2,4,2014,24
2014-01-24 03:00:00,19.3019,10.769834,43.299992,,0.266668,NNE,1.442581,7.82421,86.702469,1,3,4,2014,24
2014-01-24 04:00:00,14.733431,10.099464,43.299992,,0.249939,NE,0.725986,7.748169,87.2855,1,4,4,2014,24
2014-01-24 05:00:00,16.508114,10.589428,43.299992,,0.288306,NE,0.588415,7.897335,86.906799,1,5,4,2014,24
2014-01-24 06:00:00,29.724475,10.745108,43.299992,0.963288,0.289289,NNE,1.373707,7.080587,87.548126,1,6,4,2014,24
2014-01-24 07:00:00,38.872139,11.248924,43.299992,1.814511,0.35555,NNE,1.101773,6.826788,89.395699,1,7,4,2014,24
2014-01-24 08:00:00,67.948534,12.82569,43.299992,2.856126,1.208374,SO,0.501408,6.840151,89.29657,1,8,4,2014,24
2014-01-24 09:00:00,90.615081,15.808938,43.299992,9.672059,1.689559,NNE,0.982614,7.887805,87.538292,1,9,4,2014,24
2014-01-24 10:00:00,77.348427,14.10645,43.299992,4.963383,0.965251,OSO,0.792233,11.011463,78.333466,1,10,4,2014,24
2014-01-24 11:00:00,58.16491,14.441036,43.299992,14.695165,0.599563,O,1.56277,13.445255,66.622101,1,11,4,2014,24
2014-01-24 12:00:00,33.797354,10.210778,43.299992,7.281061,0.362984,OSO,1.433597,14.705462,62.489719,1,12,4,2014,24
2014-01-24 13:00:00,16.012754,10.098084,43.299992,2.629024,0.255129,OSO,2.093428,14.965163,59.485748,1,13,4,2014,24
2014-01-24 14:00:00,10.619592,9.891068,43.299992,0.594935,0.210433,OSO,2.087254,15.252743,56.408932,1,14,4,2014,24
2014-01-24 15:00:00,9.166919,11.018106,43.299992,0.021408,0.208092,SO,1.882617,15.32963,60.187962,1,15,4,2014,24
2014-01-24 16:00:00,9.410608,14.984036,43.299992,,0.225816,SSO,1.921819,15.067184,65.239883,1,16,4,2014,24
2014-01-24 17:00:00,9.591727,11.31357,43.299992,,0.242804,SSO,2.027851,14.557555,68.608421,1,17,4,2014,24
2014-01-24 18:00:00,15.177824,11.310568,43.299992,,0.249113,SSO,1.607899,13.687557,69.180534,1,18,4,2014,24
2014-01-24 19:00:00,30.5196,10.554702,43.299992,,0.357086,S,1.088799,12.736328,72.671982,1,19,4,2014,24
2014-01-24 20:00:00,45.942445,10.21129,43.299992,,0.461623,N,0.929575,12.355613,73.498566,1,20,4,2014,24
2014-01-24 21:00:00,40.99082,10.105606,43.299992,,0.400902,S,0.919234,12.26692,72.912827,1,21,4,2014,24
2014-01-24 22:00:00,51.528552,10.156074,43.299992,,0.458937,S,0.713914,11.951392,73.892006,1,22,4,2014,24
2014-01-24 23:00:00,53.717889,8.695988,43.299992,,0.506593,S,0.670497,11.70458,73.666725,1,23,4,2014,24
2014-01-25 00:00:00,53.957208,11.336746,43.299992,,0.826532,SE,0.802525,10.678942,77.177612,1,0,5,2014,25
2014-01-25 01:00:00,65.761168,14.156616,44.5,3.02542,1.123168,NNE,1.446837,8.962523,85.480461,1,1,5,2014,25
2014-01-25 02:00:00,45.443371,12.71395,44.5,7.734881,0.446273,NNE,1.820048,7.915548,88.749756,1,2,5,2014,25
2014-01-25 03:00:00,32.189617,11.29895,44.5,7.26848,0.350339,NNE,1.250054,7.458419,89.461945,1,3,5,2014,25
2014-01-25 04:00:00,31.439334,11.171732,44.5,6.770015,0.361234,NNE,0.820635,7.550876,89.365952,1,4,5,2014,25
2014-01-25 05:00:00,26.880384,10.850302,44.5,4.7672,0.351968,NNE,1.339476,7.037207,89.836342,1,5,5,2014,25
2014-01-25 06:00:00,29.037906,11.091446,44.5,5.750884,0.280988,NNE,1.6373,6.791108,90.25898,1,6,5,2014,25
2014-01-25 07:00:00,33.985619,10.6786,44.5,4.346517,0.251257,NNE,1.658171,6.64764,90.273056,1,7,5,2014,25
2014-01-25 08:00:00,46.351347,11.477866,44.5,5.547918,0.437484,NNE,1.570023,6.578314,89.70343,1,8,5,2014,25
2014-01-25 09:00:00,44.980093,11.46551,44.5,6.670039,0.430949,N,1.715355,7.378443,87.270477,1,9,5,2014,25
2014-01-25 10:00:00,47.333586,11.40259,44.5,9.312915,0.471627,NNE,2.016591,9.921753,79.581909,1,10,5,2014,25
2014-01-25 11:00:00,42.779172,10.7274,44.5,8.034417,0.423519,NNE,1.43723,12.557655,73.043846,1,11,5,2014,25
2014-01-25 12:00:00,36.44104,9.940664,44.5,5.155727,0.372408,OSO,1.228127,14.181655,68.473022,1,12,5,2014,25
2014-01-25 13:00:00,34.668342,10.32244,44.5,4.640922,0.379466,SO,1.294965,15.048494,64.07502,1,13,5,2014,25
2014-01-25 14:00:00,22.610312,10.301228,44.5,3.494272,0.310872,S,2.079502,15.27133,62.535675,1,14,5,2014,25
2014-01-25 15:00:00,19.68519,10.317222,44.5,3.395386,0.289607,S,1.685695,14.981647,65.132881,1,15,5,2014,25
2014-01-25 16:00:00,15.343483,10.676932,44.5,1.257781,0.274234,S,2.119924,14.59174,68.034927,1,16,5,2014,25
2014-01-25 17:00:00,11.014567,23.589153,44.5,0.56852,0.175876,S,1.564693,14.679688,70.558601,1,17,5,2014,25
2014-01-25 18:00:00,14.542736,10.829738,44.5,0.140834,0.177635,S,1.344728,14.053213,74.662994,1,18,5,2014,25
2014-01-25 19:00:00,17.716233,10.113884,44.5,0.011753,0.228665,S,0.985072,13.636342,79.366493,1,19,5,2014,25
2014-01-25 20:00:00,27.992433,9.96365,44.5,0.000886,0.309072,S,0.730834,13.640583,82.144791,1,20,5,2014,25
2014-01-25 21:00:00,25.63083,10.25441,44.5,,0.289363,S,0.967063,13.809452,82.539886,1,21,5,2014,25
2014-01-25 22:00:00,21.630616,11.039732,44.5,,0.263612,OSO,1.547717,13.92131,81.825356,1,22,5,2014,25
2014-01-25 23:00:00,18.878907,9.62066,44.5,,0.247107,OSO,1.424872,13.85541,76.647667,1,23,5,2014,25
2014-01-26 00:00:00,25.92824,10.094638,44.5,,0.319348,ONO,1.57567,13.567085,82.774315,1,0,6,2014,26
2014-01-26 01:00:00,21.719339,9.98079,38.0,1.3e-05,0.31014,N,0.419746,13.025195,85.020378,1,1,6,2014,26
2014-01-26 02:00:00,23.32661,10.356784,38.0,0.140851,0.324605,N,0.455699,12.94339,82.625008,1,2,6,2014,26
2014-01-26 03:00:00,21.496037,10.264694,38.0,1.288451,0.25478,S,0.594964,13.251182,78.97924,1,3,6,2014,26
2014-01-26 04:00:00,16.784122,9.926068,38.0,0.799566,0.227571,O,0.435613,12.990635,80.303894,1,4,6,2014,26
2014-01-26 05:00:00,32.274004,13.070536,38.0,0.593325,0.359638,N,0.120065,12.03076,83.925514,1,5,6,2014,26
2014-01-26 06:00:00,39.831256,10.86043,38.0,0.123746,0.383236,SSO,1.04401,11.07034,86.49617,1,6,6,2014,26
2014-01-26 07:00:00,24.838043,10.885514,38.0,,0.233249,NNE,1.34789,10.203427,88.791374,1,7,6,2014,26
2014-01-26 08:00:00,28.904578,10.475364,38.0,,0.288405,N,1.0416,9.731008,89.636848,1,8,6,2014,26
2014-01-26 09:00:00,33.991411,10.953506,38.0,5.9e-05,0.403543,S,0.847841,10.392041,87.952911,1,9,6,2014,26
2014-01-26 10:00:00,18.241813,10.282732,38.0,0.333021,0.228107,ONO,1.514036,12.684742,78.288765,1,10,6,2014,26
2014-01-26 11:00:00,22.455452,9.867384,38.0,2.689884,0.330504,ONO,2.096063,14.573598,69.60199,1,11,6,2014,26
2014-01-26 12:00:00,20.859499,11.78285,38.0,9.221537,0.267368,ONO,1.901717,15.612732,66.955948,1,12,6,2014,26
2014-01-26 13:00:00,14.16642,10.214276,38.0,3.679631,0.239879,O,2.176728,16.677172,63.066635,1,13,6,2014,26
2014-01-26 14:00:00,17.294777,10.49354,38.0,8.131143,0.229326,SSO,1.87917,17.080105,63.235584,1,14,6,2014,26
2014-01-26 15:00:00,8.508818,10.91489,38.0,3.189748,0.165283,S,3.323128,15.721271,68.992767,1,15,6,2014,26
2014-01-26 16:00:00,6.443253,11.248744,38.0,0.623749,0.13747,S,3.091549,15.603852,68.531403,1,16,6,2014,26
2014-01-26 17:00:00,7.054442,10.099574,38.0,0.165281,0.123676,S,2.167891,15.71038,65.792862,1,17,6,2014,26
2014-01-26 18:00:00,12.963042,12.958164,38.0,0.002344,0.167208,S,1.083892,15.161915,67.910355,1,18,6,2014,26
2014-01-26 19:00:00,27.866709,10.299846,38.0,,0.268824,S,1.152198,14.289407,75.878441,1,19,6,2014,26
2014-01-26 20:00:00,30.303162,10.585416,38.0,0.067986,0.30863,S,0.917362,14.028045,82.530655,1,20,6,2014,26
2014-01-26 21:00:00,52.220944,10.51756,38.0,0.008547,0.457302,N,0.209577,13.69885,85.852692,1,21,6,2014,26
2014-01-26 22:00:00,76.437478,11.295516,38.0,8.3e-05,0.777542,N,0.094356,13.425618,87.236633,1,22,6,2014,26
2014-01-26 23:00:00,83.664693,12.790334,38.0,0.008154,1.183528,N,0.506477,12.578445,89.822174,1,23,6,2014,26
2014-01-27 00:00:00,68.964118,13.747214,38.0,0.005815,1.224301,NNE,1.133405,11.920293,91.47879,1,0,0,2014,27
2014-01-27 01:00:00,43.498139,12.711948,44.099991,0.043377,0.636326,NNE,1.21907,11.467265,92.65683,1,1,0,2014,27
2014-01-27 02:00:00,34.25352,11.581596,44.099991,0.397598,0.485489,N,1.111773,10.801923,93.110268,1,2,0,2014,27
2014-01-27 03:00:00,30.24185,11.053362,44.099991,0.520071,0.369077,NNE,1.345093,11.058403,93.074234,1,3,0,2014,27
2014-01-27 04:00:00,26.335528,10.941118,44.099991,0.481404,0.320065,NNE,1.281267,11.253185,92.420731,1,4,0,2014,27
2014-01-27 05:00:00,26.28136,10.913608,44.099991,0.321166,0.305072,E,0.885864,11.599877,91.98558,1,5,0,2014,27
2014-01-27 06:00:00,27.39395,10.735812,44.099991,0.873635,0.326088,S,0.971858,11.870433,91.354225,1,6,0,2014,27
2014-01-27 07:00:00,28.241928,11.018596,44.099991,4.219956,0.303854,E,1.156768,11.488873,91.855309,1,7,0,2014,27
2014-01-27 08:00:00,40.9564,11.203172,44.099991,5.403199,0.487123,ESE,1.387274,11.420833,91.47438,1,8,0,2014,27
2014-01-27 09:00:00,51.875814,11.939132,44.099991,5.4285,0.741913,NNE,1.55553,11.860562,89.22493,1,9,0,2014,27
2014-01-27 10:00:00,51.659822,13.341794,44.099991,11.093698,0.589805,NNE,2.22296,12.80321,86.28096,1,10,0,2014,27
2014-01-27 11:00:00,45.272888,,44.099991,12.615424,0.41566,SSO,1.075597,14.21652,79.215401,1,11,0,2014,27
2014-01-27 12:00:00,26.173254,,44.099991,3.674556,0.234494,SSO,0.765571,15.136207,73.267456,1,12,0,2014,27
2014-01-27 13:00:00,36.182067,,44.099991,2.769148,0.346997,SE,1.316016,15.263903,72.157135,1,13,0,2014,27
2014-01-27 14:00:00,17.124405,10.691464,44.099991,0.759474,0.229949,SE,1.546565,15.310605,73.396278,1,14,0,2014,27
2014-01-27 15:00:00,13.258067,10.37581,44.099991,0.120356,0.243746,SE,2.383762,15.269429,75.821861,1,15,0,2014,27
2014-01-27 16:00:00,12.882312,10.077596,44.099991,,0.223614,SE,2.303814,15.048395,77.371384,1,16,0,2014,27
2014-01-27 17:00:00,15.531172,10.421022,44.099991,,0.227354,SSE,2.161588,15.08889,76.68837,1,17,0,2014,27
2014-01-27 18:00:00,17.919392,10.144436,44.099991,,0.225975,SSE,2.357031,14.49423,80.497795,1,18,0,2014,27
2014-01-27 19:00:00,27.858577,10.12717,44.099991,,0.325112,SSE,1.609948,13.757322,87.551819,1,19,0,2014,27
2014-01-27 20:00:00,34.834869,9.931452,44.099991,,0.374433,SSE,1.153229,13.580075,89.119041,1,20,0,2014,27
2014-01-27 21:00:00,37.334225,12.317218,44.099991,,0.374184,N,0.372078,13.07882,89.885323,1,21,0,2014,27
2014-01-27 22:00:00,51.466129,10.423304,44.099991,,0.556486,SO,0.821611,13.207735,91.750305,1,22,0,2014,27
2014-01-27 23:00:00,49.026424,10.266202,44.099991,,0.499595,SSO,0.76677,13.186977,92.005516,1,23,0,2014,27
2014-01-28 00:00:00,19.86928,9.813502,44.099991,,0.283639,SSE,1.350644,13.207769,93.728592,1,0,1,2014,28
2014-01-28 01:00:00,5.214092,9.548256,27.79999,,0.169215,S,1.849432,13.01502,94.862152,1,1,1,2014,28
2014-01-28 02:00:00,3.49785,9.274652,27.79999,,0.157105,S,1.243701,12.19926,94.733887,1,2,1,2014,28
2014-01-28 03:00:00,3.450978,9.691478,27.79999,,0.134164,S,1.385536,12.628437,83.500839,1,3,1,2014,28
2014-01-28 04:00:00,3.377749,9.722004,27.79999,,0.109452,S,1.051834,13.035337,74.110291,1,4,1,2014,28
2014-01-28 05:00:00,3.722641,9.52122,27.79999,,0.103335,S,1.281046,13.048873,70.673347,1,5,1,2014,28
2014-01-28 06:00:00,6.343595,9.630348,27.79999,,0.131669,S,0.757205,12.876064,75.210785,1,6,1,2014,28
2014-01-28 07:00:00,13.725153,9.317738,27.79999,,0.15241,N,0.283324,12.406995,76.728699,1,7,1,2014,28
2014-01-28 08:00:00,71.648241,10.658416,27.79999,,0.838311,ONO,0.391922,11.458923,81.694443,1,8,1,2014,28
2014-01-28 09:00:00,79.499195,11.46181,27.79999,0.000844,1.012928,NNE,0.837293,11.817863,84.303581,1,9,1,2014,28
2014-01-28 10:00:00,54.399377,11.26447,27.79999,0.16251,0.483923,NO,1.633415,12.943897,80.759483,1,10,1,2014,28
2014-01-28 11:00:00,36.413404,10.624028,27.79999,2.976559,0.311605,O,1.571695,14.199389,69.544052,1,11,1,2014,28
2014-01-28 12:00:00,13.953996,15.87223,27.79999,1.820905,0.155476,OSO,2.129115,15.033504,66.304802,1,12,1,2014,28
2014-01-28 13:00:00,8.621362,10.489542,27.79999,0.204423,0.132455,SO,2.077702,14.884135,64.426254,1,13,1,2014,28
2014-01-28 14:00:00,6.232594,10.804638,27.79999,0.0022,0.120133,SO,2.200418,14.631493,64.92765,1,14,1,2014,28
2014-01-28 15:00:00,7.882618,12.367186,27.79999,,0.160646,SO,1.606917,14.923955,60.228123,1,15,1,2014,28
2014-01-28 16:00:00,5.641575,11.265082,27.79999,,0.170723,SSO,1.970347,14.95197,55.962921,1,16,1,2014,28
2014-01-28 17:00:00,8.246431,10.38452,27.79999,,0.190597,SSO,1.633438,14.276555,61.507393,1,17,1,2014,28
2014-01-28 18:00:00,10.265648,10.199654,27.79999,,0.18338,SSO,1.541404,13.754913,65.456375,1,18,1,2014,28
2014-01-28 19:00:00,20.685908,10.231146,27.79999,,0.215458,S,0.799092,13.075291,69.167946,1,19,1,2014,28
2014-01-28 20:00:00,29.786049,10.37738,27.79999,,0.267636,S,0.846591,13.222797,67.088211,1,20,1,2014,28
2014-01-28 21:00:00,33.016808,10.357758,27.79999,,0.346045,SSE,1.290184,13.087296,67.348969,1,21,1,2014,28
2014-01-28 22:00:00,72.748467,10.69061,27.79999,,0.6543,ESE,0.651716,12.79819,68.159409,1,22,1,2014,28
2014-01-28 23:00:00,57.260057,11.288034,27.79999,,0.577129,ENE,0.944694,12.609038,70.266579,1,23,1,2014,28
2014-01-29 00:00:00,43.998823,10.555522,27.79999,,0.416302,NE,1.024892,12.183453,74.017975,1,0,2,2014,29
2014-01-29 01:00:00,24.226186,10.759284,20.0,0.003703,0.219593,NE,1.829504,12.041677,75.991104,1,1,2,2014,29
2014-01-29 02:00:00,17.753608,9.834542,20.0,0.530396,0.186886,NNE,1.885085,11.705259,79.398048,1,2,2,2014,29
2014-01-29 03:00:00,11.267249,10.232182,20.0,0.495888,0.194925,NNE,2.186599,11.147568,85.03717,1,3,2,2014,29
2014-01-29 04:00:00,5.872669,10.151818,20.0,0.347169,0.138926,NE,2.757708,11.443152,82.093498,1,4,2,2014,29
2014-01-29 05:00:00,5.232093,9.99903,20.0,0.284662,0.135764,NE,2.968753,11.614805,79.402252,1,5,2,2014,29
2014-01-29 06:00:00,4.197987,10.52705,20.0,0.22121,0.124252,NE,4.587447,11.11457,82.24498,1,6,2,2014,29
2014-01-29 07:00:00,11.209347,,20.0,0.293879,0.134501,NE,5.127851,11.123896,81.125252,1,7,2,2014,29
2014-01-29 08:00:00,21.324417,10.02189,20.0,0.128528,0.197462,NE,4.852237,10.824241,83.812531,1,8,2,2014,29
2014-01-29 09:00:00,20.40917,14.309314,20.0,,0.234726,ENE,4.277251,10.487209,89.8666,1,9,2,2014,29
2014-01-29 10:00:00,26.652525,12.761774,20.0,,0.302222,ENE,3.021955,11.27333,91.13797,1,10,2,2014,29
2014-01-29 11:00:00,29.074754,12.92442,20.0,,0.340503,ENE,3.103774,12.439423,88.777267,1,11,2,2014,29
2014-01-29 12:00:00,24.021138,14.414444,20.0,0.001372,0.303943,SE,3.425714,13.401606,76.654518,1,12,2,2014,29
2014-01-29 13:00:00,12.7633,18.714882,20.0,,0.213872,S,6.269636,11.674122,82.275986,1,13,2,2014,29
2014-01-29 14:00:00,13.296533,17.683056,20.0,,0.248516,S,5.997708,11.518718,71.948303,1,14,2,2014,29
2014-01-29 15:00:00,20.513403,13.644492,20.0,,0.264383,SSE,3.975035,12.064711,62.031704,1,15,2,2014,29
2014-01-29 16:00:00,11.841014,16.25938,20.0,,0.233755,S,5.77134,13.06546,58.784859,1,16,2,2014,29
2014-01-29 17:00:00,12.638111,15.893758,20.0,,0.259868,S,4.928789,13.121825,62.051239,1,17,2,2014,29
2014-01-29 18:00:00,18.146328,12.974266,20.0,,0.261391,S,2.993378,12.013292,66.231003,1,18,2,2014,29
2014-01-29 19:00:00,43.010162,10.981738,20.0,,0.381132,SSE,1.257284,11.479205,73.267975,1,19,2,2014,29
2014-01-29 20:00:00,27.163921,11.349576,20.0,,0.29801,S,2.639517,11.613348,76.041412,1,20,2,2014,29
2014-01-29 21:00:00,21.127329,12.547862,20.0,,0.329557,S,3.742836,12.399262,69.456886,1,21,2,2014,29
2014-01-29 22:00:00,12.814624,14.801124,20.0,,0.258296,S,4.617131,12.767667,66.133797,1,22,2,2014,29
2014-01-29 23:00:00,8.419975,,20.0,,0.227599,S,4.746614,12.882475,63.993858,1,23,2,2014,29
2014-01-30 00:00:00,5.647032,,20.0,,0.229868,S,4.389647,12.427755,66.250305,1,0,3,2014,30
2014-01-30 01:00:00,4.020827,12.85269,23.0,,0.222475,S,3.308478,12.3102,68.956146,1,1,3,2014,30
2014-01-30 02:00:00,3.805373,16.367653,23.0,,0.221627,S,4.528357,12.49725,66.810738,1,2,3,2014,30
2014-01-30 03:00:00,3.155914,15.537514,23.0,,0.2092,S,3.212354,11.053722,70.780693,1,3,3,2014,30
2014-01-30 04:00:00,4.320747,11.540904,23.0,,0.22117,SE,1.954056,10.842959,74.51973,1,4,3,2014,30
2014-01-30 05:00:00,3.611841,12.844076,23.0,,0.215247,S,2.554253,10.828956,74.283264,1,5,3,2014,30
2014-01-30 06:00:00,4.34962,12.775998,23.0,,0.205481,S,3.038158,11.59269,68.523636,1,6,3,2014,30
2014-01-30 07:00:00,13.562335,12.75984,23.0,,0.246024,SSE,2.921336,10.855647,70.598145,1,7,3,2014,30
2014-01-30 08:00:00,13.970867,13.877052,23.0,,0.225876,S,3.747502,11.814405,62.592014,1,8,3,2014,30
2014-01-30 09:00:00,16.858589,12.720692,23.0,,0.251923,S,3.495643,12.43328,61.564301,1,9,3,2014,30
2014-01-30 10:00:00,8.930281,14.305108,23.0,,0.209348,S,3.210897,12.98124,57.287952,1,10,3,2014,30
2014-01-30 11:00:00,7.716904,16.204683,23.0,,0.218393,S,2.932552,13.432875,55.290146,1,11,3,2014,30
2014-01-30 12:00:00,5.240301,17.575191,23.0,,0.206228,S,3.608724,14.002777,53.995922,1,12,3,2014,30
2014-01-30 13:00:00,5.521684,16.165386,23.0,,0.208589,S,3.891726,13.9013,54.195724,1,13,3,2014,30
2014-01-30 14:00:00,6.392609,16.535748,23.0,,0.204031,S,4.385077,13.819255,54.720215,1,14,3,2014,30
2014-01-30 15:00:00,6.397686,16.252495,23.0,,0.202827,S,4.313999,13.87871,54.459259,1,15,3,2014,30
2014-01-30 16:00:00,8.154848,16.164841,23.0,,0.224547,S,4.429236,13.931012,55.329937,1,16,3,2014,30
2014-01-30 17:00:00,10.77832,14.800024,23.0,,0.245123,S,3.498772,13.641295,56.938805,1,17,3,2014,30
2014-01-30 18:00:00,24.065505,12.329432,23.0,,0.325787,SSE,2.864735,13.105985,62.668465,1,18,3,2014,30
2014-01-30 19:00:00,36.397862,11.154222,23.0,,0.412555,SSE,2.547526,12.777201,65.469833,1,19,3,2014,30
2014-01-30 20:00:00,47.828966,10.744212,23.0,,0.489796,SSE,1.887208,12.632305,66.749893,1,20,3,2014,30
2014-01-30 21:00:00,51.730985,10.254048,23.0,,0.494665,ESE,1.29729,11.91317,76.069016,1,21,3,2014,30
2014-01-30 22:00:00,45.052575,10.69403,23.0,,0.452699,E,1.83074,11.471948,77.321457,1,22,3,2014,30
2014-01-30 23:00:00,33.78496,10.08308,23.0,,0.41614,ENE,1.20932,11.445016,79.021423,1,23,3,2014,30
2014-01-31 00:00:00,30.334335,10.25025,23.0,0.109601,0.36637,E,1.848206,10.460993,84.383492,1,0,4,2014,31
2014-01-31 01:00:00,16.568476,14.525964,21.29999,0.069455,0.284844,NE,2.092863,10.400113,86.735405,1,1,4,2014,31
2014-01-31 02:00:00,7.27851,9.948786,21.29999,0.00286,0.229056,ENE,2.10928,10.49379,86.7061,1,2,4,2014,31
2014-01-31 03:00:00,3.539986,10.10618,21.29999,,0.195336,ENE,3.209996,10.40062,88.126503,1,3,4,2014,31
2014-01-31 04:00:00,3.413166,10.166948,21.29999,,0.183896,ENE,2.222142,10.285135,91.241173,1,4,4,2014,31
2014-01-31 05:00:00,4.729114,10.182464,21.29999,,0.179721,NE,2.43336,10.251253,92.438309,1,5,4,2014,31
2014-01-31 06:00:00,6.353195,10.35231,21.29999,,0.177775,NE,2.491772,10.316473,92.461227,1,6,4,2014,31
2014-01-31 07:00:00,11.956237,10.000122,21.29999,,0.201367,NE,2.545699,10.404928,92.093628,1,7,4,2014,31
2014-01-31 08:00:00,36.608568,10.382032,21.29999,0.290096,0.332292,NE,2.755068,10.406862,92.073059,1,8,4,2014,31
2014-01-31 09:00:00,35.888566,10.093538,21.29999,0.038811,0.361968,NE,2.561138,10.596965,92.890167,1,9,4,2014,31
2014-01-31 10:00:00,35.304183,10.656578,21.29999,,0.347539,ENE,2.506915,10.655402,93.931686,1,10,4,2014,31
2014-01-31 11:00:00,42.171972,9.792538,21.29999,,0.409664,NE,2.466294,11.116432,94.569016,1,11,4,2014,31
2014-01-31 12:00:00,40.602873,,21.29999,0.000304,0.414836,NE,2.888238,11.423109,94.795746,1,12,4,2014,31
2014-01-31 13:00:00,28.809599,,21.29999,,0.36757,ENE,2.749969,12.032522,94.825699,1,13,4,2014,31
2014-01-31 14:00:00,20.866262,,21.29999,,0.280517,ENE,2.528127,12.611073,94.781166,1,14,4,2014,31
2014-01-31 15:00:00,18.78413,,21.29999,,0.292814,ENE,2.647221,13.320103,93.850594,1,15,4,2014,31
2014-01-31 16:00:00,17.677203,10.945456,21.29999,,0.267815,E,2.811498,14.11582,86.337158,1,16,4,2014,31
2014-01-31 17:00:00,17.069683,21.465673,21.29999,0.067102,0.260335,E,2.689463,14.590382,78.154144,1,17,4,2014,31
2014-01-31 18:00:00,28.660634,25.394686,21.29999,0.168496,0.32625,E,2.309062,14.282995,78.282181,1,18,4,2014,31
2014-01-31 19:00:00,43.003076,25.382275,21.29999,0.171003,0.430528,ENE,1.749394,13.578888,82.951729,1,19,4,2014,31
2014-01-31 20:00:00,41.190218,26.762369,21.29999,0.130686,0.442579,ENE,2.080387,12.920938,85.638161,1,20,4,2014,31
2014-01-31 21:00:00,42.027311,23.79677,21.29999,0.2705,0.465967,NE,2.03795,12.754575,85.434647,1,21,4,2014,31
2014-01-31 22:00:00,42.505696,25.094364,21.29999,0.472897,0.383133,NE,2.184329,12.882882,83.800293,1,22,4,2014,31
2014-01-31 23:00:00,20.729402,26.551439,21.29999,0.430826,0.278896,ENE,2.08804,12.721848,83.646576,1,23,4,2014,31
2014-02-01 00:00:00,19.670401,26.360914,21.29999,0.750999,0.273414,NE,2.139853,12.290253,84.889755,2,0,5,2014,1
2014-02-01 01:00:00,14.259745,25.003481,14.8,2.663584,0.195114,NE,2.750758,12.33957,83.347198,2,1,5,2014,1
2014-02-01 02:00:00,9.822131,24.590935,14.8,1.959764,0.176829,NE,2.80642,12.448917,83.288086,2,2,5,2014,1
2014-02-01 03:00:00,8.091561,24.448048,14.8,1.329863,0.171315,NE,2.381768,12.506847,83.382164,2,3,5,2014,1
2014-02-01 04:00:00,5.150428,24.696316,14.8,0.774922,0.166212,NE,2.129523,12.011934,87.09124,2,4,5,2014,1
2014-02-01 05:00:00,8.1616,24.512634,14.8,0.609863,0.165699,NNE,2.139991,11.521837,89.590652,2,5,5,2014,1
2014-02-01 06:00:00,9.419163,24.693705,14.8,0.389059,0.159974,NE,2.187904,11.472727,88.767288,2,6,5,2014,1
2014-02-01 07:00:00,11.186946,24.841076,14.8,0.324293,0.18338,NE,2.38759,11.382542,89.618401,2,7,5,2014,1
2014-02-01 08:00:00,17.49988,24.688515,14.8,0.410083,0.219148,NE,3.96835,11.36362,90.995041,2,8,5,2014,1
2014-02-01 09:00:00,22.040234,24.81547,14.8,0.311349,0.225204,NE,4.134924,11.60412,91.921989,2,9,5,2014,1
2014-02-01 10:00:00,17.220051,25.19455,14.8,0.456623,0.204064,NE,4.311049,12.330478,90.112297,2,10,5,2014,1
2014-02-01 11:00:00,18.159131,24.796484,14.8,0.354888,0.219723,NE,4.054686,13.557961,84.75518,2,11,5,2014,1
2014-02-01 12:00:00,16.892333,25.051678,14.8,0.309077,0.230992,ENE,3.669205,13.907032,86.362701,2,12,5,2014,1
2014-02-01 13:00:00,18.447685,25.03458,14.8,0.253677,0.282081,E,3.475266,13.832584,88.15654,2,13,5,2014,1
2014-02-01 14:00:00,14.248126,25.164202,14.8,0.243581,0.2488,ENE,3.254813,14.024552,91.44622,2,14,5,2014,1
2014-02-01 15:00:00,12.084215,25.202579,14.8,0.253274,0.218717,ESE,2.947146,15.014612,81.847984,2,15,5,2014,1
2014-02-01 16:00:00,10.830485,25.45042,14.8,0.325187,0.201866,ESE,3.336235,15.809893,74.992188,2,16,5,2014,1
2014-02-01 17:00:00,13.693628,25.83938,14.8,0.28341,0.225516,ESE,2.914011,15.242601,80.878204,2,17,5,2014,1
2014-02-01 18:00:00,20.107028,25.09547,14.8,0.212847,0.275927,ESE,2.452443,14.87732,80.088623,2,18,5,2014,1
2014-02-01 19:00:00,38.100111,24.97578,14.8,0.092094,0.439193,E,1.631455,14.567354,83.797707,2,19,5,2014,1
2014-02-01 20:00:00,32.97793,24.591654,14.8,0.095984,0.372425,SE,1.974041,14.126778,88.878502,2,20,5,2014,1
2014-02-01 21:00:00,12.80086,26.16979,14.8,0.094411,0.210778,S,1.90623,13.313864,93.351883,2,21,5,2014,1
2014-02-01 22:00:00,9.545911,27.026484,14.8,0.03435,0.197075,S,2.136811,12.635864,94.750946,2,22,5,2014,1
2014-02-01 23:00:00,10.971294,24.811386,14.8,0.068795,0.209375,SO,1.674033,12.219267,95.301033,2,23,5,2014,1
2014-02-02 00:00:00,6.839336,25.05818,14.8,0.082674,0.173274,OSO,1.958654,11.877388,94.946434,2,0,6,2014,2
2014-02-02 01:00:00,6.244208,24.963573,23.1,0.054986,0.166535,SO,1.821936,11.871386,90.523499,2,1,6,2014,2
2014-02-02 02:00:00,4.837146,25.298908,23.1,0.020516,0.143117,S,1.718384,12.20665,79.935959,2,2,6,2014,2
2014-02-02 03:00:00,3.528591,25.359425,23.1,0.078282,0.143212,S,1.708961,12.406184,73.587814,2,3,6,2014,2
2014-02-02 04:00:00,2.899208,25.94186,23.1,0.073898,0.135488,SO,1.854582,12.388718,72.53476,2,4,6,2014,2
2014-02-02 05:00:00,5.338085,25.239948,23.1,0.047697,0.149836,OSO,1.422428,12.36243,72.445656,2,5,6,2014,2
2014-02-02 06:00:00,10.611442,25.092615,23.1,0.375164,0.169939,ONO,1.241654,11.98236,74.276894,2,6,6,2014,2
2014-02-02 07:00:00,11.008323,25.154369,23.1,0.317799,0.191132,ONO,1.293924,11.420392,81.968147,2,7,6,2014,2
2014-02-02 08:00:00,13.631975,25.212305,23.1,0.198159,0.210984,ONO,1.780124,11.294767,83.515533,2,8,6,2014,2
2014-02-02 09:00:00,14.639662,25.121399,23.1,0.198264,0.23582,O,2.19644,11.43708,81.184509,2,9,6,2014,2
2014-02-02 10:00:00,15.51579,25.271706,23.1,0.367146,0.245662,O,2.986222,12.327495,70.926407,2,10,6,2014,2
2014-02-02 11:00:00,8.229514,25.63689,23.1,0.539164,0.18961,O,4.43467,13.085433,66.856857,2,11,6,2014,2
2014-02-02 12:00:00,6.337345,25.886177,23.1,0.629674,0.163516,O,4.488472,13.564912,63.187889,2,12,6,2014,2
2014-02-02 13:00:00,9.397125,25.760857,23.1,4.753671,0.158635,OSO,3.134545,14.13373,60.420219,2,13,6,2014,2
2014-02-02 14:00:00,9.910419,25.488964,23.1,7.538502,0.134258,OSO,3.250359,14.304635,58.458179,2,14,6,2014,2
2014-02-02 15:00:00,5.239055,25.858486,23.1,1.290168,0.128728,OSO,2.893186,14.210652,58.850525,2,15,6,2014,2
2014-02-02 16:00:00,5.088761,26.21089,23.1,0.612511,0.110126,SSO,2.455796,13.913507,56.646008,2,16,6,2014,2
2014-02-02 17:00:00,5.917971,26.654314,23.1,0.305352,0.13053,S,2.290063,13.315863,58.095543,2,17,6,2014,2
2014-02-02 18:00:00,7.126659,26.477449,23.1,0.165324,0.139525,S,1.899987,12.529608,61.48745,2,18,6,2014,2
2014-02-02 19:00:00,12.626341,25.795937,23.1,0.200549,0.224128,SSO,1.456369,12.178907,61.01173,2,19,6,2014,2
2014-02-02 20:00:00,15.045123,25.860535,23.1,0.286908,0.227937,OSO,1.509998,12.05484,61.623993,2,20,6,2014,2
2014-02-02 21:00:00,14.766793,26.825401,23.1,0.514934,0.190774,OSO,1.615175,11.908592,62.973301,2,21,6,2014,2
2014-02-02 22:00:00,17.332989,25.570339,23.1,0.497021,0.196128,OSO,0.810418,11.51655,65.971169,2,22,6,2014,2
2014-02-02 23:00:00,37.783134,27.017887,23.1,0.321489,0.338217,N,0.39691,10.767873,70.377342,2,23,6,2014,2
2014-02-03 00:00:00,69.364473,27.258408,23.1,0.60919,0.641702,ONO,0.496604,10.735512,69.411095,2,0,0,2014,3
2014-02-03 01:00:00,60.988172,27.049959,43.099991,0.417105,0.711556,NNE,0.814222,9.946003,75.614494,2,1,0,2014,3
2014-02-03 02:00:00,51.060604,26.637222,43.099991,0.477196,0.561852,NNE,0.974145,9.251697,79.845436,2,2,0,2014,3
2014-02-03 03:00:00,27.620713,26.412704,43.099991,0.727989,0.38309,NE,0.958054,8.498779,83.857101,2,3,0,2014,3
2014-02-03 04:00:00,16.453024,25.807241,43.099991,0.520647,0.294649,NNE,1.3643,7.904016,85.485649,2,4,0,2014,3
2014-02-03 05:00:00,16.731385,25.102865,43.099991,0.394888,0.257261,NNE,1.723115,7.365725,86.825661,2,5,0,2014,3
2014-02-03 06:00:00,19.036935,25.335526,43.099991,0.529728,0.221457,NNE,1.799134,7.03039,88.375069,2,6,0,2014,3
2014-02-03 07:00:00,30.975251,25.41947,43.099991,0.881711,0.268013,NNE,2.031718,7.185695,87.36541,2,7,0,2014,3
2014-02-03 08:00:00,48.256607,28.272711,43.099991,3.606166,0.546894,NNE,1.839499,7.106296,87.552422,2,8,0,2014,3
2014-02-03 09:00:00,53.06113,27.433399,43.099991,14.02574,0.579454,NNE,2.53454,7.835369,86.716423,2,9,0,2014,3
2014-02-03 10:00:00,45.674434,26.962967,43.099991,27.304169,0.362285,E,3.197146,9.50668,82.18837,2,10,0,2014,3
2014-02-03 11:00:00,35.215337,26.227306,43.099991,12.828226,0.276213,NNE,3.768797,11.958687,71.974556,2,11,0,2014,3
2014-02-03 12:00:00,21.753093,25.629395,43.099991,4.289953,0.219456,NNE,4.28616,13.661539,63.186264,2,12,0,2014,3
2014-02-03 13:00:00,20.232492,26.075214,43.099991,1.940799,0.20803,NE,4.017039,14.741313,58.469505,2,13,0,2014,3
2014-02-03 14:00:00,14.463411,25.43581,43.099991,1.034665,0.205061,ENE,3.387959,15.61718,57.827362,2,14,0,2014,3
2014-02-03 15:00:00,17.425537,25.356087,43.099991,0.841229,0.235963,E,2.958099,15.48782,61.089233,2,15,0,2014,3
2014-02-03 16:00:00,19.65083,25.70661,43.099991,0.830581,0.238284,ENE,2.966698,15.371317,64.356895,2,16,0,2014,3
2014-02-03 17:00:00,19.067165,26.158211,43.099991,0.796739,0.250463,E,2.75749,14.992297,68.147766,2,17,0,2014,3
2014-02-03 18:00:00,24.01263,25.522449,43.099991,0.757436,0.270144,E,3.01262,14.449457,71.919334,2,18,0,2014,3
2014-02-03 19:00:00,33.659549,25.464764,43.099991,0.410758,0.336049,ENE,2.333979,13.497555,79.343231,2,19,0,2014,3
2014-02-03 20:00:00,34.422157,25.483871,43.099991,0.435974,0.351408,ENE,2.418927,13.297582,79.821182,2,20,0,2014,3
2014-02-03 21:00:00,29.37737,25.84947,43.099991,0.353524,0.319332,ENE,1.806822,13.124775,80.041,2,21,0,2014,3
2014-02-03 22:00:00,24.063798,25.065065,43.099991,0.34839,0.27933,ESE,2.276258,12.841467,83.342995,2,22,0,2014,3
2014-02-03 23:00:00,7.49852,25.84564,43.099991,0.224064,0.171014,S,1.786388,12.164491,89.862778,2,23,0,2014,3
2014-02-04 00:00:00,9.077754,24.846279,43.099991,0.186596,0.177645,OSO,1.253896,11.33221,93.283676,2,0,1,2014,4
2014-02-04 01:00:00,13.100585,24.965389,37.799992,0.36128,0.189918,N,0.738009,11.101748,94.473579,2,1,1,2014,4
2014-02-04 02:00:00,13.167716,25.42897,37.799992,0.328616,0.201417,SSO,0.463587,11.122335,94.797951,2,2,1,2014,4
2014-02-04 03:00:00,15.389477,25.41824,37.799992,0.220988,0.196227,NNO,0.723502,11.156657,94.768417,2,3,1,2014,4
2014-02-04 04:00:00,21.523843,25.425224,37.799992,1.210194,0.208592,ESE,0.622013,11.100525,94.765503,2,4,1,2014,4
2014-02-04 05:00:00,20.273187,25.834881,37.799992,1.505229,0.210363,NNE,0.657277,10.817728,94.301743,2,5,1,2014,4
2014-02-04 06:00:00,19.876431,26.288469,37.799992,0.789901,0.199533,ESE,0.779673,10.660186,93.813316,2,6,1,2014,4
2014-02-04 07:00:00,30.004963,25.584015,37.799992,0.499744,0.221757,NNE,1.035637,10.903535,93.770996,2,7,1,2014,4
2014-02-04 08:00:00,52.569495,25.586674,37.799992,1.718081,0.389913,ONO,0.894647,11.110735,93.408218,2,8,1,2014,4
2014-02-04 09:00:00,47.662093,25.960915,37.799992,1.757172,0.469835,N,0.496436,11.532761,92.965637,2,9,1,2014,4
2014-02-04 10:00:00,55.125963,25.754795,37.799992,2.354198,0.443173,N,0.482144,12.239788,88.502609,2,10,1,2014,4
2014-02-04 11:00:00,25.779852,28.974899,37.799992,2.883955,0.24289,NO,0.77262,13.68457,72.377182,2,11,1,2014,4
2014-02-04 12:00:00,18.707579,26.527164,37.799992,2.721611,0.217494,SO,1.01841,14.717031,60.666969,2,12,1,2014,4
2014-02-04 13:00:00,24.863763,26.415014,37.799992,1.911261,0.276965,SSO,1.514697,14.743993,58.411919,2,13,1,2014,4
2014-02-04 14:00:00,13.919203,26.466885,37.799992,1.063416,0.219095,SSE,2.131753,15.222795,53.53968,2,14,1,2014,4
2014-02-04 15:00:00,16.910486,26.572182,37.799992,0.837697,0.232574,SSE,2.273775,15.504302,53.626839,2,15,1,2014,4
2014-02-04 16:00:00,13.226773,27.944485,37.799992,0.489195,0.190399,SSE,2.48224,15.15547,55.427044,2,16,1,2014,4
2014-02-04 17:00:00,13.507791,27.401386,37.799992,0.377236,0.204782,ESE,2.487828,14.963538,56.514267,2,17,1,2014,4
2014-02-04 18:00:00,18.612569,27.141829,37.799992,0.314868,0.226217,ESE,2.395199,14.27862,60.040497,2,18,1,2014,4
2014-02-04 19:00:00,47.425955,26.303099,37.799992,0.283164,0.390064,ENE,1.595072,13.718047,65.649567,2,19,1,2014,4
2014-02-04 20:00:00,53.483227,26.231491,37.799992,0.345987,0.478944,ENE,1.605678,13.184775,71.150955,2,20,1,2014,4
2014-02-04 21:00:00,40.802366,26.180605,37.799992,0.47714,0.396735,NE,1.929836,12.584312,76.198914,2,21,1,2014,4
2014-02-04 22:00:00,48.036101,26.281734,37.799992,0.947308,0.409305,NE,1.800762,11.879794,79.989143,2,22,1,2014,4
2014-02-04 23:00:00,39.909457,26.213381,37.799992,1.868234,0.359429,NNE,2.249602,10.735277,84.780891,2,23,1,2014,4
2014-02-05 00:00:00,19.096898,26.005024,37.799992,1.817402,0.214,NE,2.478654,11.104765,82.566711,2,0,2,2014,5
2014-02-05 01:00:00,10.62227,25.876707,50.0,1.445965,0.155185,NNE,2.948154,10.749317,83.043335,2,1,2,2014,5
2014-02-05 02:00:00,6.986593,25.787369,50.0,0.853081,0.158377,NNE,2.884444,10.408148,84.806259,2,2,2,2014,5
2014-02-05 03:00:00,6.083482,25.67757,50.0,0.829695,0.15234,NNE,3.061461,9.837811,86.155548,2,3,2,2014,5
2014-02-05 04:00:00,5.034556,25.788441,50.0,0.603959,0.152105,NNE,3.140411,9.536631,87.129692,2,4,2,2014,5
2014-02-05 05:00:00,6.529142,25.5086,50.0,0.392677,0.143323,NE,3.030996,9.445089,87.988861,2,5,2,2014,5
2014-02-05 06:00:00,9.361893,25.449471,50.0,0.293772,0.137747,NNE,3.127931,9.418295,87.210579,2,6,2,2014,5
2014-02-05 07:00:00,17.975351,25.588449,50.0,0.32291,0.164234,NE,3.124579,9.636753,86.564194,2,7,2,2014,5
2014-02-05 08:00:00,43.459712,25.264559,50.0,0.415519,0.337699,NNE,2.953697,9.216253,87.349205,2,8,2,2014,5
2014-02-05 09:00:00,41.808047,27.46291,50.0,0.820339,0.334177,NNE,3.949334,10.290424,86.222664,2,9,2,2014,5
2014-02-05 10:00:00,37.586957,26.90589,50.0,1.241158,0.280895,NNE,4.196271,12.580582,80.601067,2,10,2,2014,5
2014-02-05 11:00:00,30.918922,26.015276,50.0,1.04287,0.254635,NNE,4.584907,14.47113,75.040733,2,11,2,2014,5
2014-02-05 12:00:00,26.635226,25.54641,50.0,1.218465,0.24075,NE,3.704952,15.755253,70.181381,2,12,2,2014,5
2014-02-05 13:00:00,18.277247,25.625912,50.0,1.039367,0.228899,NE,3.207372,16.65288,65.594185,2,13,2,2014,5
2014-02-05 14:00:00,17.15438,25.212831,50.0,0.676888,0.228182,ENE,3.013756,17.206615,61.464211,2,14,2,2014,5
2014-02-05 15:00:00,13.266852,25.57011,50.0,0.525061,0.223679,ESE,2.742314,17.144138,63.782661,2,15,2,2014,5
2014-02-05 16:00:00,12.518906,25.440065,50.0,0.523013,0.209182,ESE,3.226253,16.578033,67.098251,2,16,2,2014,5
2014-02-05 17:00:00,14.279414,25.839172,50.0,0.420068,0.229398,ESE,2.822054,16.179819,68.316376,2,17,2,2014,5
2014-02-05 18:00:00,25.468083,25.425476,50.0,0.423921,0.28204,ESE,1.982794,15.77435,69.287033,2,18,2,2014,5
2014-02-05 19:00:00,47.504641,25.42083,50.0,0.436377,0.477497,E,1.359793,15.310707,71.667206,2,19,2,2014,5
2014-02-05 20:00:00,62.46143,27.257252,50.0,0.314969,0.597285,ENE,1.064911,14.623757,77.168831,2,20,2,2014,5
2014-02-05 21:00:00,63.200398,27.429375,50.0,0.44377,0.643632,NNE,0.976921,13.428602,84.219162,2,21,2,2014,5
2014-02-05 22:00:00,64.521961,27.291056,50.0,0.843851,0.819599,NNE,0.789045,12.623487,87.332825,2,22,2,2014,5
2014-02-05 23:00:00,53.50942,27.317345,50.0,1.167532,0.763433,NNE,1.533023,11.443627,89.99765,2,23,2,2014,5
2014-02-06 00:00:00,46.079718,27.233006,50.0,2.466786,0.707915,NNE,1.643013,11.183145,90.436501,2,0,3,2014,6
2014-02-06 01:00:00,42.982489,26.829235,38.700001,3.937924,0.438892,NNE,1.038364,10.719742,90.043365,2,1,3,2014,6
2014-02-06 02:00:00,36.31906,26.877155,38.700001,5.326559,0.376073,NNE,1.171722,10.269465,90.94043,2,2,3,2014,6
2014-02-06 03:00:00,32.793213,26.322819,38.700001,5.702773,0.264638,NNE,1.864947,9.917447,91.675247,2,3,3,2014,6
2014-02-06 04:00:00,30.357775,26.683266,38.700001,7.924774,0.286493,NNE,1.691839,9.297077,92.210281,2,4,3,2014,6
2014-02-06 05:00:00,27.42489,26.536921,38.700001,6.841224,0.263163,NNE,1.797827,8.706758,92.599609,2,5,3,2014,6
2014-02-06 06:00:00,27.021267,26.480177,38.700001,6.778156,0.219079,NNE,1.759879,8.368438,92.50132,2,6,3,2014,6
2014-02-06 07:00:00,24.922354,25.98271,38.700001,2.313945,0.218267,NNE,2.2575,8.335505,92.081291,2,7,3,2014,6
2014-02-06 08:00:00,39.904583,25.791092,38.700001,1.701626,0.405513,NE,1.993094,8.982941,91.953117,2,8,3,2014,6
2014-02-06 09:00:00,41.533537,26.058504,38.700001,1.902538,0.434986,NE,2.262568,10.69115,87.908768,2,9,3,2014,6
2014-02-06 10:00:00,21.423094,26.220409,38.700001,1.992909,0.268903,ENE,3.538822,11.661366,80.980064,2,10,3,2014,6
2014-02-06 11:00:00,15.019363,26.31995,38.700001,1.210105,0.237793,ENE,3.93928,13.712452,77.478432,2,11,3,2014,6
2014-02-06 12:00:00,17.556292,26.147114,38.700001,1.00565,0.23856,ENE,4.120364,14.580177,75.978386,2,12,3,2014,6
2014-02-06 13:00:00,17.410881,26.262714,38.700001,1.136947,0.243262,ENE,3.992018,15.104897,75.57991,2,13,3,2014,6
2014-02-06 14:00:00,15.09545,25.920261,38.700001,1.09608,0.222525,ENE,4.167224,15.645802,72.315483,2,14,3,2014,6
2014-02-06 15:00:00,15.359416,25.634821,38.700001,0.98558,0.223664,ENE,4.223587,16.732525,65.848145,2,15,3,2014,6
2014-02-06 16:00:00,13.033912,26.02182,38.700001,0.922811,0.188745,ENE,4.738229,17.407269,61.998909,2,16,3,2014,6
2014-02-06 17:00:00,13.59159,26.04871,38.700001,0.790478,0.199243,ENE,4.411423,17.391937,63.261803,2,17,3,2014,6
2014-02-06 18:00:00,18.806579,25.787445,38.700001,0.78004,0.212637,ENE,3.99263,16.859472,65.146278,2,18,3,2014,6
2014-02-06 19:00:00,23.378304,25.511475,38.700001,0.738455,0.244363,ENE,3.442695,16.146275,67.958923,2,19,3,2014,6
2014-02-06 20:00:00,19.257736,26.411304,38.700001,0.455011,0.230995,ESE,3.907739,14.713738,75.608292,2,20,3,2014,6
2014-02-06 21:00:00,20.719719,26.015715,38.700001,0.335819,0.257454,ESE,2.681486,13.330006,84.594322,2,21,3,2014,6
2014-02-06 22:00:00,26.25954,25.494976,38.700001,0.331657,0.261318,NE,2.157649,13.166053,83.853271,2,22,3,2014,6
2014-02-06 23:00:00,17.523622,25.100666,38.700001,0.249645,0.289709,NE,2.510187,13.061183,80.53096,2,23,3,2014,6
2014-02-07 00:00:00,16.697082,25.510284,38.700001,0.433795,0.186381,NE,2.478945,12.65313,84.669823,2,0,4,2014,7
2014-02-07 01:00:00,10.635711,25.01565,36.299992,0.554305,0.184773,NE,2.157603,12.493077,86.042358,2,1,4,2014,7
2014-02-07 02:00:00,6.985659,25.179958,36.299992,0.544528,0.157659,NE,2.126383,11.814472,88.557487,2,2,4,2014,7
2014-02-07 03:00:00,7.960242,25.165735,36.299992,0.32554,0.154107,NNE,1.967439,11.19607,90.719238,2,3,4,2014,7
2014-02-07 04:00:00,5.633472,24.98982,36.299992,0.403053,0.160761,NE,1.791878,11.005694,91.002228,2,4,4,2014,7
2014-02-07 05:00:00,4.96183,25.033899,36.299992,0.358752,0.149987,NNE,1.910989,10.024115,91.292007,2,5,4,2014,7
2014-02-07 06:00:00,12.005754,25.198139,36.299992,0.260715,0.181016,NNE,1.588458,9.395808,93.028008,2,6,4,2014,7
2014-02-07 07:00:00,32.675521,25.33651,36.299992,0.406198,0.238411,NNE,1.763761,8.922942,93.915131,2,7,4,2014,7
2014-02-07 08:00:00,48.762166,25.903246,36.299992,0.602608,0.503003,NNE,2.008146,8.900659,94.499382,2,8,4,2014,7
2014-02-07 09:00:00,49.204751,26.123688,36.299992,0.647382,0.514578,NNE,2.242947,9.613518,94.234665,2,9,4,2014,7
2014-02-07 10:00:00,49.341263,25.73254,36.299992,6.305339,0.41781,ESE,1.705551,11.721334,91.464211,2,10,4,2014,7
2014-02-07 11:00:00,31.309044,25.712465,36.299992,7.402039,0.258601,NO,1.443092,14.165407,74.763962,2,11,4,2014,7
2014-02-07 12:00:00,22.21538,25.460316,36.299992,8.579735,0.252868,ONO,2.05592,15.310775,59.925514,2,12,4,2014,7
2014-02-07 13:00:00,12.501137,25.34465,36.299992,2.362889,0.205443,ONO,2.098142,16.051889,53.141567,2,13,4,2014,7
2014-02-07 14:00:00,13.522232,25.512426,36.299992,1.967379,0.20814,OSO,1.774835,16.259729,52.550095,2,14,4,2014,7
2014-02-07 15:00:00,12.297984,26.205231,36.299992,2.695902,0.18532,S,2.762981,15.889835,58.82386,2,15,4,2014,7
2014-02-07 16:00:00,8.509906,26.453484,36.299992,1.822398,0.164736,S,2.231614,15.772652,60.425747,2,16,4,2014,7
2014-02-07 17:00:00,8.510484,26.345642,36.299992,1.336629,0.153665,S,2.307864,15.300057,58.300869,2,17,4,2014,7
2014-02-07 18:00:00,11.389177,26.013439,36.299992,0.97957,0.166523,SSO,1.718949,14.523027,59.42165,2,18,4,2014,7
2014-02-07 19:00:00,29.215867,25.568506,36.299992,0.651646,0.264892,S,1.081882,13.397298,67.182129,2,19,4,2014,7
2014-02-07 20:00:00,38.717015,25.574966,36.299992,0.467934,0.322589,S,1.222854,12.960041,70.651047,2,20,4,2014,7
2014-02-07 21:00:00,32.748502,25.8386,36.299992,0.387868,0.285278,S,0.906703,12.688572,73.211502,2,21,4,2014,7
2014-02-07 22:00:00,43.45631,25.850435,36.299992,0.290109,0.339861,NO,0.557081,12.279369,73.425758,2,22,4,2014,7
2014-02-07 23:00:00,75.343161,26.476757,36.299992,0.606968,0.806591,N,0.590366,11.171852,77.687111,2,23,4,2014,7
2014-02-08 00:00:00,61.60273,28.036179,36.299992,2.64091,0.916212,NNE,1.271878,10.045753,84.538727,2,0,5,2014,8
2014-02-08 01:00:00,48.737954,27.991184,46.299992,5.471695,0.596165,NNE,1.562294,9.452483,86.565079,2,1,5,2014,8
2014-02-08 02:00:00,41.556121,27.349533,46.299992,5.334972,0.413106,NNE,1.81263,8.662022,87.888573,2,2,5,2014,8
2014-02-08 03:00:00,27.400575,26.438255,46.299992,2.051847,0.281103,NE,1.69615,8.27961,89.096458,2,3,5,2014,8
2014-02-08 04:00:00,20.243512,26.149481,46.299992,0.971586,0.241267,NNE,2.080602,7.881156,90.054092,2,4,5,2014,8
2014-02-08 05:00:00,16.551368,25.91011,46.299992,0.659669,0.213109,NNE,2.396697,7.746236,91.139633,2,5,5,2014,8
2014-02-08 06:00:00,22.898921,26.366524,46.299992,0.899224,0.231829,NNE,1.92224,7.306201,91.641266,2,6,5,2014,8
2014-02-08 07:00:00,27.372576,26.885719,46.299992,0.551897,0.234496,NNE,2.190177,6.919584,91.41626,2,7,5,2014,8
2014-02-08 08:00:00,37.661005,26.90493,46.299992,0.520925,0.334948,NNE,2.768433,6.700787,91.573288,2,8,5,2014,8
2014-02-08 09:00:00,36.206406,26.885414,46.299992,0.819514,0.381653,NNE,2.651389,7.919958,90.646179,2,9,5,2014,8
2014-02-08 10:00:00,31.977282,26.371384,46.299992,1.084968,0.283287,NNE,2.46556,11.026793,82.163544,2,10,5,2014,8
2014-02-08 11:00:00,27.026552,25.941891,46.299992,1.275811,0.249872,NE,2.938005,13.202004,71.880615,2,11,5,2014,8
2014-02-08 12:00:00,18.161266,25.591928,46.299992,1.664286,0.203592,NE,3.597758,14.303078,66.540565,2,12,5,2014,8
2014-02-08 13:00:00,18.005094,25.836205,46.299992,3.004116,0.19013,NE,3.413658,15.740601,53.408993,2,13,5,2014,8
2014-02-08 14:00:00,16.987831,25.556835,46.299992,2.946188,0.190223,ENE,3.244184,16.526379,47.043983,2,14,5,2014,8
2014-02-08 15:00:00,14.204944,25.180695,46.299992,2.390969,0.199468,ENE,2.828188,17.296867,50.223339,2,15,5,2014,8
2014-02-08 16:00:00,13.950162,26.003313,46.299992,1.296608,0.23661,SE,3.281349,16.631996,62.868362,2,16,5,2014,8
2014-02-08 17:00:00,20.204852,26.5021,46.299992,3.017626,0.22157,ESE,3.591153,15.701767,65.637733,2,17,5,2014,8
2014-02-08 18:00:00,21.135029,26.019474,46.299992,1.79616,0.259558,ESE,3.040599,15.47595,64.384644,2,18,5,2014,8
2014-02-08 19:00:00,30.042071,26.194563,46.299992,0.698437,0.345563,E,2.659767,14.630373,73.429375,2,19,5,2014,8
2014-02-08 20:00:00,35.932567,25.642975,46.299992,0.526938,0.387882,E,2.261942,13.971743,83.156387,2,20,5,2014,8
2014-02-08 21:00:00,35.646515,26.043516,46.299992,0.427422,0.399041,ENE,1.91469,13.307893,83.687798,2,21,5,2014,8
2014-02-08 22:00:00,31.364254,31.574387,46.299992,0.299061,0.391335,ENE,2.091949,13.395467,79.570976,2,22,5,2014,8
2014-02-08 23:00:00,25.643632,25.984844,46.299992,0.448424,0.306544,NE,2.539257,13.297108,79.613312,2,23,5,2014,8
2014-02-09 00:00:00,23.238712,25.41259,46.299992,0.819581,0.245049,NE,2.206109,12.634814,82.404724,2,0,6,2014,9
2014-02-09 01:00:00,21.99439,25.359226,19.4,1.207841,0.229489,NNE,1.998645,11.50522,86.259827,2,1,6,2014,9
2014-02-09 02:00:00,17.106224,25.263084,19.4,1.904001,0.181962,NNE,2.444707,10.876101,89.216957,2,2,6,2014,9
2014-02-09 03:00:00,8.935911,25.128731,19.4,0.764181,0.149695,NNE,2.597207,11.013155,88.932022,2,3,6,2014,9
2014-02-09 04:00:00,5.555601,25.040211,19.4,0.853604,0.142895,NE,2.928079,11.306775,87.769905,2,4,6,2014,9
2014-02-09 05:00:00,4.592496,25.374989,19.4,0.583958,0.133064,NE,3.066914,11.41256,87.100754,2,5,6,2014,9
2014-02-09 06:00:00,5.173176,25.121004,19.4,0.471234,0.135171,NE,3.280246,11.361075,87.539276,2,6,6,2014,9
2014-02-09 07:00:00,6.67732,25.095154,19.4,0.464043,0.146747,NE,3.157912,11.051516,88.519196,2,7,6,2014,9
2014-02-09 08:00:00,13.232948,24.903561,19.4,0.441495,0.16586,NNE,3.465009,10.616634,88.916473,2,8,6,2014,9
2014-02-09 09:00:00,14.35563,25.188896,19.4,0.403613,0.202536,NNE,3.342539,11.304945,87.050362,2,9,6,2014,9
2014-02-09 10:00:00,14.420704,25.39333,19.4,0.482488,0.186998,NNE,4.095778,13.065183,82.914597,2,10,6,2014,9
2014-02-09 11:00:00,14.59452,25.284639,19.4,0.528369,0.178447,NE,4.22483,14.401843,79.879654,2,11,6,2014,9
2014-02-09 12:00:00,10.978273,25.215473,19.4,0.518997,0.178885,NE,4.910044,15.522482,78.002472,2,12,6,2014,9
2014-02-09 13:00:00,8.942006,25.561321,19.4,0.495795,0.17422,NE,5.273472,16.269257,75.072136,2,13,6,2014,9
2014-02-09 14:00:00,8.191201,25.848251,19.4,0.457064,0.182825,ENE,4.931139,16.462042,74.019569,2,14,6,2014,9
2014-02-09 15:00:00,8.017605,25.7136,19.4,0.40187,0.176072,NE,5.704782,16.684336,74.087975,2,15,6,2014,9
2014-02-09 16:00:00,9.143531,25.864784,19.4,0.41158,0.182204,ENE,5.000045,16.47764,74.368355,2,16,6,2014,9
2014-02-09 17:00:00,9.41777,25.785872,19.4,0.41373,0.182574,NE,5.553713,16.242161,75.119995,2,17,6,2014,9
2014-02-09 18:00:00,10.21027,25.639347,19.4,0.354408,0.181771,ENE,5.234956,16.118944,76.371521,2,18,6,2014,9
2014-02-09 19:00:00,11.932206,25.525124,19.4,0.313709,0.192785,ENE,5.161384,15.596693,78.995995,2,19,6,2014,9
2014-02-09 20:00:00,11.052709,25.648979,19.4,0.269467,0.183873,NE,5.89263,15.331328,81.39608,2,20,6,2014,9
2014-02-09 21:00:00,10.489328,25.612541,19.4,0.309723,0.181296,NE,5.91435,14.927922,85.839432,2,21,6,2014,9
2014-02-09 22:00:00,8.838579,25.66811,19.4,0.267555,0.161711,NE,6.17353,15.165003,83.598793,2,22,6,2014,9
2014-02-09 23:00:00,5.038975,25.927401,19.4,0.392976,0.150798,NE,6.787245,14.718045,87.558945,2,23,6,2014,9
2014-02-10 00:00:00,2.573803,26.112484,19.4,0.311018,0.132724,ENE,6.643032,14.1495,89.822571,2,0,0,2014,10
2014-02-10 01:00:00,1.941024,26.168941,,0.272335,0.135711,E,4.53548,13.549412,90.408073,2,1,0,2014,10
2014-02-10 02:00:00,2.104669,26.037031,,0.177176,0.147328,ESE,3.49396,12.312881,92.771194,2,2,0,2014,10
2014-02-10 03:00:00,1.702658,28.382053,,0.183896,0.144173,SE,5.052757,13.184808,76.096352,2,3,0,2014,10
2014-02-10 04:00:00,1.582899,30.53871,,0.186329,0.134097,SE,5.20393,13.592857,69.644409,2,4,0,2014,10
2014-02-10 05:00:00,1.781831,31.365089,,0.197236,0.138115,SE,5.114488,13.212384,68.584076,2,5,0,2014,10
2014-02-10 06:00:00,2.603475,31.729019,,0.161492,0.148789,SE,4.70313,12.576443,68.739342,2,6,0,2014,10
2014-02-10 07:00:00,8.632667,29.811605,,0.128852,0.17461,SSE,3.995848,12.002609,74.244225,2,7,0,2014,10
2014-02-10 08:00:00,21.952967,29.10223,,0.155151,0.25584,SSE,4.013242,12.12301,69.420219,2,8,0,2014,10
2014-02-10 09:00:00,26.325562,28.672323,,0.117806,0.300902,SSE,4.083255,12.772181,60.249794,2,9,0,2014,10
2014-02-10 10:00:00,15.274848,31.605215,,0.175163,0.224226,S,4.821449,13.334584,58.876472,2,10,0,2014,10
2014-02-10 11:00:00,9.297864,39.503963,,0.124726,0.194709,S,5.186834,13.743515,53.716072,2,11,0,2014,10
2014-02-10 12:00:00,9.912321,38.365292,,0.140907,0.205169,S,5.139553,13.809385,54.520412,2,12,0,2014,10
2014-02-10 13:00:00,9.991286,34.846401,,0.119368,0.212828,SSE,4.740804,13.935755,51.330109,2,13,0,2014,10
2014-02-10 14:00:00,6.3888490000000004,32.843994,,0.032654,0.179665,S,3.885532,13.951565,48.435246,2,14,0,2014,10
2014-02-10 15:00:00,3.656112,30.550735,,0.080773,0.158638,S,2.998882,14.095303,51.325802,2,15,0,2014,10
2014-02-10 16:00:00,6.385454,31.606985,,0.108007,0.177116,S,3.601272,13.607849,54.539097,2,16,0,2014,10
2014-02-10 17:00:00,5.573319,30.405939,,0.144618,0.171674,S,3.238992,13.566475,53.121078,2,17,0,2014,10
2014-02-10 18:00:00,6.718007,28.281925,,0.147355,0.176322,S,1.944496,13.206921,53.282482,2,18,0,2014,10
2014-02-10 19:00:00,14.800787,26.307911,,0.094158,0.21823,S,0.780702,12.38441,58.166321,2,19,0,2014,10
2014-02-10 20:00:00,34.562985,25.948494,,0.098128,0.345139,S,0.710037,11.900755,61.269604,2,20,0,2014,10
2014-02-10 21:00:00,65.749409,25.884705,,0.077686,0.485163,S,0.5357,11.490734,62.313755,2,21,0,2014,10
2014-02-10 22:00:00,69.235918,26.539577,,0.109379,0.632252,N,0.299926,10.427853,67.374985,2,22,0,2014,10
2014-02-10 23:00:00,89.328266,28.422787,,0.362137,1.235674,ONO,0.648934,9.967201,72.274284,2,23,0,2014,10
2014-02-11 00:00:00,78.081201,29.902821,,1.027416,1.218404,NNE,1.036714,9.230363,79.526619,2,0,1,2014,11
2014-02-11 01:00:00,53.980068,28.73764,,2.063173,0.627503,NE,1.106297,8.622914,81.560875,2,1,1,2014,11
2014-02-11 02:00:00,48.140707,27.043421,,2.650931,0.409332,NNE,1.085927,8.143129,80.777985,2,2,1,2014,11
2014-02-11 03:00:00,31.124473,26.889935,,3.578929,0.295913,NNE,1.609239,7.047077,83.547821,2,3,1,2014,11
2014-02-11 04:00:00,13.34263,26.35129,,2.361335,0.205579,NNE,0.985425,6.835674,83.997963,2,4,1,2014,11
2014-02-11 05:00:00,17.692538,26.240437,,2.999264,0.220819,NNE,1.164232,6.376442,84.150887,2,5,1,2014,11
2014-02-11 06:00:00,21.446415,25.927885,,2.940735,0.217,NNE,1.523842,6.064409,84.573189,2,6,1,2014,11
2014-02-11 07:00:00,41.101116,25.93194,,4.48371,0.282096,NNE,1.286403,6.108059,83.220665,2,7,1,2014,11
2014-02-11 08:00:00,52.784245,26.399561,,4.65099,0.51692,NNE,1.829334,5.652592,83.364326,2,8,1,2014,11
2014-02-11 09:00:00,56.056675,27.384445,,8.428392,0.558564,NNE,1.629602,7.213099,78.580315,2,9,1,2014,11
2014-02-11 10:00:00,45.044109,26.642265,,8.466693,0.428142,N,1.692496,9.561456,71.865479,2,10,1,2014,11
2014-02-11 11:00:00,37.986805,25.953377,,10.553851,0.323799,SE,1.593802,11.978865,63.64119,2,11,1,2014,11
2014-02-11 12:00:00,21.876119,25.746326,,2.559126,0.255873,ESE,1.648835,13.59727,49.685112,2,12,1,2014,11
2014-02-11 13:00:00,15.84228,25.391741,,1.205529,0.223212,ESE,2.008575,13.730017,50.544697,2,13,1,2014,11
2014-02-11 14:00:00,12.350291,25.609154,,0.72381,0.213972,ESE,2.002207,14.359818,45.40564,2,14,1,2014,11
2014-02-11 15:00:00,13.972592,26.93096,,0.249311,0.215943,SE,2.760708,14.055382,48.019394,2,15,1,2014,11
2014-02-11 16:00:00,13.414935,27.290676,,0.480285,0.199428,SE,2.495227,14.013155,52.743511,2,16,1,2014,11
2014-02-11 17:00:00,14.122545,26.485395,,0.532032,0.209176,ESE,1.963,14.152352,54.018925,2,17,1,2014,11
2014-02-11 18:00:00,19.33522,25.972519,,0.472766,0.24817,SE,1.97617,13.610803,59.312431,2,18,1,2014,11
2014-02-11 19:00:00,35.223493,26.582081,,0.559685,0.338797,SE,1.607221,12.907237,65.33036,2,19,1,2014,11
2014-02-11 20:00:00,,,,,,,,,,2,20,1,2014,11
2014-02-11 21:00:00,66.502737,26.372213,,0.443693,0.658147,NE,1.307201,12.117228,71.525513,2,21,1,2014,11
2014-02-11 22:00:00,48.994012,26.210775,,0.75078,0.402715,NE,1.967986,11.980969,73.371582,2,22,1,2014,11
2014-02-11 23:00:00,31.210219,25.727915,,1.437395,0.276303,NNE,2.277775,11.603205,75.321457,2,23,1,2014,11
2014-02-12 00:00:00,18.664919,25.30143,,0.979228,0.217787,NNE,2.170634,11.410182,76.524483,2,0,2,2014,12
2014-02-12 01:00:00,12.852191,25.517756,,0.653226,0.213601,NNE,2.245559,10.63624,80.979309,2,1,2,2014,12
2014-02-12 02:00:00,7.378519,25.530876,,0.428014,0.18742,NE,2.369307,10.201665,83.644379,2,2,2,2014,12
2014-02-12 03:00:00,5.598391,25.605597,,0.485486,0.180992,NNE,2.13941,10.324409,82.074745,2,3,2,2014,12
2014-02-12 04:00:00,4.609737,25.544991,,0.492487,0.175433,NNE,2.513164,10.669954,81.372299,2,4,2,2014,12
2014-02-12 05:00:00,10.78428,25.189297,,0.911458,0.17308,NNE,2.286003,10.912218,80.886276,2,5,2,2014,12
2014-02-12 06:00:00,12.728725,25.245211,,1.163591,0.17328,NNE,2.381421,10.987278,80.611855,2,6,2,2014,12
2014-02-12 07:00:00,26.918465,24.92963,,1.230491,0.195045,NNE,2.086636,11.243552,79.672737,2,7,2,2014,12
2014-02-12 08:00:00,49.216882,25.187534,,1.572128,0.367556,NNE,2.251451,11.32119,78.919106,2,8,2,2014,12
2014-02-12 09:00:00,48.463794,25.749157,,1.964324,0.404586,NNE,2.209104,11.900856,76.10466,2,9,2,2014,12
2014-02-12 10:00:00,35.206608,25.487591,,2.059689,0.299953,NNE,2.709507,13.81444,70.950951,2,10,2,2014,12
2014-02-12 11:00:00,26.874794,25.247749,,1.666905,0.266423,NE,2.610057,15.581637,72.536118,2,11,2,2014,12
2014-02-12 12:00:00,20.022719,24.875586,,1.393329,0.261597,ENE,2.450349,16.231543,72.687828,2,12,2,2014,12
2014-02-12 13:00:00,15.988945,24.82374,,1.28294,0.212677,ENE,2.09866,16.970793,71.66748,2,13,2,2014,12
2014-02-12 14:00:00,10.220427,25.204916,,1.08536,0.193192,SE,2.646401,17.176161,71.010262,2,14,2,2014,12
2014-02-12 15:00:00,9.018514,28.583378,,0.691172,0.188488,SE,2.320577,17.422939,70.121117,2,15,2,2014,12
2014-02-12 16:00:00,9.772499,29.189505,,0.57774,0.199808,SE,2.564813,17.428432,70.286835,2,16,2,2014,12
2014-02-12 17:00:00,12.425278,25.546774,,0.634368,0.195908,SE,2.791237,17.179686,69.882881,2,17,2,2014,12
2014-02-12 18:00:00,20.347732,25.411278,,0.296378,0.220848,ESE,2.143349,16.430632,75.848587,2,18,2,2014,12
2014-02-12 19:00:00,40.920629,25.268396,,0.159754,0.377999,SE,1.134222,15.660695,81.188644,2,19,2,2014,12
2014-02-12 20:00:00,43.875412,25.598669,,0.189543,0.447707,ESE,1.262019,15.109447,84.94149,2,20,2,2014,12
2014-02-12 21:00:00,43.057638,25.4834,,0.055496,0.380233,SE,0.974595,14.765665,86.967224,2,21,2,2014,12
2014-02-12 22:00:00,50.842055,25.705961,,0.085587,0.439255,N,0.382064,14.311315,89.794464,2,22,2,2014,12
2014-02-12 23:00:00,60.298152,27.724491,,0.135051,0.937282,SSO,1.084857,13.305822,92.600861,2,23,2,2014,12
2014-02-13 00:00:00,55.915926,29.507465,,1.061443,0.915935,NE,0.651398,13.00169,93.666084,2,0,3,2014,13
2014-02-13 01:00:00,44.766142,28.662289,,1.913133,0.843203,NNE,1.364682,12.190437,94.131348,2,1,3,2014,13
2014-02-13 02:00:00,39.138285,27.811539,,2.475584,0.408945,S,1.345208,11.910424,94.850967,2,2,3,2014,13
2014-02-13 03:00:00,28.636083,26.6556,,2.452376,0.207315,E,1.098049,12.32465,96.021049,2,3,3,2014,13
2014-02-13 04:00:00,15.128917,25.832001,,1.978657,0.118118,S,0.877157,12.66161,96.494781,2,4,3,2014,13
2014-02-13 05:00:00,5.958726,25.474474,,0.701863,0.076456,O,1.180732,12.566505,96.700851,2,5,3,2014,13
2014-02-13 06:00:00,9.021167,25.162325,,0.451524,0.092183,E,1.075037,12.356493,96.670395,2,6,3,2014,13
2014-02-13 07:00:00,21.447969,25.132292,,0.430102,0.116253,E,1.359021,12.237855,96.327492,2,7,3,2014,13
2014-02-13 08:00:00,28.326458,25.728439,,0.221455,0.204232,S,1.070494,11.891428,95.606018,2,8,3,2014,13
2014-02-13 09:00:00,39.114259,25.985188,,3.432643,0.418034,E,0.896334,12.401672,92.945618,2,9,3,2014,13
2014-02-13 10:00:00,47.816842,26.867289,,8.218589,0.441611,ONO,0.88355,14.621449,79.194511,2,10,3,2014,13
2014-02-13 11:00:00,50.135998,26.403431,,2.809921,0.487358,SO,1.022122,16.611408,70.322342,2,11,3,2014,13
2014-02-13 12:00:00,66.656692,26.0254,,6.907904,0.571847,SSO,1.493556,17.483814,68.116638,2,12,3,2014,13
2014-02-13 13:00:00,40.01692,25.989063,,6.888526,0.349625,S,1.689237,17.775631,68.985985,2,13,3,2014,13
2014-02-13 14:00:00,23.035666,26.460049,,4.608954,0.26166,S,1.710291,17.998024,70.431244,2,14,3,2014,13
2014-02-13 15:00:00,38.487398,25.750132,,15.541443,0.261166,SO,1.487728,18.845467,66.322914,2,15,3,2014,13
2014-02-13 16:00:00,21.865884,25.707975,,11.880536,0.182575,S,2.351965,17.681044,70.798019,2,16,3,2014,13
2014-02-13 17:00:00,14.721716,25.468596,,2.705025,0.184272,S,1.578177,17.342962,72.646477,2,17,3,2014,13
2014-02-13 18:00:00,13.232153,25.381447,,1.530951,0.147195,S,2.197693,16.24894,78.245071,2,18,3,2014,13
2014-02-13 19:00:00,15.270362,25.630606,,0.998252,0.1603,S,1.604363,15.092893,87.781059,2,19,3,2014,13
2014-02-13 20:00:00,30.522664,25.195944,,0.839915,0.289642,N,0.601504,14.547544,90.823593,2,20,3,2014,13
2014-02-13 21:00:00,20.794931,25.262766,,0.672525,0.210366,SO,1.110032,14.486126,92.015015,2,21,3,2014,13
2014-02-13 22:00:00,24.397666,25.193775,,0.590914,0.175522,OSO,1.211267,14.226189,92.202789,2,22,3,2014,13
2014-02-13 23:00:00,34.55037,25.360815,,2.416433,0.209893,ONO,0.724887,13.81583,92.312126,2,23,3,2014,13
2014-02-14 00:00:00,45.689378,26.031504,,2.974989,0.465706,NNO,1.2002,12.855034,93.702759,2,0,4,2014,14
2014-02-14 01:00:00,27.88837,26.312611,,1.439405,0.297298,NNO,1.464865,11.922123,94.848145,2,1,4,2014,14
2014-02-14 02:00:00,7.739104,25.555796,,0.807024,0.145616,NNO,1.493523,12.245112,96.056847,2,2,4,2014,14
2014-02-14 03:00:00,8.663882,25.31856,,0.613948,0.161725,SSO,1.228568,12.293342,96.696877,2,3,4,2014,14
2014-02-14 04:00:00,17.335005,25.238871,,1.112592,0.196472,NE,1.196748,11.754883,96.886986,2,4,4,2014,14
2014-02-14 05:00:00,18.466822,25.439129,,1.205454,0.273859,SO,0.455667,11.166767,96.843773,2,5,4,2014,14
2014-02-14 06:00:00,18.977989,25.617231,,1.146736,0.299188,N,0.158433,10.465532,96.871216,2,6,4,2014,14
2014-02-14 07:00:00,25.949195,26.087605,,0.954664,0.389425,N,0.310377,10.422735,96.843475,2,7,4,2014,14
2014-02-14 08:00:00,32.605356,26.497482,,0.841736,0.581704,N,0.666798,10.165479,96.6633,2,8,4,2014,14
2014-02-14 09:00:00,33.762902,26.724871,,0.714754,0.649071,E,1.625556,11.647603,95.929108,2,9,4,2014,14
2014-02-14 10:00:00,17.514835,26.038,,0.682556,0.26524,ENE,4.164042,12.856293,92.627762,2,10,4,2014,14
2014-02-14 11:00:00,19.359708,,,2.039899,0.203956,ENE,4.262732,14.045176,87.387054,2,11,4,2014,14
2014-02-14 12:00:00,21.077039,27.69018,,3.566052,0.165946,ENE,3.445807,15.841435,79.828445,2,12,4,2014,14
2014-02-14 13:00:00,14.789762,27.138699,,2.948551,0.153146,ESE,3.864707,16.761658,74.159508,2,13,4,2014,14
2014-02-14 14:00:00,10.046365,26.83506,,1.478918,0.098279,E,3.571811,17.146923,71.179146,2,14,4,2014,14
2014-02-14 15:00:00,13.473371,26.511105,,1.247125,0.151653,SE,2.641732,17.827564,70.783234,2,15,4,2014,14
2014-02-14 16:00:00,16.185921,26.89002,,1.178453,0.134505,ESE,2.583235,17.652212,71.846184,2,16,4,2014,14
2014-02-14 17:00:00,24.308175,26.844461,,1.11524,0.208871,ESE,2.031199,17.921007,70.518082,2,17,4,2014,14
2014-02-14 18:00:00,24.001125,26.721195,,0.853636,0.180012,ESE,2.150324,16.403126,73.966454,2,18,4,2014,14
2014-02-14 19:00:00,48.841657,26.336634,,0.996588,0.339164,E,1.365359,15.894447,76.525169,2,19,4,2014,14
2014-02-14 20:00:00,62.252633,26.83498,,1.446953,0.585814,E,1.084979,15.163847,79.269691,2,20,4,2014,14
2014-02-14 21:00:00,49.636319,27.062136,,1.504703,0.3716,ENE,1.660109,14.758033,78.160797,2,21,4,2014,14
2014-02-14 22:00:00,47.193522,26.669334,,1.959932,0.343009,NE,1.991376,14.228662,77.004913,2,22,4,2014,14
2014-02-14 23:00:00,30.5651,26.589016,,1.826737,0.19924,NNE,2.321469,13.938809,82.049614,2,23,4,2014,14
2014-02-15 00:00:00,17.370082,25.925697,,1.174856,0.106728,NNE,2.713682,13.844011,85.43013,2,0,5,2014,15
2014-02-15 01:00:00,12.643306,26.193254,,1.369304,0.088523,NNE,2.977871,12.722795,87.167633,2,1,5,2014,15
2014-02-15 02:00:00,10.272583,26.100611,,2.334995,0.099917,NNE,3.332529,12.390512,86.717125,2,2,5,2014,15
2014-02-15 03:00:00,8.823747,26.069527,,2.188778,0.09609,NNE,3.056285,12.183348,87.145058,2,3,5,2014,15
2014-02-15 04:00:00,12.899607,26.23724,,2.229525,0.076918,NNE,2.697888,11.659539,88.682404,2,4,5,2014,15
2014-02-15 05:00:00,9.269051,25.989111,,1.869878,0.070591,NNE,3.12354,11.439421,89.147194,2,5,5,2014,15
2014-02-15 06:00:00,10.349226,26.056036,,1.667965,0.098115,NNE,2.670045,11.03744,89.548157,2,6,5,2014,15
2014-02-15 07:00:00,17.415882,26.184883,,2.215975,0.075791,NNE,3.077645,10.954885,90.021393,2,7,5,2014,15
2014-02-15 08:00:00,24.16833,26.056005,,1.917047,0.106382,NNE,3.527408,11.096622,90.065216,2,8,5,2014,15
2014-02-15 09:00:00,27.865428,26.208534,,2.083996,0.163555,NNE,2.916019,11.994432,89.067726,2,9,5,2014,15
2014-02-15 10:00:00,20.673966,,,2.269855,0.130792,NNE,3.967402,13.867077,82.306969,2,10,5,2014,15
2014-02-15 11:00:00,14.563792,,,1.572582,0.090236,NNE,3.011755,15.532522,75.024323,2,11,5,2014,15
2014-02-15 12:00:00,12.075706,,,1.355183,0.071688,ENE,2.412553,16.795067,67.991714,2,12,5,2014,15
2014-02-15 13:00:00,11.380517,,,0.962367,0.109328,SE,3.537688,16.323631,72.398788,2,13,5,2014,15
2014-02-15 14:00:00,10.027853,,,0.922456,0.095378,SE,3.852609,16.293407,73.352112,2,14,5,2014,15
2014-02-15 15:00:00,9.252694,,,0.719119,0.096138,SE,3.923836,16.133087,73.324203,2,15,5,2014,15
2014-02-15 16:00:00,10.85308,,,0.912595,0.108553,SE,3.655307,15.755998,77.493958,2,16,5,2014,15
2014-02-15 17:00:00,9.834872,,,0.673588,0.083587,SSE,4.653817,15.45753,77.949692,2,17,5,2014,15
2014-02-15 18:00:00,10.704349,,,0.552984,0.08499,S,5.57134,13.753422,84.447624,2,18,5,2014,15
2014-02-15 19:00:00,8.492276,31.349586,,0.438102,0.071428,S,5.681633,12.537271,86.645065,2,19,5,2014,15
2014-02-15 20:00:00,8.965356,29.212275,,0.315322,0.073012,S,4.367874,12.165983,83.994232,2,20,5,2014,15
2014-02-15 21:00:00,8.501097,28.297573,,0.293083,0.065206,S,3.935713,12.457806,77.211464,2,21,5,2014,15
2014-02-15 22:00:00,9.12329,26.729622,,0.252163,0.081224,SSO,2.445994,12.422359,78.830956,2,22,5,2014,15
2014-02-15 23:00:00,7.706863,26.224026,,0.153349,0.071908,SSO,1.756608,12.373622,80.124168,2,23,5,2014,15
2014-02-16 00:00:00,11.438098,26.235825,,0.269617,0.089554,SSO,1.287848,12.056942,84.170326,2,0,6,2014,16
2014-02-16 01:00:00,6.771446,26.013515,,0.238864,0.065723,SSO,2.038418,11.240905,87.051918,2,1,6,2014,16
2014-02-16 02:00:00,5.36027,25.830421,,0.185701,0.064805,OSO,1.75048,11.322103,89.562027,2,2,6,2014,16
2014-02-16 03:00:00,5.415935,25.917229,,0.269005,0.059252,SO,1.998401,11.421749,87.620911,2,3,6,2014,16
2014-02-16 04:00:00,4.430058,25.625954,,0.110613,0.058931,OSO,1.930135,11.609953,85.453156,2,4,6,2014,16
2014-02-16 05:00:00,6.630874,25.578535,,0.183063,0.067425,SO,1.565313,11.46723,86.033539,2,5,6,2014,16
2014-02-16 06:00:00,4.099334,25.424765,,0.20006,0.054548,S,1.952363,10.284662,89.577972,2,6,6,2014,16
2014-02-16 07:00:00,4.509122,24.506025,,0.207285,0.056469,S,1.773762,10.546427,84.518143,2,7,6,2014,16
2014-02-16 08:00:00,7.897334,27.879681,,0.179955,0.065856,N,1.319474,11.085501,81.650543,2,8,6,2014,16
2014-02-16 09:00:00,14.99191,26.966688,,1.029248,0.10624,O,2.073694,11.343233,81.803406,2,9,6,2014,16
2014-02-16 10:00:00,19.929541,26.462933,,3.339519,0.157734,O,2.243403,11.666798,84.955597,2,10,6,2014,16
2014-02-16 11:00:00,16.63028,26.542891,,3.146248,0.154454,O,3.16444,12.179145,80.968147,2,11,6,2014,16
2014-02-16 12:00:00,10.244239,26.169102,,4.002624,0.090625,OSO,2.702134,13.446404,71.332245,2,12,6,2014,16
2014-02-16 13:00:00,7.159407,25.865398,,3.900101,0.080527,OSO,2.699446,14.277027,66.175247,2,13,6,2014,16
2014-02-16 14:00:00,6.144558,26.132221,,1.024076,0.068227,SSO,3.051864,13.857275,68.431648,2,14,6,2014,16
2014-02-16 15:00:00,5.965912,26.193645,,0.671147,0.063324,SO,2.731357,13.745754,70.740059,2,15,6,2014,16
2014-02-16 16:00:00,5.735967,26.210781,,0.497045,0.062147,SSO,3.212287,13.4769,66.010773,2,16,6,2014,16
2014-02-16 17:00:00,7.018648,26.148396,,0.412998,0.070617,SO,2.92963,12.999485,66.797638,2,17,6,2014,16
2014-02-16 18:00:00,8.699866,26.441,,0.346836,0.078546,SO,2.807053,12.68959,67.43396,2,18,6,2014,16
2014-02-16 19:00:00,10.779633,26.186235,,0.343584,0.087121,OSO,2.837317,12.081122,68.468147,2,19,6,2014,16
2014-02-16 20:00:00,12.151588,26.205872,,0.27372,0.103799,SO,2.667048,11.947015,69.852661,2,20,6,2014,16
2014-02-16 21:00:00,13.363635,26.255074,,0.282689,0.112327,OSO,2.461505,11.784659,69.607071,2,21,6,2014,16
2014-02-16 22:00:00,13.687789,26.341705,,0.364725,0.107796,OSO,2.06867,11.685552,68.00721,2,22,6,2014,16
2014-02-16 23:00:00,10.905886,26.294273,,0.32449,0.097606,SO,1.451816,11.633152,68.328995,2,23,6,2014,16
2014-02-17 00:00:00,7.366114,26.085356,,0.263761,0.076592,S,1.32259,11.52523,67.569122,2,0,0,2014,17
2014-02-17 01:00:00,5.559276,27.268894,,0.168357,0.062746,S,1.311383,11.543577,65.049248,2,1,0,2014,17
2014-02-17 02:00:00,4.875661,26.26158,,0.200859,0.049062,SSO,1.286695,11.464958,62.556637,2,2,0,2014,17
2014-02-17 03:00:00,4.643277,26.392706,,0.248598,0.043027,S,1.965146,11.720283,60.159813,2,3,0,2014,17
2014-02-17 04:00:00,4.595636,26.495525,,0.31365,0.040547,S,1.930602,11.762885,60.238052,2,4,0,2014,17
2014-02-17 05:00:00,5.617423,26.540432,,0.393571,0.064331,N,1.512447,11.246875,64.431076,2,5,0,2014,17
2014-02-17 06:00:00,24.445912,26.210815,,1.576448,0.164852,NNE,1.975163,8.318784,80.810364,2,6,0,2014,17
2014-02-17 07:00:00,37.305813,27.28528,,2.773839,0.223036,NNE,1.466375,7.706553,87.264206,2,7,0,2014,17
2014-02-17 08:00:00,45.123338,27.27298,,0.927416,0.425662,NNE,2.172403,7.687356,88.412018,2,8,0,2014,17
2014-02-17 09:00:00,55.258959,27.804932,,2.891901,0.676208,NNE,1.885063,8.521267,87.143669,2,9,0,2014,17
2014-02-17 10:00:00,52.057864,27.9422,,3.602132,0.39659,NNE,1.835357,10.029338,82.265862,2,10,0,2014,17
2014-02-17 11:00:00,47.97135,27.586561,,4.874179,0.365127,ENE,1.301228,12.063288,72.26828,2,11,0,2014,17
2014-02-17 12:00:00,38.286991,26.88443,,2.736416,0.274464,ESE,1.54833,12.5467,70.579666,2,12,0,2014,17
2014-02-17 13:00:00,20.76943,26.59549,,1.758793,0.18483,SSE,1.884591,13.101372,68.019798,2,13,0,2014,17
2014-02-17 14:00:00,10.605626,26.134956,,1.06038,0.08136,S,2.164022,13.383389,61.728317,2,14,0,2014,17
2014-02-17 15:00:00,13.766734,,,0.852478,0.091494,SSE,1.564144,13.283437,60.932568,2,15,0,2014,17
2014-02-17 16:00:00,17.385811,,,0.711849,0.113545,SE,1.735703,13.292629,59.977577,2,16,0,2014,17
2014-02-17 17:00:00,21.867275,,,0.458207,0.139931,ESE,1.810786,13.175344,59.866837,2,17,0,2014,17
2014-02-17 18:00:00,25.124064,,,0.455102,0.162604,ESE,1.251141,12.941865,62.304802,2,18,0,2014,17
2014-02-17 19:00:00,41.822598,,,0.527792,0.270053,E,0.912952,12.728392,65.65873,2,19,0,2014,17
2014-02-17 20:00:00,80.05231,,,0.644858,0.856128,NE,0.679998,12.39794,69.011536,2,20,0,2014,17
2014-02-17 21:00:00,84.219396,,,0.78627,1.022656,NNE,0.839783,11.857544,72.918701,2,21,0,2014,17
2014-02-17 22:00:00,81.20944,,,0.927878,1.117003,ENE,0.628408,11.224051,76.996407,2,22,0,2014,17
2014-02-17 23:00:00,58.5296,,,0.782313,0.877756,NE,1.106797,10.442373,81.899666,2,23,0,2014,17
2014-02-18 00:00:00,43.791844,,,0.452522,0.442236,ENE,0.892236,10.736055,79.47377,2,0,1,2014,18
2014-02-18 01:00:00,41.572999,,,0.549724,0.373939,NE,1.202091,9.636345,82.628166,2,1,1,2014,18
2014-02-18 02:00:00,33.147025,,,0.957465,0.272848,NE,1.184875,8.951025,84.334145,2,2,1,2014,18
2014-02-18 03:00:00,23.382443,,,1.472246,0.213889,NNE,1.106972,8.557252,85.559113,2,3,1,2014,18
2014-02-18 04:00:00,16.131179,,,1.774909,0.138371,NNE,1.312757,9.210217,87.504601,2,4,1,2014,18
2014-02-18 05:00:00,12.053179,,,1.351415,0.090609,NNE,1.58705,9.805521,89.685585,2,5,1,2014,18
2014-02-18 06:00:00,10.290152,,,1.344131,0.075925,ENE,1.975469,9.81061,91.59581,2,6,1,2014,18
2014-02-18 07:00:00,19.914129,26.22217,,0.853805,0.099208,NNE,2.017623,9.745184,92.536285,2,7,1,2014,18
2014-02-18 08:00:00,34.960339,26.292883,,1.129634,0.189599,S,2.434493,9.30403,93.154991,2,8,1,2014,18
2014-02-18 09:00:00,37.221531,26.340515,,1.473901,0.209595,NE,3.672611,9.462318,93.047577,2,9,1,2014,18
2014-02-18 10:00:00,32.924585,26.57877,,1.343656,0.182346,NE,3.988508,11.034016,88.708046,2,10,1,2014,18
2014-02-18 11:00:00,22.663767,26.267151,,1.140731,0.158048,NE,3.61786,12.134478,81.106285,2,11,1,2014,18
2014-02-18 12:00:00,18.77385,,,0.749544,0.139064,ENE,3.425916,12.747652,79.946243,2,12,1,2014,18
2014-02-18 13:00:00,18.028401,,,0.628756,0.142309,E,2.896811,13.368163,75.782684,2,13,1,2014,18
2014-02-18 14:00:00,16.670328,,,0.521806,0.169981,SE,3.017979,12.831396,76.618942,2,14,1,2014,18
2014-02-18 15:00:00,16.633213,,,0.452023,0.143926,SSE,3.549488,13.503693,78.085976,2,15,1,2014,18
2014-02-18 16:00:00,13.460788,,,0.371918,0.126099,SSE,4.756939,13.631085,72.086594,2,16,1,2014,18
2014-02-18 17:00:00,11.682311,,,0.255866,0.097252,S,5.228528,13.465332,72.711975,2,17,1,2014,18
2014-02-18 18:00:00,14.628585,,,0.262717,0.108434,S,4.245841,13.145195,67.920433,2,18,1,2014,18
2014-02-18 19:00:00,20.877005,,,0.212863,0.127824,S,3.570908,12.923447,65.771797,2,19,1,2014,18
2014-02-18 20:00:00,26.894257,,,0.245189,0.1698,S,3.353848,12.886883,63.026718,2,20,1,2014,18
2014-02-18 21:00:00,38.1268,,,0.256472,0.243882,S,1.777278,12.635631,66.88485,2,21,1,2014,18
2014-02-18 22:00:00,25.454884,,,0.196982,0.196192,SSE,2.065943,12.851508,68.623116,2,22,1,2014,18
2014-02-18 23:00:00,31.082105,,,0.138869,0.259208,SE,1.658999,12.657473,73.331299,2,23,1,2014,18
2014-02-19 00:00:00,22.407851,,,0.126288,0.203947,SE,1.4609,12.408693,73.745651,2,0,2,2014,19
2014-02-19 01:00:00,9.216789,,34.799992,0.15007,0.095953,SSE,2.153148,12.708278,73.604622,2,1,2,2014,19
2014-02-19 02:00:00,5.837331,,34.799992,0.152032,0.058479,SSE,2.194602,12.174023,77.282341,2,2,2,2014,19
2014-02-19 03:00:00,5.957643,,34.799992,0.160285,0.059144,SSE,1.675828,11.738092,79.888206,2,3,2,2014,19
2014-02-19 04:00:00,5.177332,,34.799992,0.112225,0.053413,SSE,2.655678,12.52506,76.160011,2,4,2,2014,19
2014-02-19 05:00:00,5.740893,,34.799992,0.064481,0.04262,S,3.513805,12.477952,70.750839,2,5,2,2014,19
2014-02-19 06:00:00,5.97205,,34.799992,0.079376,0.063812,SSE,2.106712,12.43301,72.94854,2,6,2,2014,19
2014-02-19 07:00:00,31.195738,26.062769,34.799992,0.041794,0.239499,O,0.608189,11.512885,79.57048,2,7,2,2014,19
2014-02-19 08:00:00,71.627461,27.705029,34.799992,0.636715,0.917921,NNE,0.949351,10.064813,87.248978,2,8,2,2014,19
2014-02-19 09:00:00,67.203402,30.219784,34.799992,5.919097,0.946215,NNE,1.496599,10.460451,89.021965,2,9,2,2014,19
2014-02-19 10:00:00,43.352731,28.042961,34.799992,8.887554,0.358419,NNE,1.892441,12.212282,82.922394,2,10,2,2014,19
2014-02-19 11:00:00,37.071299,27.066956,34.799992,4.059068,0.248203,ENE,1.105344,13.791784,72.394066,2,11,2,2014,19
2014-02-19 12:00:00,16.045833,26.289051,34.799992,1.888293,0.123259,S,1.713728,14.634103,60.907303,2,12,2,2014,19
2014-02-19 13:00:00,17.458947,26.05368,34.799992,1.079935,0.124959,SSE,2.512544,14.794596,59.968178,2,13,2,2014,19
2014-02-19 14:00:00,8.157837,,34.799992,0.636533,0.061363,S,2.736392,14.705768,60.708847,2,14,2,2014,19
2014-02-19 15:00:00,6.46763,,34.799992,0.379052,0.056175,S,2.845214,14.76007,60.995171,2,15,2,2014,19
2014-02-19 16:00:00,7.616167,,34.799992,0.339806,0.054227,S,2.740564,14.911642,59.85524,2,16,2,2014,19
2014-02-19 17:00:00,6.692663,,34.799992,0.198229,0.04315,S,2.427062,14.670325,58.69376,2,17,2,2014,19
2014-02-19 18:00:00,8.382957,,34.799992,0.178602,0.05698,S,2.219423,14.157334,59.956615,2,18,2,2014,19
2014-02-19 19:00:00,21.748208,,34.799992,0.133935,0.122277,S,1.380022,13.276487,64.172226,2,19,2,2014,19
2014-02-19 20:00:00,47.361681,,34.799992,0.130373,0.268298,S,0.792192,12.696783,68.594116,2,20,2,2014,19
2014-02-19 21:00:00,57.005463,,34.799992,0.15741,0.355183,S,0.466447,12.14309,71.787064,2,21,2,2014,19
2014-02-19 22:00:00,68.106759,,34.799992,0.118465,0.408745,S,0.455201,11.925515,74.370193,2,22,2,2014,19
2014-02-19 23:00:00,66.830778,,34.799992,0.133895,0.457086,NO,0.326115,11.716318,76.652069,2,23,2,2014,19
2014-02-20 00:00:00,71.325468,,34.799992,3.723806,0.847191,NNE,1.33467,10.164595,82.81105,2,0,3,2014,20
2014-02-20 01:00:00,51.808337,,47.799992,6.619325,0.628218,NNE,1.345126,9.368743,86.063828,2,1,3,2014,20
2014-02-20 02:00:00,37.351616,,47.799992,7.147016,0.268329,N,1.423471,9.066512,87.88485,2,2,3,2014,20
2014-02-20 03:00:00,27.140755,,47.799992,5.913844,0.156993,E,1.285825,9.19648,87.733986,2,3,3,2014,20
2014-02-20 04:00:00,19.571297,,47.799992,3.251732,0.113682,NNE,1.33149,8.626307,87.478699,2,4,3,2014,20
2014-02-20 05:00:00,23.445384,,47.799992,4.745754,0.11514,NNE,1.213248,8.158358,88.477692,2,5,3,2014,20
2014-02-20 06:00:00,25.878232,,47.799992,4.473975,0.115556,NNE,1.139523,7.742539,89.058372,2,6,3,2014,20
2014-02-20 07:00:00,39.270819,,47.799992,4.213177,0.188089,NNE,1.15619,7.464897,89.305313,2,7,3,2014,20
2014-02-20 08:00:00,52.644706,,47.799992,4.840625,0.478908,NNE,1.568577,7.345204,88.490227,2,8,3,2014,20
2014-02-20 09:00:00,52.428499,,47.799992,8.146171,0.399526,E,1.746419,8.86318,84.688171,2,9,3,2014,20
2014-02-20 10:00:00,36.345774,,47.799992,3.451651,0.204651,S,2.150001,11.67141,75.885994,2,10,3,2014,20
2014-02-20 11:00:00,19.487799,26.566071,47.799992,2.612809,0.120836,ONO,2.042921,13.935453,67.278519,2,11,3,2014,20
2014-02-20 12:00:00,17.402638,26.037605,47.799992,3.065109,0.15631,O,2.399845,15.22839,60.287609,2,12,3,2014,20
2014-02-20 13:00:00,11.65719,25.566013,47.799992,3.349723,0.088776,O,2.245723,16.293777,56.002605,2,13,3,2014,20
2014-02-20 14:00:00,8.772687,25.619705,47.799992,2.419322,0.086941,OSO,2.364457,16.269024,55.371655,2,14,3,2014,20
2014-02-20 15:00:00,7.500289,25.934189,47.799992,1.143574,0.080507,S,2.590584,15.591708,58.313416,2,15,3,2014,20
2014-02-20 16:00:00,8.069792,25.790916,47.799992,0.829238,0.090209,SSO,1.898825,15.80806,59.243584,2,16,3,2014,20
2014-02-20 17:00:00,11.058724,26.46612,47.799992,0.83221,0.105173,SSO,1.979114,15.616093,60.911438,2,17,3,2014,20
2014-02-20 18:00:00,11.735275,25.902765,47.799992,0.774196,0.102628,S,1.751751,14.820237,63.808163,2,18,3,2014,20
2014-02-20 19:00:00,19.781814,26.169624,47.799992,0.715664,0.154215,S,1.305112,13.510477,71.233948,2,19,3,2014,20
2014-02-20 20:00:00,42.301482,26.239655,47.799992,0.531829,0.310352,SSE,0.531423,12.923378,75.452103,2,20,3,2014,20
2014-02-20 21:00:00,65.09552,26.589926,47.799992,0.574766,0.420826,NO,0.613035,12.359343,80.303925,2,21,3,2014,20
2014-02-20 22:00:00,73.926501,26.9519,47.799992,0.664064,0.450338,N,0.300564,12.318505,82.171783,2,22,3,2014,20
2014-02-20 23:00:00,81.415483,27.73966,47.799992,0.690203,0.731107,SSE,0.716036,11.58292,86.034592,2,23,3,2014,20
2014-02-21 00:00:00,80.949473,29.29331,47.799992,1.325289,1.176249,NNE,1.122172,10.750301,88.23748,2,0,4,2014,21
2014-02-21 01:00:00,53.574237,28.949709,42.400002,3.849411,0.631647,NNE,1.667372,9.611654,89.549637,2,1,4,2014,21
2014-02-21 02:00:00,41.688541,28.170597,42.400002,4.316375,0.29123,NNE,1.439023,8.873219,90.756027,2,2,4,2014,21
2014-02-21 03:00:00,32.532536,27.682449,42.400002,4.721324,0.279998,NNE,0.936197,8.588015,91.323364,2,3,4,2014,21
2014-02-21 04:00:00,31.913132,27.098721,42.400002,4.06975,0.205968,NNE,1.257159,8.159918,91.455963,2,4,4,2014,21
2014-02-21 05:00:00,33.471069,25.774734,42.400002,6.705131,0.193708,NNE,1.772936,7.875763,91.749817,2,5,4,2014,21
2014-02-21 06:00:00,29.139522,26.851067,42.400002,5.103999,0.198241,NNE,1.478047,8.245014,92.10202,2,6,4,2014,21
2014-02-21 07:00:00,34.46768,27.595856,42.400002,4.600202,0.176458,E,1.290837,8.453026,91.582954,2,7,4,2014,21
2014-02-21 08:00:00,45.08259,26.824097,42.400002,5.505778,0.378835,NNE,1.668321,9.131598,89.376305,2,8,4,2014,21
2014-02-21 09:00:00,46.850898,27.19322,42.400002,9.574108,0.467213,NNE,1.765914,10.20594,85.007355,2,9,4,2014,21
2014-02-21 10:00:00,44.900227,,42.400002,16.712286,0.310234,S,2.122926,12.706686,75.681015,2,10,4,2014,21
2014-02-21 11:00:00,32.469672,,42.400002,14.442976,0.188994,SE,1.44731,15.064915,67.839531,2,11,4,2014,21
2014-02-21 12:00:00,15.797977,,42.400002,4.490836,0.14949,SE,2.467808,15.868093,66.428505,2,12,4,2014,21
2014-02-21 13:00:00,12.486915,,42.400002,3.15445,0.131883,SSE,2.595039,15.748233,70.022995,2,13,4,2014,21
2014-02-21 14:00:00,10.201754,,42.400002,2.052685,0.111166,SSE,3.349181,15.139698,74.023926,2,14,4,2014,21
2014-02-21 15:00:00,9.325748,24.146259,42.400002,1.310871,0.101452,S,2.17338,14.037476,84.40966,2,15,4,2014,21
2014-02-21 16:00:00,15.605133,,42.400002,0.730702,0.106826,OSO,2.335843,13.332212,88.003387,2,16,4,2014,21
2014-02-21 17:00:00,20.685243,,42.400002,0.834912,0.106532,OSO,2.481666,12.918157,88.793198,2,17,4,2014,21
2014-02-21 18:00:00,25.182962,,42.400002,0.690831,0.135364,OSO,2.005844,12.5584,89.882607,2,18,4,2014,21
2014-02-21 19:00:00,12.413779,,42.400002,0.646575,0.08931,SSO,1.565328,12.473575,84.050529,2,19,4,2014,21
2014-02-21 20:00:00,17.790893,,42.400002,0.446248,0.125526,SO,1.271322,12.599575,78.660583,2,20,4,2014,21
2014-02-21 21:00:00,22.913974,,42.400002,0.507871,0.121618,OSO,1.554356,12.837944,80.536324,2,21,4,2014,21
2014-02-21 22:00:00,14.116926,,42.400002,0.504232,0.090021,OSO,2.232213,12.102797,84.22731,2,22,4,2014,21
2014-02-21 23:00:00,17.902965,,42.400002,1.016768,0.10621,O,1.778903,11.481205,88.043777,2,23,4,2014,21
2014-02-22 00:00:00,16.852808,,42.400002,1.018274,0.102941,O,1.398066,11.29273,85.50885,2,0,5,2014,22
2014-02-22 01:00:00,20.114419,,23.79999,1.733986,0.153035,O,1.364715,11.211265,84.133217,2,1,5,2014,22
2014-02-22 02:00:00,20.133635,,23.79999,1.506855,0.153206,O,1.780302,11.190707,82.240402,2,2,5,2014,22
2014-02-22 03:00:00,10.839716,,23.79999,0.752702,0.116999,O,1.71496,11.039474,80.082642,2,3,5,2014,22
2014-02-22 04:00:00,13.151387,,23.79999,0.733364,0.101487,ONO,0.760253,10.016041,83.228485,2,4,5,2014,22
2014-02-22 05:00:00,11.122111,,23.79999,0.609654,0.093498,N,0.821971,9.723307,85.996536,2,5,5,2014,22
2014-02-22 06:00:00,10.961446,,23.79999,0.643729,0.09322,O,1.81599,10.20682,82.632172,2,6,5,2014,22
2014-02-22 07:00:00,15.359334,,23.79999,0.546893,0.078174,NO,1.362083,9.723952,82.15567,2,7,5,2014,22
2014-02-22 08:00:00,19.742422,,23.79999,0.540913,0.083481,NO,0.954417,9.735008,82.118698,2,8,5,2014,22
2014-02-22 09:00:00,24.666934,,23.79999,0.695303,0.139585,ONO,2.731103,11.014173,74.331902,2,9,5,2014,22
2014-02-22 10:00:00,19.819508,,23.79999,1.00989,0.14914,ONO,3.930789,12.433994,62.953194,2,10,5,2014,22
2014-02-22 11:00:00,10.955515,,23.79999,0.93552,0.089201,O,4.847379,13.684572,51.852562,2,11,5,2014,22
2014-02-22 12:00:00,12.092626,,23.79999,2.824719,0.074131,OSO,3.947695,14.656116,49.748535,2,12,5,2014,22
2014-02-22 13:00:00,10.222389,,23.79999,1.7214,0.074037,OSO,3.793009,14.811962,49.993217,2,13,5,2014,22
2014-02-22 14:00:00,7.632169,,23.79999,0.863796,0.080002,OSO,4.073177,14.865652,52.385555,2,14,5,2014,22
2014-02-22 15:00:00,6.505622,,23.79999,0.817813,0.080285,OSO,4.137571,14.728765,54.871208,2,15,5,2014,22
2014-02-22 16:00:00,7.03316,,23.79999,0.79805,0.085181,OSO,4.220295,14.454479,59.715469,2,16,5,2014,22
2014-02-22 17:00:00,9.820152,,23.79999,0.844558,0.087104,OSO,4.328076,14.016175,63.407059,2,17,5,2014,22
2014-02-22 18:00:00,16.138689,,23.79999,1.070181,0.093146,OSO,4.339491,13.410387,66.826141,2,18,5,2014,22
2014-02-22 19:00:00,28.655306,,23.79999,1.501111,0.113088,OSO,4.004274,12.663304,71.136719,2,19,5,2014,22
2014-02-22 20:00:00,30.320892,,23.79999,1.570598,0.114171,OSO,3.818703,12.302095,73.441284,2,20,5,2014,22
2014-02-22 21:00:00,17.894209,,23.79999,1.261789,0.10078,OSO,3.884484,12.138002,73.878273,2,21,5,2014,22
2014-02-22 22:00:00,21.097004,,23.79999,3.39192,0.109038,O,3.576867,11.894447,75.737549,2,22,5,2014,22
2014-02-22 23:00:00,27.876649,,23.79999,2.855482,0.198927,O,3.276108,11.039375,78.68525700000001,2,23,5,2014,22
2014-02-23 00:00:00,36.055319,,23.79999,2.388385,0.229639,ONO,1.940786,9.941185,77.803513,2,0,6,2014,23
2014-02-23 01:00:00,38.005275,,35.900002,1.670355,0.262181,NNO,0.880919,8.789344,79.884308,2,1,6,2014,23
2014-02-23 02:00:00,40.051926,,35.900002,1.168624,0.231599,E,1.107105,8.384955,80.102524,2,2,6,2014,23
2014-02-23 03:00:00,42.714872,,35.900002,0.884478,0.25887,NNE,0.561091,7.926401,81.621277,2,3,6,2014,23
2014-02-23 04:00:00,33.725473,,35.900002,0.712223,0.183584,NE,0.946211,7.943428,82.265457,2,4,6,2014,23
2014-02-23 05:00:00,18.720104,,35.900002,0.88699,0.166477,NNE,1.571315,7.026761,83.263191,2,5,6,2014,23
2014-02-23 06:00:00,16.156469,,35.900002,0.898599,0.129211,N,1.546321,5.946378,87.373962,2,6,6,2014,23
2014-02-23 07:00:00,25.822873,,35.900002,1.237505,0.169,NNE,1.684899,5.900116,89.020889,2,7,6,2014,23
2014-02-23 08:00:00,33.604382,,35.900002,3.629272,0.240086,NNE,1.792743,6.269333,87.660652,2,8,6,2014,23
2014-02-23 09:00:00,23.758493,,35.900002,2.982051,0.261361,E,2.061974,8.495998,82.398346,2,9,6,2014,23
2014-02-23 10:00:00,15.390223,,35.900002,2.819355,0.164334,NE,3.126748,13.052837,69.346458,2,10,6,2014,23
2014-02-23 11:00:00,10.665237,,35.900002,1.675946,0.115833,NE,4.783735,15.839878,62.516918,2,11,6,2014,23
2014-02-23 12:00:00,9.162619,,35.900002,1.429419,0.118336,ENE,4.438689,17.878708,55.019218,2,12,6,2014,23
2014-02-23 13:00:00,7.477092,,35.900002,1.018146,0.097666,ENE,5.601198,18.559551,54.090248,2,13,6,2014,23
2014-02-23 14:00:00,6.972182,,35.900002,0.914374,0.099593,ENE,5.614511,18.512306,59.14743,2,14,6,2014,23
2014-02-23 15:00:00,7.804409,,35.900002,0.926469,0.111448,E,5.57991,18.063896,62.355984,2,15,6,2014,23
2014-02-23 16:00:00,11.338167,,35.900002,1.111841,0.139709,ESE,5.049804,16.457632,70.447998,2,16,6,2014,23
2014-02-23 17:00:00,11.077047,,35.900002,1.027534,0.134656,E,4.396507,15.421887,68.438812,2,17,6,2014,23
2014-02-23 18:00:00,14.23213,,35.900002,0.783306,0.148582,E,3.481228,14.949562,71.232178,2,18,6,2014,23
2014-02-23 19:00:00,21.538686,,35.900002,0.637062,0.174148,ENE,2.568085,14.805384,71.637428,2,19,6,2014,23
2014-02-23 20:00:00,24.564007,,35.900002,0.555507,0.242582,NE,2.335927,14.180162,74.654251,2,20,6,2014,23
2014-02-23 21:00:00,28.800178,,35.900002,0.56534,0.236277,NE,2.456228,13.496027,78.912491,2,21,6,2014,23
2014-02-23 22:00:00,25.931324,,35.900002,0.711352,0.146274,NE,2.737589,12.791409,80.503319,2,22,6,2014,23
2014-02-23 23:00:00,20.623075,,35.900002,0.798052,0.148976,NE,2.663487,12.74986,80.128204,2,23,6,2014,23
2014-02-24 00:00:00,9.932838,,35.900002,0.767353,0.088572,NE,3.005883,12.362803,81.436096,2,0,0,2014,24
2014-02-24 01:00:00,5.713708,,28.6,0.645053,0.075058,NNE,3.498106,12.347473,81.540527,2,1,0,2014,24
2014-02-24 02:00:00,3.90269,,28.6,0.590129,0.06056,NE,3.086,12.537542,79.761757,2,2,0,2014,24
2014-02-24 03:00:00,3.395535,,28.6,0.576421,0.058825,SSE,2.769713,12.274179,85.260239,2,3,0,2014,24
2014-02-24 04:00:00,2.812416,,28.6,0.321772,0.06085,SE,2.086403,11.178635,90.607841,2,4,0,2014,24
2014-02-24 05:00:00,2.65973,,28.6,0.316526,0.048533,ENE,1.640137,10.762308,92.625854,2,5,0,2014,24
2014-02-24 06:00:00,5.656373,,28.6,0.237208,0.09196,NNE,1.280608,10.573797,93.406555,2,6,0,2014,24
2014-02-24 07:00:00,18.298672,,28.6,0.685018,0.101862,NNE,1.895369,10.490667,93.804504,2,7,0,2014,24
2014-02-24 08:00:00,36.719491,,28.6,1.230696,0.195324,NNE,2.159776,10.417475,94.035912,2,8,0,2014,24
2014-02-24 09:00:00,44.355524,,28.6,1.153619,0.239005,NNE,2.484015,10.419477,94.226921,2,9,0,2014,24
2014-02-24 10:00:00,33.674751,,28.6,1.582966,0.168139,N,3.090476,10.970423,93.888237,2,10,0,2014,24
2014-02-24 11:00:00,17.832535,,28.6,2.383715,0.124633,NNE,3.126038,11.904688,91.271637,2,11,0,2014,24
2014-02-24 12:00:00,16.112831,,28.6,1.69683,0.144103,NE,2.395621,13.710177,78.627586,2,12,0,2014,24
2014-02-24 13:00:00,15.186423,,28.6,0.988867,0.165078,SE,2.18477,14.196475,72.088043,2,13,0,2014,24
2014-02-24 14:00:00,8.656672,,28.6,0.695033,0.133797,SE,2.959238,14.73192,68.215164,2,14,0,2014,24
2014-02-24 15:00:00,8.453154,,28.6,0.527234,0.124366,SE,3.767758,14.630135,69.993752,2,15,0,2014,24
2014-02-24 16:00:00,9.780115,,28.6,0.916969,0.13525,SE,3.446423,14.702817,69.31514,2,16,0,2014,24
2014-02-24 17:00:00,10.206705,,28.6,0.879637,0.133829,SE,3.371819,14.532624,72.399292,2,17,0,2014,24
2014-02-24 18:00:00,12.268837,,28.6,0.768789,0.12486,SSE,3.002864,14.05328,70.85466,2,18,0,2014,24
2014-02-24 19:00:00,19.813423,,28.6,0.462644,0.197568,S,2.183489,13.65208,67.322075,2,19,0,2014,24
2014-02-24 20:00:00,38.484076,,28.6,0.470184,0.30917,S,1.779089,13.42955,66.30619,2,20,0,2014,24
2014-02-24 21:00:00,34.365904,,28.6,0.455344,0.266119,S,1.395555,13.275266,67.335838,2,21,0,2014,24
2014-02-24 22:00:00,31.951789,,28.6,0.30131,0.214729,N,0.326363,12.46981,74.338715,2,22,0,2014,24
2014-02-24 23:00:00,65.65509,,28.6,0.369277,0.893864,SSO,0.464514,11.582006,78.727173,2,23,0,2014,24
2014-02-25 00:00:00,57.916579,,28.6,2.294328,0.82435,NNE,1.316912,10.148384,84.289436,2,0,1,2014,25
2014-02-25 01:00:00,42.628634,,38.200001,3.656237,0.446216,NNE,1.137022,9.749153,85.721359,2,1,1,2014,25
2014-02-25 02:00:00,38.646198,,38.200001,4.664076,0.432682,NNE,1.098785,9.116335,87.751892,2,2,1,2014,25
2014-02-25 03:00:00,35.54207,,38.200001,5.147848,0.352728,NE,1.119388,8.786596,89.047623,2,3,1,2014,25
2014-02-25 04:00:00,28.432762,,38.200001,4.35328,0.179747,NNE,1.607592,8.024149,90.213402,2,4,1,2014,25
2014-02-25 05:00:00,28.534162,,38.200001,4.363616,0.112254,NNE,1.305646,7.714897,91.023842,2,5,1,2014,25
2014-02-25 06:00:00,30.31784,,38.200001,4.555955,0.129224,NNE,1.112018,7.730024,91.189621,2,6,1,2014,25
2014-02-25 07:00:00,38.59411,,38.200001,4.768601,0.215882,NNE,0.934813,7.582011,91.119591,2,7,1,2014,25
2014-02-25 08:00:00,45.077985,,38.200001,5.524225,0.505548,NNE,1.575326,7.561017,91.048393,2,8,1,2014,25
2014-02-25 09:00:00,47.253362,,38.200001,10.646837,0.422423,N,1.643615,9.069597,89.560776,2,9,1,2014,25
2014-02-25 10:00:00,37.742766,,38.200001,3.319835,0.272342,NO,1.566127,12.190945,79.573563,2,10,1,2014,25
2014-02-25 11:00:00,24.447829,71.816696,38.200001,5.747175,0.235161,O,2.087877,14.330753,68.078247,2,11,1,2014,25
2014-02-25 12:00:00,14.175189,84.304733,38.200001,6.5605,0.126418,OSO,2.222759,15.0137,63.232285,2,12,1,2014,25
2014-02-25 13:00:00,6.410445,92.047577,38.200001,2.05468,0.115062,SO,2.21733,15.479609,58.927002,2,13,1,2014,25
2014-02-25 14:00:00,6.181188,94.104073,38.200001,1.213787,0.10733,OSO,2.384866,15.66734,56.209259,2,14,1,2014,25
2014-02-25 15:00:00,5.176789,98.223785,38.200001,0.789402,0.104258,SSO,2.991492,15.273567,59.904381,2,15,1,2014,25
2014-02-25 16:00:00,5.577043,100.643394,38.200001,0.712799,0.102022,SSO,3.103774,15.097642,63.613377,2,16,1,2014,25
2014-02-25 17:00:00,5.585077,100.36293,38.200001,0.66149,0.107599,SSO,2.517345,14.831635,67.386307,2,17,1,2014,25
2014-02-25 18:00:00,8.509593,96.502197,38.200001,0.501415,0.108771,OSO,2.530504,14.349068,66.968933,2,18,1,2014,25
2014-02-25 19:00:00,12.194284,91.2761,38.200001,0.296058,0.124729,OSO,2.364738,13.466317,70.100082,2,19,1,2014,25
2014-02-25 20:00:00,18.723204,85.269783,38.200001,0.288005,0.174044,OSO,1.976686,13.103815,71.784592,2,20,1,2014,25
2014-02-25 21:00:00,28.010971,79.700806,38.200001,0.646848,0.232717,OSO,1.977198,12.939859,72.685577,2,21,1,2014,25
2014-02-25 22:00:00,20.591956,83.973419,38.200001,0.784756,0.167842,OSO,1.951959,13.030627,73.437622,2,22,1,2014,25
2014-02-25 23:00:00,27.386606,71.874237,38.200001,2.07156,0.175737,O,1.765111,12.781235,75.391602,2,23,1,2014,25
2014-02-26 00:00:00,35.510987,59.037125,38.200001,7.307916,0.193228,O,1.558628,12.340655,77.763832,2,0,2,2014,26
2014-02-26 01:00:00,26.681554,59.150993,43.400002,6.28843,0.180734,SO,0.884791,11.687622,79.946609,2,1,2,2014,26
2014-02-26 02:00:00,31.491163,48.822414,43.400002,4.157543,0.189774,OSO,0.776642,11.349375,83.056129,2,2,2,2014,26
2014-02-26 03:00:00,31.518045,39.023838,43.400002,1.6558060000000001,0.228616,N,0.119474,10.759424,86.950821,2,3,2,2014,26
2014-02-26 04:00:00,38.850893,27.40522,43.400002,2.581337,0.284243,N,0.239112,10.140717,89.371109,2,4,2,2014,26
2014-02-26 05:00:00,40.022173,27.472546,43.400002,3.516823,0.281193,SSO,0.866776,9.844151,89.136612,2,5,2,2014,26
2014-02-26 06:00:00,25.64887,38.601467,43.400002,2.852844,0.183232,NNE,1.404645,9.08737,89.862396,2,6,2,2014,26
2014-02-26 07:00:00,38.53972,28.058401,43.400002,1.289623,0.248703,NNE,1.177572,9.116403,89.980263,2,7,2,2014,26
2014-02-26 08:00:00,53.01502,26.248577,43.400002,1.015708,0.557752,NNE,1.261635,9.213133,89.673889,2,8,2,2014,26
2014-02-26 09:00:00,54.161443,31.00872,43.400002,0.881236,0.445167,SSE,0.700488,10.505491,87.921509,2,9,2,2014,26
2014-02-26 10:00:00,47.477103,44.555656,43.400002,1.798387,0.384301,O,1.195122,12.523192,80.954109,2,10,2,2014,26
2014-02-26 11:00:00,33.70559,68.403389,43.400002,5.556695,0.272144,O,2.469345,15.06522,72.660141,2,11,2,2014,26
2014-02-26 12:00:00,10.769363,86.190399,43.400002,3.176657,0.136791,OSO,2.342757,16.066402,69.668007,2,12,2,2014,26
2014-02-26 13:00:00,7.638623,89.277702,43.400002,1.789746,0.127231,SO,2.541276,15.99874,71.21608,2,13,2,2014,26
2014-02-26 14:00:00,7.061417,92.746735,43.400002,1.263935,0.121308,OSO,2.432777,16.552837,67.67067,2,14,2,2014,26
2014-02-26 15:00:00,7.0419,93.154343,43.400002,0.752681,0.139278,SSO,2.242316,16.609581,66.459641,2,15,2,2014,26
2014-02-26 16:00:00,5.689743,95.280914,43.400002,0.629306,0.105396,S,3.189798,15.62196,69.653603,2,16,2,2014,26
2014-02-26 17:00:00,6.20927,92.41127,43.400002,0.501666,0.095311,OSO,2.882306,15.260478,68.550392,2,17,2,2014,26
2014-02-26 18:00:00,8.129479,90.859657,43.400002,0.299214,0.091307,OSO,2.454673,14.406962,66.20417,2,18,2,2014,26
2014-02-26 19:00:00,14.653401,90.115273,43.400002,0.207662,0.112578,OSO,2.022352,13.288187,65.470306,2,19,2,2014,26
2014-02-26 20:00:00,17.779534,83.530823,43.400002,0.202359,0.124188,N,1.777293,12.946985,70.308296,2,20,2,2014,26
2014-02-26 21:00:00,15.109798,89.802757,43.400002,0.092582,0.100122,N,1.966614,12.725336,71.674461,2,21,2,2014,26
2014-02-26 22:00:00,13.124903,92.123505,43.400002,0.144161,0.102394,OSO,2.368269,12.666627,70.352898,2,22,2,2014,26
2014-02-26 23:00:00,12.167345,90.060562,43.400002,0.53121,0.072006,O,2.406247,12.330313,69.835426,2,23,2,2014,26
2014-02-27 00:00:00,19.501395,65.082993,43.400002,0.74309,0.111662,NO,1.871264,10.568814,76.496498,2,0,3,2014,27
2014-02-27 01:00:00,16.519266,57.609169,39.400002,0.173852,0.12976,ONO,0.630467,9.26333,84.626572,2,1,3,2014,27
2014-02-27 02:00:00,14.164968,59.08746,39.400002,0.066029,0.113134,O,0.649205,8.99861,84.08387,2,2,3,2014,27
2014-02-27 03:00:00,19.578859,52.616802,39.400002,0.173836,0.128941,N,0.320753,8.959572,82.949524,2,3,3,2014,27
2014-02-27 04:00:00,24.860849,47.770271,39.400002,0.188993,0.13144,SSO,0.936995,8.567258,83.583496,2,4,3,2014,27
2014-02-27 05:00:00,22.693692,49.415977,39.400002,0.123573,0.088791,NNE,1.085187,8.041888,84.495995,2,5,3,2014,27
2014-02-27 06:00:00,19.47779,51.96656,39.400002,0.162256,0.087391,NE,0.724582,7.735925,85.290527,2,6,3,2014,27
2014-02-27 07:00:00,42.782556,36.021629,39.400002,0.077764,0.156996,NE,0.985077,7.685084,84.734627,2,7,3,2014,27
2014-02-27 08:00:00,63.835948,27.287235,39.400002,0.219079,0.555318,NNE,1.221474,7.857653,82.737442,2,8,3,2014,27
2014-02-27 09:00:00,48.730806,41.923534,39.400002,0.294896,0.320804,SSE,1.339172,9.616434,79.971985,2,9,3,2014,27
2014-02-27 10:00:00,33.112092,65.332153,39.400002,0.889385,0.221677,ONO,1.793339,12.586824,69.608086,2,10,3,2014,27
2014-02-27 11:00:00,29.710094,77.807388,39.400002,5.835181,0.256912,O,2.148819,14.376167,65.637566,2,11,3,2014,27
2014-02-27 12:00:00,26.151524,80.113441,39.400002,13.461098,0.135215,OSO,2.264755,15.785507,59.133724,2,12,3,2014,27
2014-02-27 13:00:00,18.107706,91.147308,39.400002,11.814102,0.096181,SO,2.432803,16.230734,58.561214,2,13,3,2014,27
2014-02-27 14:00:00,8.066409,102.298828,39.400002,2.599357,0.065629,S,4.045692,15.093605,64.524139,2,14,3,2014,27
2014-02-27 15:00:00,6.40397,105.350945,39.400002,1.325212,0.063328,S,2.898313,15.390751,63.90723,2,15,3,2014,27
2014-02-27 16:00:00,7.426534,106.365532,39.400002,0.772418,0.086647,SSO,2.395255,15.80708,61.379826,2,16,3,2014,27
2014-02-27 17:00:00,5.639212,108.680084,39.400002,0.53749,0.073169,S,2.6561,15.019567,66.698715,2,17,3,2014,27
2014-02-27 18:00:00,5.843882,105.265747,39.400002,0.069353,0.085632,S,2.352171,14.525103,69.248085,2,18,3,2014,27
2014-02-27 19:00:00,12.136073,94.088211,39.400002,0.045222,0.130889,SSO,1.869965,13.791679,71.40686,2,19,3,2014,27
2014-02-27 20:00:00,18.417067,86.446655,39.400002,0.02701,0.173661,N,1.239265,13.499655,72.862564,2,20,3,2014,27
2014-02-27 21:00:00,20.409913,91.203186,39.400002,0.022497,0.224238,S,1.340916,13.38892,74.827255,2,21,3,2014,27
2014-02-27 22:00:00,14.861714,91.688637,39.400002,0.002499,0.282005,SO,1.398609,13.027368,76.183624,2,22,3,2014,27
2014-02-27 23:00:00,17.321102,83.901978,39.400002,0.001882,0.275181,SO,1.251145,12.700172,77.890404,2,23,3,2014,27
2014-02-28 00:00:00,15.737838,82.79332,39.400002,0.105978,0.175734,OSO,1.410702,12.585328,78.763321,2,0,4,2014,28
2014-02-28 01:00:00,26.109073,61.301891,,2.05126,0.201489,OSO,0.956573,11.878913,81.608597,2,1,4,2014,28
2014-02-28 02:00:00,30.556695,48.663204,30.9,4.085196,0.221807,N,0.445372,11.137258,84.611649,2,2,4,2014,28
2014-02-28 03:00:00,31.072181,43.192825,30.9,4.320949,0.221438,N,0.346713,10.638103,86.928741,2,3,4,2014,28
2014-02-28 04:00:00,22.432042,46.992447,30.9,4.205157,0.246879,NO,0.766846,9.76082,89.312904,2,4,4,2014,28
2014-02-28 05:00:00,25.831457,40.804031,30.9,1.572574,0.222037,OSO,1.162249,9.033171,90.799522,2,5,4,2014,28
2014-02-28 06:00:00,8.957373,63.717419,30.9,0.52304,0.126218,NNO,1.668644,8.610061,91.989883,2,6,4,2014,28
2014-02-28 07:00:00,16.063134,58.441082,30.9,0.334719,0.123249,NNO,1.574791,8.536427,92.442207,2,7,4,2014,28
2014-02-28 08:00:00,27.15253,51.799408,30.9,0.270474,0.144312,NNO,1.163336,8.812035,92.164696,2,8,4,2014,28
2014-02-28 09:00:00,33.683017,58.660652,30.9,0.605294,0.185516,NO,1.259732,10.911442,85.702065,2,9,4,2014,28
2014-02-28 10:00:00,28.934116,73.209267,30.9,1.016279,0.184402,NO,1.554939,13.133625,68.053818,2,10,4,2014,28
2014-02-28 11:00:00,38.502481,69.709259,30.9,13.180538,0.276514,OSO,1.935378,15.57665,59.115448,2,11,4,2014,28
2014-02-28 12:00:00,20.53582,80.139992,30.9,13.850363,0.144462,O,2.46021,16.376305,61.174561,2,12,4,2014,28
2014-02-28 13:00:00,19.084335,84.525414,30.9,17.354263,0.127265,SSO,2.581588,16.687042,61.087772,2,13,4,2014,28
2014-02-28 14:00:00,5.351543,95.047844,30.9,2.317197,0.077002,SSO,2.725228,16.22669,66.529434,2,14,4,2014,28
2014-02-28 15:00:00,6.240846,96.774689,30.9,1.492485,0.077699,S,2.836026,16.081394,68.946953,2,15,4,2014,28
2014-02-28 16:00:00,7.272913,97.584381,30.9,1.443568,0.08006,S,2.537468,15.879015,71.640442,2,16,4,2014,28
2014-02-28 17:00:00,8.134745,94.61586,30.9,1.152415,0.081047,S,2.604193,15.884103,69.806969,2,17,4,2014,28
2014-02-28 18:00:00,8.322371,99.623657,30.9,0.733174,0.087906,S,2.075045,15.076786,74.285133,2,18,4,2014,28
2014-02-28 19:00:00,8.256273,99.324951,30.9,0.399883,0.089887,S,1.510543,14.501589,81.315292,2,19,4,2014,28
2014-02-28 20:00:00,14.199142,78.18895,30.9,0.126283,0.108274,S,1.568491,14.32,83.81881,2,20,4,2014,28
2014-02-28 21:00:00,15.771649,76.369095,30.9,0.026836,0.105866,S,1.675892,14.263733,84.097977,2,21,4,2014,28
2014-02-28 22:00:00,19.292818,69.178101,30.9,0.092785,0.148337,NNO,0.589868,13.912188,86.073898,2,22,4,2014,28
2014-02-28 23:00:00,26.403797,57.897049,30.9,0.03298,0.210592,NO,0.381022,13.367485,87.991516,2,23,4,2014,28
2014-03-01 00:00:00,42.625108,41.959732,30.9,0.067706,0.342205,SE,0.502555,13.180294,89.131454,3,0,5,2014,1
2014-03-01 01:00:00,53.634048,25.44784,,0.255402,0.389515,ESE,0.769082,12.614635,89.718018,3,1,5,2014,1
2014-03-01 02:00:00,37.322403,27.627295,24.200001,0.746935,0.372326,NNE,1.554731,11.79195,90.503418,3,2,5,2014,1
2014-03-01 03:00:00,25.164689,33.211124,24.200001,0.474002,0.248154,NNE,1.18582,11.432162,91.803314,3,3,5,2014,1
2014-03-01 04:00:00,20.402817,33.469326,24.200001,0.464991,0.281361,NNE,1.547243,11.161882,92.62484,3,4,5,2014,1
2014-03-01 05:00:00,17.622271,36.149437,24.200001,0.539466,0.179769,NNE,1.691004,10.755018,93.023369,3,5,5,2014,1
2014-03-01 06:00:00,16.767296,40.827911,24.200001,1.288804,0.131705,NNE,1.928456,11.052976,93.132545,3,6,5,2014,1
2014-03-01 07:00:00,21.770205,36.815063,24.200001,1.097642,0.132493,NNE,2.074986,11.328987,92.708778,3,7,5,2014,1
2014-03-01 08:00:00,31.082221,34.90918,24.200001,0.900455,0.209795,NNE,1.967121,11.865992,91.253593,3,8,5,2014,1
2014-03-01 09:00:00,42.883399,34.911068,24.200001,0.912248,0.277943,NE,2.093068,12.631695,88.231544,3,9,5,2014,1
2014-03-01 10:00:00,29.887429,54.78656,24.200001,1.072293,0.185215,ENE,2.352681,13.92331,82.709595,3,10,5,2014,1
2014-03-01 11:00:00,13.229506,76.650337,24.200001,0.72286,0.127149,ENE,2.951903,15.113445,76.210442,3,11,5,2014,1
2014-03-01 12:00:00,8.031531,84.915649,24.200001,0.386979,0.090732,ESE,3.592596,15.804635,69.957664,3,12,5,2014,1
2014-03-01 13:00:00,8.932917,85.357422,24.200001,0.209918,0.106502,E,3.940599,15.619553,73.033363,3,13,5,2014,1
2014-03-01 14:00:00,8.631181,85.696709,24.200001,0.179146,0.102333,ESE,3.788273,15.978698,70.896782,3,14,5,2014,1
2014-03-01 15:00:00,7.894714,86.251373,24.200001,0.095319,0.092548,ESE,3.73272,15.665712,72.012474,3,15,5,2014,1
2014-03-01 16:00:00,9.048864,83.226379,24.200001,0.083707,0.093734,ESE,3.907897,15.179245,78.742294,3,16,5,2014,1
2014-03-01 17:00:00,10.31268,78.549789,24.200001,0.12376,0.109315,ESE,3.350344,15.242096,80.286819,3,17,5,2014,1
2014-03-01 18:00:00,11.250524,76.891228,24.200001,0.129815,0.112941,ESE,3.478057,14.882135,81.958176,3,18,5,2014,1
2014-03-01 19:00:00,17.697187,68.679665,24.200001,0.044784,0.17152,ESE,2.910803,14.356325,87.340958,3,19,5,2014,1
2014-03-01 20:00:00,21.790181,62.015572,24.200001,0.014389,0.201244,ENE,2.520504,13.928058,91.656219,3,20,5,2014,1
2014-03-01 21:00:00,20.18187,59.343678,24.200001,0.047689,0.172591,ENE,2.494316,13.789272,92.466492,3,21,5,2014,1
2014-03-01 22:00:00,18.393682,57.224651,24.200001,0.008389,0.166992,ENE,2.460342,13.64943,92.921555,3,22,5,2014,1
2014-03-01 23:00:00,15.198517,57.502266,24.200001,0.008026,0.161923,ENE,2.359344,13.440678,93.040054,3,23,5,2014,1
2014-03-02 00:00:00,10.68161,60.558094,24.200001,0.009462,0.118408,NE,2.756012,13.47561,93.010544,3,0,6,2014,2
2014-03-02 01:00:00,6.692892,66.27108,11.1,0.011959,0.082648,ENE,3.324655,13.625962,92.68026,3,1,6,2014,2
2014-03-02 02:00:00,4.445938,68.378357,11.1,0.076656,0.06588,ENE,3.050795,13.732022,91.852554,3,2,6,2014,2
2014-03-02 03:00:00,3.400111,70.005096,11.1,0.099177,0.048953,ENE,3.062917,13.865857,90.509598,3,3,6,2014,2
2014-03-02 04:00:00,2.728059,69.254707,11.1,0.081787,0.04313,NE,3.484777,13.746739,90.988632,3,4,6,2014,2
2014-03-02 05:00:00,2.827079,69.015625,11.1,0.109393,0.041656,ENE,3.916278,13.710043,92.09462,3,5,6,2014,2
2014-03-02 06:00:00,3.174172,67.720963,11.1,0.12286,0.040369,ENE,2.879511,13.864092,92.172157,3,6,6,2014,2
2014-03-02 07:00:00,4.087263,64.564919,11.1,0.11678,0.045598,ENE,2.780339,13.915478,91.986465,3,7,6,2014,2
2014-03-02 08:00:00,6.883472,62.778984,11.1,0.101377,0.065908,NE,3.521339,13.974863,92.012886,3,8,6,2014,2
2014-03-02 09:00:00,10.849287,58.728928,11.1,0.026558,0.08101,ENE,2.684085,13.99803,92.636368,3,9,6,2014,2
2014-03-02 10:00:00,11.548018,56.560406,11.1,0.080591,0.104896,ENE,2.487084,14.091332,93.849976,3,10,6,2014,2
2014-03-02 11:00:00,11.955041,62.376396,11.1,0.045515,0.137531,E,2.797712,14.222827,94.697281,3,11,6,2014,2
2014-03-02 12:00:00,14.674482,62.760284,11.1,0.017144,0.168868,E,2.77067,14.427788,94.857338,3,12,6,2014,2
2014-03-02 13:00:00,9.834676,68.95845,11.1,0.038427,0.112153,ESE,3.370991,14.480903,94.672501,3,13,6,2014,2
2014-03-02 14:00:00,11.569687,63.418167,11.1,0.02796,0.126283,ESE,2.761429,14.458416,94.127754,3,14,6,2014,2
2014-03-02 15:00:00,11.598897,63.167179,11.1,0.034099,0.125679,ESE,2.586007,14.406355,94.658691,3,15,6,2014,2
2014-03-02 16:00:00,10.833462,63.394733,11.1,0.020703,0.126682,ESE,2.69783,14.452377,95.076782,3,16,6,2014,2
2014-03-02 17:00:00,10.099896,62.648872,11.1,0.019301,0.104323,SE,2.434757,14.437182,95.164764,3,17,6,2014,2
2014-03-02 18:00:00,10.656837,62.776073,11.1,0.020877,0.107919,ESE,2.458211,14.351103,94.931793,3,18,6,2014,2
2014-03-02 19:00:00,15.568945,57.477676,11.1,0.018805,0.163749,SE,2.233927,14.209908,94.807587,3,19,6,2014,2
2014-03-02 20:00:00,23.82374,49.983562,11.1,0.030419,0.222228,SE,1.746402,14.121825,94.979614,3,20,6,2014,2
2014-03-02 21:00:00,27.942402,47.084042,11.1,0.022412,0.285237,SE,1.694115,13.802702,95.279205,3,21,6,2014,2
2014-03-02 22:00:00,20.927694,53.764027,11.1,0.011129,0.222363,SE,1.872126,13.601681,95.709061,3,22,6,2014,2
2014-03-02 23:00:00,25.942064,46.675678,11.1,0.03435,0.291714,ONO,0.532924,13.365412,95.840424,3,23,6,2014,2
2014-03-03 00:00:00,17.68211,53.592884,11.1,0.038274,0.192604,E,1.012255,13.520277,95.475029,3,0,0,2014,3
2014-03-03 01:00:00,10.804656,56.358574,19.0,0.023456,0.151581,ENE,1.09877,13.50037,95.577362,3,1,0,2014,3
2014-03-03 02:00:00,5.76179,63.209255,19.0,0.017195,0.076192,E,1.098792,13.625284,95.720314,3,2,0,2014,3
2014-03-03 03:00:00,2.5973,71.560089,19.0,0.018516,0.072923,SE,2.183527,13.243418,95.762337,3,3,0,2014,3
2014-03-03 04:00:00,2.703993,74.172684,19.0,0.046957,0.054032,SSE,1.841937,13.174803,95.923752,3,4,0,2014,3
2014-03-03 05:00:00,3.085828,68.279297,19.0,0.028497,0.040243,N,0.380007,13.107615,96.010277,3,5,0,2014,3
2014-03-03 06:00:00,20.406387,42.636917,19.0,0.016634,0.136936,NNE,0.872665,12.373657,96.24572,3,6,0,2014,3
2014-03-03 07:00:00,38.258288,26.91511,19.0,0.020121,0.347149,NE,0.765313,11.62325,96.601097,3,7,0,2014,3
2014-03-03 08:00:00,49.008996,28.881367,19.0,0.133508,0.480816,ENE,1.038171,12.133188,96.716141,3,8,0,2014,3
2014-03-03 09:00:00,55.076141,27.112293,19.0,0.251212,0.65887,NNE,1.496247,12.772448,96.498032,3,9,0,2014,3
2014-03-03 10:00:00,27.682158,50.91283,19.0,0.369253,0.226076,E,1.70624,13.387632,94.689758,3,10,0,2014,3
2014-03-03 11:00:00,13.568739,62.909088,19.0,0.653843,0.116005,ESE,1.865773,15.364116,76.23027,3,11,0,2014,3
2014-03-03 12:00:00,12.184258,66.511925,19.0,0.931336,0.11594,SE,3.017687,14.943727,79.164047,3,12,0,2014,3
2014-03-03 13:00:00,8.399021,78.540993,19.0,0.071054,0.107018,SSO,1.768358,13.878098,88.45092,3,13,0,2014,3
2014-03-03 14:00:00,4.50276,86.996338,19.0,0.156921,0.065512,SSO,1.640786,15.502031,78.782547,3,14,0,2014,3
2014-03-03 15:00:00,4.669885,89.24379,19.0,0.084805,0.125847,S,3.269467,15.47032,74.908257,3,15,0,2014,3
2014-03-03 16:00:00,12.16715,79.125923,19.0,0.080383,0.142274,SO,1.826674,14.06885,86.158791,3,16,0,2014,3
2014-03-03 17:00:00,12.369424,83.841377,19.0,0.166229,0.093389,SSO,1.658032,14.329462,82.501762,3,17,0,2014,3
2014-03-03 18:00:00,11.707041,84.491165,19.0,0.056759,0.077693,S,1.496946,14.390242,74.402924,3,18,0,2014,3
2014-03-03 19:00:00,16.948479,77.456902,19.0,0.006947,0.103609,SSO,1.118941,14.201495,70.961304,3,19,0,2014,3
2014-03-03 20:00:00,18.304233,78.783325,19.0,0.024842,0.119168,S,1.228762,14.179623,72.387726,3,20,0,2014,3
2014-03-03 21:00:00,15.539613,82.320656,19.0,0.026807,0.106451,S,1.235137,13.888783,74.47377,3,21,0,2014,3
2014-03-03 22:00:00,12.104921,86.153526,19.0,0.060665,0.066024,S,1.7714,13.693086,69.910957,3,22,0,2014,3
2014-03-03 23:00:00,7.228319,95.703377,19.0,0.045398,0.050305,S,1.768057,13.725983,70.938263,3,23,0,2014,3
2014-03-04 00:00:00,4.834567,97.956505,19.0,0.012274,0.038975,N,1.710496,13.386952,70.466049,3,0,1,2014,4
2014-03-04 01:00:00,4.770355,100.128021,,0.006763,0.02574,S,2.021638,13.17694,66.700378,3,1,1,2014,4
2014-03-04 02:00:00,3.003811,102.067078,,0.025736,0.026608,SSO,1.677929,13.007153,63.959633,3,2,1,2014,4
2014-03-04 03:00:00,3.029357,100.339249,,0.001234,0.021055,S,1.686852,12.932705,63.882706,3,3,1,2014,4
2014-03-04 04:00:00,3.78863,95.176865,26.4,1.601653,0.016182,OSO,1.208641,12.538136,63.504379,3,4,1,2014,4
2014-03-04 05:00:00,3.477019,95.172424,26.4,0.196854,0.026244,O,1.613678,12.545445,63.108738,3,5,1,2014,4
2014-03-04 06:00:00,6.91725,84.020851,26.4,0.454301,0.053522,OSO,0.812196,12.520448,65.872231,3,6,1,2014,4
2014-03-04 07:00:00,6.421821,90.072495,26.4,0.212308,0.052738,SSO,1.236865,12.85005,64.751144,3,7,1,2014,4
2014-03-04 08:00:00,11.951169,86.062767,26.4,0.109176,0.037194,S,1.581963,12.680062,62.686874,3,8,1,2014,4
2014-03-04 09:00:00,14.042578,85.63855,26.4,0.122935,0.065359,SO,1.878905,13.514311,59.205227,3,9,1,2014,4
2014-03-04 10:00:00,11.242382,88.628822,26.4,0.239777,0.057994,OSO,1.992719,14.298938,58.237686,3,10,1,2014,4
2014-03-04 11:00:00,5.774952,94.323097,26.4,0.172818,0.028129,SO,2.122004,14.639938,57.669815,3,11,1,2014,4
2014-03-04 12:00:00,3.70956,98.564095,26.4,0.140832,0.020544,SSO,3.009489,14.772753,57.352314,3,12,1,2014,4
2014-03-04 13:00:00,3.877972,98.402252,26.4,0.066459,0.018859,OSO,3.186422,15.29114,56.712719,3,13,1,2014,4
2014-03-04 14:00:00,3.850525,98.568092,26.4,0.14763,0.019004,OSO,2.953527,15.4635,56.213703,3,14,1,2014,4
2014-03-04 15:00:00,4.101965,97.381302,26.4,0.067962,0.020882,SO,3.050299,15.179549,58.065117,3,15,1,2014,4
2014-03-04 16:00:00,4.555774,97.428925,26.4,0.004347,0.018296,SO,2.675483,14.922157,57.864464,3,16,1,2014,4
2014-03-04 17:00:00,4.953335,95.613281,26.4,0.085298,0.027593,SSO,2.821989,14.815388,56.439178,3,17,1,2014,4
2014-03-04 18:00:00,8.268728,92.240845,26.4,0.074557,0.046945,OSO,2.642624,14.1786,58.03286,3,18,1,2014,4
2014-03-04 19:00:00,14.054656,86.201881,26.4,0.088537,0.079842,OSO,2.529125,13.254099,63.16317,3,19,1,2014,4
2014-03-04 20:00:00,16.527483,83.258636,26.4,0.101949,0.091331,OSO,2.501007,12.821424,66.553513,3,20,1,2014,4
2014-03-04 21:00:00,15.960338,83.290298,26.4,0.0446,0.081431,OSO,2.054372,12.641226,68.287033,3,21,1,2014,4
2014-03-04 22:00:00,14.139799,84.832352,26.4,0.040362,0.063141,OSO,2.701406,12.569187,68.818542,3,22,1,2014,4
2014-03-04 23:00:00,12.841066,86.49144,26.4,0.099249,0.065146,OSO,2.275949,12.427652,69.692101,3,23,1,2014,4
2014-03-05 00:00:00,8.025363,90.95137,26.4,0.024086,0.046634,OSO,2.326399,12.559487,70.739304,3,0,2,2014,5
2014-03-05 01:00:00,14.067753,77.068672,,1.568847,0.051453,O,2.296835,12.038018,71.331665,3,1,2,2014,5
2014-03-05 02:00:00,21.148169,61.735935,,6.419791,0.078939,O,2.113724,11.397161,73.743484,3,2,2,2014,5
2014-03-05 03:00:00,19.42164,56.129421,,4.318821,0.117109,ONO,1.535068,10.333464,76.033569,3,3,2,2014,5
2014-03-05 04:00:00,11.531766,56.057838,24.200001,1.284908,0.081625,ONO,1.100855,8.811831,82.383286,3,4,2,2014,5
2014-03-05 05:00:00,8.972433,62.457203,24.200001,0.771085,0.055735,ONO,1.573375,8.916498,81.445801,3,5,2,2014,5
2014-03-05 06:00:00,9.391659,70.188965,24.200001,0.446352,0.057984,ONO,2.177313,9.178063,79.852089,3,6,2,2014,5
2014-03-05 07:00:00,20.080605,52.267265,24.200001,0.292149,0.075278,ONO,1.338121,8.578653,80.824097,3,7,2,2014,5
2014-03-05 08:00:00,39.212501,37.271111,24.200001,0.214409,0.128107,NO,0.948246,8.746236,82.567963,3,8,2,2014,5
2014-03-05 09:00:00,40.794511,51.538666,24.200001,0.48688,0.213975,ONO,2.4278,11.04419,74.737823,3,9,2,2014,5
2014-03-05 10:00:00,27.797117,68.679855,24.200001,1.017665,0.186477,O,3.237797,12.669038,68.356567,3,10,2,2014,5
2014-03-05 11:00:00,23.151979,76.299805,24.200001,7.707297,0.108234,OSO,2.897991,15.033165,65.624405,3,11,2,2014,5
2014-03-05 12:00:00,13.012549,86.718513,24.200001,6.609617,0.049034,OSO,3.135395,15.911068,64.619385,3,12,2,2014,5
2014-03-05 13:00:00,7.684455,93.942398,24.200001,1.3092,0.046757,SO,2.859769,16.103474,63.795784,3,13,2,2014,5
2014-03-05 14:00:00,5.399908,96.632202,24.200001,0.791295,0.032601,OSO,2.930715,16.093433,65.089836,3,14,2,2014,5
2014-03-05 15:00:00,5.442874,96.669556,24.200001,0.493157,0.031419,SSO,2.7284,15.972725,66.737991,3,15,2,2014,5
2014-03-05 16:00:00,5.178274,95.138191,24.200001,0.314011,0.025623,SSO,2.755266,15.764782,67.343437,3,16,2,2014,5
2014-03-05 17:00:00,6.154179,88.590492,24.200001,0.32197,0.020874,SSO,2.687809,15.343675,70.653732,3,17,2,2014,5
2014-03-05 18:00:00,7.869763,76.562767,24.200001,0.216358,0.029464,OSO,2.534945,15.179521,71.007629,3,18,2,2014,5
2014-03-05 19:00:00,12.252866,71.695137,24.200001,0.192681,0.061802,OSO,2.74225,14.456483,74.241516,3,19,2,2014,5
2014-03-05 20:00:00,21.600834,62.331177,24.200001,0.188406,0.09782,OSO,2.493069,14.245517,77.418091,3,20,2,2014,5
2014-03-05 21:00:00,24.100527,61.93998,24.200001,0.173828,0.07337,OSO,2.651621,14.282183,78.905159,3,21,2,2014,5
2014-03-05 22:00:00,12.173524,75.389793,24.200001,0.341501,0.029614,O,2.846677,14.249724,75.419037,3,22,2,2014,5
2014-03-05 23:00:00,7.364402,80.176147,24.200001,0.599994,0.023255,OSO,2.716757,13.94288,74.568336,3,23,2,2014,5
2014-03-06 00:00:00,10.474289,74.579262,24.200001,2.014376,0.024954,OSO,2.483735,13.773808,74.936745,3,0,3,2014,6
2014-03-06 01:00:00,9.725857,74.296745,29.6,2.583428,0.013342,OSO,1.845333,13.229513,75.312813,3,1,3,2014,6
2014-03-06 02:00:00,9.979307,69.37439,29.6,0.990917,0.022792,OSO,1.121572,12.518076,79.580986,3,2,3,2014,6
2014-03-06 03:00:00,26.028642,45.489525,29.6,6.446691,0.058058,O,1.102555,11.928465,81.659195,3,3,3,2014,6
2014-03-06 04:00:00,19.117987,45.884712,29.6,6.064919,0.077631,ONO,0.775154,10.996332,84.490463,3,4,3,2014,6
2014-03-06 05:00:00,19.546486,39.155338,29.6,2.108862,0.11026,NO,0.775742,9.968695,88.214043,3,5,3,2014,6
2014-03-06 06:00:00,25.524475,34.242958,29.6,1.17932,0.10145,NNO,0.736477,9.157747,90.73761,3,6,3,2014,6
2014-03-06 07:00:00,40.4549,26.105009,29.6,0.912633,0.221835,N,0.213866,9.349377,91.874985,3,7,3,2014,6
2014-03-06 08:00:00,42.18591,27.382586,29.6,0.810396,0.235577,NO,0.64977,9.692782,92.33567,3,8,3,2014,6
2014-03-06 09:00:00,44.763635,37.073532,29.6,5.059308,0.303011,O,1.919255,11.611477,91.921356,3,9,3,2014,6
2014-03-06 10:00:00,25.847467,58.162796,29.6,6.929406,0.138889,OSO,2.621708,13.177246,87.296875,3,10,3,2014,6
2014-03-06 11:00:00,24.941243,58.834808,29.6,13.747996,0.114397,OSO,2.544665,13.87715,81.480423,3,11,3,2014,6
2014-03-06 12:00:00,19.931295,60.436562,29.6,6.410018,0.102251,OSO,2.372631,14.230764,79.789139,3,12,3,2014,6
2014-03-06 13:00:00,19.336762,68.295288,29.6,13.308119,0.098819,SO,2.422963,14.945355,75.858826,3,13,3,2014,6
2014-03-06 14:00:00,8.668325,79.209908,29.6,3.894726,0.069753,SO,2.450752,15.465165,73.078712,3,14,3,2014,6
2014-03-06 15:00:00,6.362907,80.437866,29.6,1.546443,0.047671,OSO,2.898441,15.899261,69.511292,3,15,3,2014,6
2014-03-06 16:00:00,6.353877,84.173859,29.6,0.798904,0.049535,SO,2.497329,16.020411,71.098495,3,16,3,2014,6
2014-03-06 17:00:00,7.541793,86.17794,29.6,0.65344,0.056059,OSO,2.275899,16.261152,71.633728,3,17,3,2014,6
2014-03-06 18:00:00,10.321424,85.565865,29.6,0.592348,0.064624,OSO,2.57322,15.639257,75.015289,3,18,3,2014,6
2014-03-06 19:00:00,15.214099,81.17263,29.6,0.585187,0.067299,OSO,2.216521,14.497789,83.447083,3,19,3,2014,6
2014-03-06 20:00:00,30.353654,65.073868,29.6,0.511222,0.121552,OSO,1.981254,13.925039,87.088852,3,20,3,2014,6
2014-03-06 21:00:00,30.179034,66.38723,29.6,0.495544,0.101712,OSO,1.635912,13.6689,89.357071,3,21,3,2014,6
2014-03-06 22:00:00,28.889265,62.027576,29.6,0.433608,0.104612,OSO,1.165169,13.472762,90.700821,3,22,3,2014,6
2014-03-06 23:00:00,32.651831,45.657982,29.6,0.458001,0.201074,N,0.416394,12.984631,91.987076,3,23,3,2014,6
2014-03-07 00:00:00,59.979248,26.23745,29.6,1.59053,0.542377,N,0.354901,12.493213,93.310364,3,0,4,2014,7
2014-03-07 01:00:00,51.8346,25.422783,90.699982,2.628065,0.601641,SSO,0.865023,11.33272,93.975601,3,1,4,2014,7
2014-03-07 02:00:00,42.519948,25.377895,90.699982,2.5314,0.439328,N,0.151147,10.779844,94.403763,3,2,4,2014,7
2014-03-07 03:00:00,38.199511,25.39521,90.699982,1.355586,0.468814,N,0.310905,10.251452,94.751778,3,3,4,2014,7
2014-03-07 04:00:00,34.036461,25.295855,90.699982,2.003178,0.351512,NNE,0.967152,9.47151,94.722008,3,4,4,2014,7
2014-03-07 05:00:00,27.288422,25.587524,90.699982,3.31905,0.250449,NE,0.748585,8.805285,94.177917,3,5,4,2014,7
2014-03-07 06:00:00,21.787285,25.611938,90.699982,2.727942,0.28469,NNE,1.07853,7.78212,93.368881,3,6,4,2014,7
2014-03-07 07:00:00,24.381112,25.32753,90.699982,2.048726,0.325066,NNE,1.286393,7.360637,92.57827,3,7,4,2014,7
2014-03-07 08:00:00,37.019852,26.225233,90.699982,6.225054,0.677256,NNE,1.046335,7.700041,91.902557,3,8,4,2014,7
2014-03-07 09:00:00,53.233672,27.96265,90.699982,6.297163,0.794761,E,0.724188,10.59527,89.423958,3,9,4,2014,7
2014-03-07 10:00:00,66.012844,36.248344,90.699982,6.241202,0.67293,O,1.440357,14.177074,75.792465,3,10,4,2014,7
2014-03-07 11:00:00,70.702422,47.286995,90.699982,17.385529,0.620014,OSO,1.166562,16.547955,65.852631,3,11,4,2014,7
2014-03-07 12:00:00,72.569099,49.870785,90.699982,33.082567,0.478606,S,1.749573,17.988289,61.013535,3,12,4,2014,7
2014-03-07 13:00:00,49.439366,68.920441,90.699982,16.515948,0.360611,S,1.632746,18.667572,61.606297,3,13,4,2014,7
2014-03-07 14:00:00,40.948633,85.451134,90.699982,7.074635,0.297336,S,1.859311,18.700342,61.938202,3,14,4,2014,7
2014-03-07 15:00:00,46.434371,94.000801,90.699982,6.566884,0.304008,SSO,1.616494,19.620197,61.463127,3,15,4,2014,7
2014-03-07 16:00:00,88.843961,80.011932,90.699982,36.495148,0.431783,OSO,1.447458,21.264105,54.088108,3,16,4,2014,7
2014-03-07 17:00:00,73.959573,67.219147,90.699982,43.911456,0.348104,OSO,1.358436,21.562166,53.626198,3,17,4,2014,7
2014-03-07 18:00:00,76.265112,56.461525,90.699982,44.65563,0.342802,SO,1.067657,21.483746,48.511761,3,18,4,2014,7
2014-03-07 19:00:00,93.985399,30.187246,90.699982,16.56939,0.448904,SSO,0.711548,18.868805,61.349365,3,19,4,2014,7
2014-03-07 20:00:00,85.982655,25.863354,90.699982,5.081878,0.545428,N,0.284618,16.939045,72.4655,3,20,4,2014,7
2014-03-07 21:00:00,90.851557,26.437399,90.699982,3.054192,0.880972,N,0.200159,16.241413,77.758987,3,21,4,2014,7
2014-03-07 22:00:00,101.734646,26.35634,90.699982,2.649292,1.705439,N,0.428895,15.688234,81.733444,3,22,4,2014,7
2014-03-07 23:00:00,113.949097,26.438517,90.699982,6.310206,1.95187,NNE,0.939073,15.245144,82.829185,3,23,4,2014,7
2014-03-08 00:00:00,78.897475,25.69215,90.699982,11.950432,1.171649,NE,0.824904,14.896145,81.205162,3,0,5,2014,8
2014-03-08 01:00:00,59.12602,25.544205,92.599991,10.470937,0.879065,NNE,1.146361,14.444747,83.029709,3,1,5,2014,8
2014-03-08 02:00:00,45.261456,25.205605,92.599991,9.568036,0.443969,ESE,1.065578,13.761564,82.990166,3,2,5,2014,8
2014-03-08 03:00:00,39.408926,25.357195,92.599991,6.842425,0.407266,NE,0.813327,13.341502,81.837738,3,3,5,2014,8
2014-03-08 04:00:00,31.900189,27.216635,92.599991,3.283937,0.232461,NE,1.328082,13.521193,75.752701,3,4,5,2014,8
2014-03-08 05:00:00,28.332194,28.258823,92.599991,3.330275,0.190414,ESE,1.288162,12.659338,76.383659,3,5,5,2014,8
2014-03-08 06:00:00,26.943266,25.953611,92.599991,5.652369,0.140184,NO,0.82791,11.917714,75.466003,3,6,5,2014,8
2014-03-08 07:00:00,36.139535,25.76384,92.599991,6.965977,0.241426,ENE,0.831514,12.577903,69.524139,3,7,5,2014,8
2014-03-08 08:00:00,36.440406,26.417545,92.599991,5.778404,0.408547,N,0.126543,12.438098,69.009659,3,8,5,2014,8
2014-03-08 09:00:00,49.424612,28.196369,92.599991,7.579142,0.437895,NO,0.738306,15.354258,64.153198,3,9,5,2014,8
2014-03-08 10:00:00,51.451728,31.405121,92.599991,6.8255,0.467616,ONO,0.869992,20.214111,52.035538,3,10,5,2014,8
2014-03-08 11:00:00,30.057497,44.330288,92.599991,4.894575,0.197803,S,2.282266,24.433352,41.442707,3,11,5,2014,8
2014-03-08 12:00:00,18.382418,59.803616,92.599991,3.04945,0.105356,ESE,3.193328,27.803343,30.513458,3,12,5,2014,8
2014-03-08 13:00:00,47.656635,71.436035,92.599991,3.131267,0.315802,ESE,2.763804,27.937244,29.296017,3,13,5,2014,8
2014-03-08 14:00:00,65.346897,90.849411,92.599991,9.927827,0.386745,SO,1.347138,23.881121,38.852356,3,14,5,2014,8
2014-03-08 15:00:00,73.804911,74.669128,92.599991,10.421392,0.393676,SSO,1.288372,23.391563,38.257355,3,15,5,2014,8
2014-03-08 16:00:00,58.477701,80.401237,92.599991,6.779253,0.332046,OSO,1.186526,24.034178,36.400215,3,16,5,2014,8
2014-03-08 17:00:00,56.628311,83.117188,92.599991,5.569831,0.297665,SO,0.961347,24.646654,33.40374,3,17,5,2014,8
2014-03-08 18:00:00,67.322355,58.469311,92.599991,4.416116,0.356745,S,0.564575,22.979233,34.238087,3,18,5,2014,8
2014-03-08 19:00:00,113.971487,28.809172,92.599991,14.44614,0.582676,N,0.480395,20.904753,37.291103,3,19,5,2014,8
2014-03-08 20:00:00,115.821945,26.727707,92.599991,9.949157,0.939725,N,0.364291,20.146576,36.841705,3,20,5,2014,8
2014-03-08 21:00:00,127.459069,27.557446,92.599991,15.251329,1.470611,S,0.671688,19.841404,42.424328,3,21,5,2014,8
2014-03-08 22:00:00,139.015304,27.81918,92.599991,14.00186,2.051504,ESE,1.00678,18.79232,48.944031,3,22,5,2014,8
2014-03-08 23:00:00,109.23232,26.729963,92.599991,9.768099,1.391531,ENE,1.321906,19.829666,52.64238,3,23,5,2014,8
2014-03-09 00:00:00,76.886971,25.723614,92.599991,5.589314,0.820009,E,1.165502,18.288523,61.394444,3,0,6,2014,9
2014-03-09 01:00:00,67.497439,26.22784,49.200001,7.195298,0.619801,NE,1.501806,19.128777,58.530624,3,1,6,2014,9
2014-03-09 02:00:00,41.089233,35.81068,49.200001,6.667663,0.304114,NE,1.742727,19.036934,54.991207,3,2,6,2014,9
2014-03-09 03:00:00,26.350193,41.026836,49.200001,4.116895,0.188471,NE,1.631578,18.72422,52.844044,3,3,6,2014,9
2014-03-09 04:00:00,16.249588,49.638611,49.200001,4.586273,0.092832,SE,2.409771,19.161709,48.554195,3,4,6,2014,9
2014-03-09 05:00:00,5.516743,66.639709,49.200001,2.350866,0.002431,ENE,3.131562,20.314875,41.48497,3,5,6,2014,9
2014-03-09 06:00:00,6.624021,64.779198,49.200001,1.630622,0.006103,NE,2.482593,19.485918,44.47089,3,6,6,2014,9
2014-03-09 07:00:00,9.265907,59.348072,49.200001,1.335903,0.022617,SO,1.49333,18.354733,50.547611,3,7,6,2014,9
2014-03-09 08:00:00,31.160073,36.720367,49.200001,1.440956,0.118823,OSO,0.995103,17.97957,53.55735,3,8,6,2014,9
2014-03-09 09:00:00,42.62184,32.391014,49.200001,1.659539,0.241489,ONO,1.766985,18.681381,52.184502,3,9,6,2014,9
2014-03-09 10:00:00,18.051527,52.641045,49.200001,1.332912,0.068853,NO,2.676744,18.774754,54.723915,3,10,6,2014,9
2014-03-09 11:00:00,15.642655,58.032627,49.200001,1.039802,0.063176,OSO,3.017609,19.472557,53.060707,3,11,6,2014,9
2014-03-09 12:00:00,13.077859,69.062271,49.200001,0.890012,0.025778,SO,3.096125,20.661707,47.34045,3,12,6,2014,9
2014-03-09 13:00:00,10.771005,80.121002,49.200001,0.831855,0.038237,ONO,5.030207,23.123047,38.252983,3,13,6,2014,9
2014-03-09 14:00:00,6.064504,86.504921,49.200001,0.85369,0.014485,ONO,5.908331,23.58387,36.864632,3,14,6,2014,9
2014-03-09 15:00:00,5.836366,85.443436,49.200001,0.771697,0.018894,ONO,5.724575,24.156281,35.257931,3,15,6,2014,9
2014-03-09 16:00:00,7.625734,79.18338,49.200001,0.68112,0.031596,O,4.715742,23.732458,39.114189,3,16,6,2014,9
2014-03-09 17:00:00,19.206679,66.546806,49.200001,1.528295,0.094379,OSO,3.347591,21.30497,53.311005,3,17,6,2014,9
2014-03-09 18:00:00,26.086543,67.209557,49.200001,4.401028,0.137755,OSO,3.192457,20.616871,52.890442,3,18,6,2014,9
2014-03-09 19:00:00,38.477118,51.891552,49.200001,5.410777,0.177007,OSO,2.308764,19.14814,59.468822,3,19,6,2014,9
2014-03-09 20:00:00,47.313684,42.275097,49.200001,8.57702,0.183998,OSO,1.929564,17.664217,65.74894,3,20,6,2014,9
2014-03-09 21:00:00,44.4366,43.0042,49.200001,6.558396,0.229593,O,3.199203,18.290257,59.90007,3,21,6,2014,9
2014-03-09 22:00:00,29.004897,53.648281,49.200001,2.246423,0.173949,O,3.356485,18.322001,59.341095,3,22,6,2014,9
2014-03-09 23:00:00,29.47054,52.026718,49.200001,1.525494,0.213754,SO,1.660522,17.85215,62.346485,3,23,6,2014,9
2014-03-10 00:00:00,20.856074,55.578075,49.200001,1.253562,0.140993,ENE,1.848751,17.355682,64.359955,3,0,0,2014,10
2014-03-10 01:00:00,10.013987,60.189888,40.299992,1.221739,0.073441,ESE,2.452437,16.852867,66.845665,3,1,0,2014,10
2014-03-10 02:00:00,10.962793,65.191864,40.299992,0.856688,0.097515,SSE,2.160646,16.240395,74.864532,3,2,0,2014,10
2014-03-10 03:00:00,6.145266,76.459686,40.299992,0.679998,0.073869,S,2.685228,15.675717,82.463608,3,3,0,2014,10
2014-03-10 04:00:00,6.021762,77.130608,40.299992,0.715483,0.063157,SSO,1.614638,15.263494,82.483238,3,4,0,2014,10
2014-03-10 05:00:00,10.699415,67.720367,40.299992,0.725132,0.076567,SSO,1.587825,14.908897,81.014206,3,5,0,2014,10
2014-03-10 06:00:00,15.418109,52.069431,40.299992,0.847712,0.113636,NE,1.361722,14.61867,84.383209,3,6,0,2014,10
2014-03-10 07:00:00,24.555439,34.502415,40.299992,1.117723,0.137475,SSO,1.255318,13.979884,85.957802,3,7,0,2014,10
2014-03-10 08:00:00,33.769776,30.881229,40.299992,1.1136490000000001,0.301724,ENE,2.089464,13.856052,88.018204,3,8,0,2014,10
2014-03-10 09:00:00,28.389714,47.165619,40.299992,1.072147,0.197219,ENE,2.720919,14.566405,86.259354,3,9,0,2014,10
2014-03-10 10:00:00,18.087411,65.004143,40.299992,0.866546,0.156639,E,3.411352,15.719942,82.700607,3,10,0,2014,10
2014-03-10 11:00:00,15.531854,74.892448,40.299992,0.935258,0.127456,ESE,3.422575,16.884342,77.399643,3,11,0,2014,10
2014-03-10 12:00:00,13.24187,87.478302,40.299992,0.962992,0.128545,ESE,4.072502,17.002399,74.834686,3,12,0,2014,10
2014-03-10 13:00:00,14.040155,91.559982,40.299992,0.867141,0.133025,ESE,4.132352,17.030352,73.3396,3,13,0,2014,10
2014-03-10 14:00:00,11.836927,97.936523,40.299992,0.838821,0.104373,SE,3.540957,17.033978,73.425751,3,14,0,2014,10
2014-03-10 15:00:00,12.784461,100.711891,40.299992,0.705142,0.125412,SE,3.271997,17.192129,73.222015,3,15,0,2014,10
2014-03-10 16:00:00,11.065224,106.132416,40.299992,0.560665,0.107243,ESE,3.449819,16.835329,74.501587,3,16,0,2014,10
2014-03-10 17:00:00,16.656136,102.351204,40.299992,0.49521,0.114622,ESE,2.834396,16.349369,76.960953,3,17,0,2014,10
2014-03-10 18:00:00,21.504494,98.767464,40.299992,0.543276,0.140921,ESE,2.901572,16.877861,70.852356,3,18,0,2014,10
2014-03-10 19:00:00,24.325548,96.787331,40.299992,0.467974,0.155084,ESE,3.118646,15.382543,82.554764,3,19,0,2014,10
2014-03-10 20:00:00,30.981612,83.58287,40.299992,0.431573,0.202485,E,2.058632,14.981513,84.496025,3,20,0,2014,10
2014-03-10 21:00:00,25.718365,82.211121,40.299992,0.299222,0.142069,E,2.528094,14.993382,81.834381,3,21,0,2014,10
2014-03-10 22:00:00,21.334199,92.370461,40.299992,0.273862,0.127424,E,1.990536,14.84893,83.235886,3,22,0,2014,10
2014-03-10 23:00:00,16.545494,90.643585,40.299992,0.242775,0.109852,E,1.78466,14.518923,85.280182,3,23,0,2014,10
2014-03-11 00:00:00,13.186575,87.585205,40.299992,0.294659,0.099442,ESE,1.971598,14.278349,85.657944,3,0,1,2014,11
2014-03-11 01:00:00,7.599472,91.583527,,0.308302,0.044007,E,2.982648,14.157067,86.579323,3,1,1,2014,11
2014-03-11 02:00:00,6.611711,87.030075,,0.271574,0.044574,ENE,2.277296,14.106597,88.763458,3,2,1,2014,11
2014-03-11 03:00:00,4.888649,89.467667,,0.300989,0.027812,ENE,2.671243,14.052837,89.463234,3,3,1,2014,11
2014-03-11 04:00:00,4.358091,89.986572,33.799992,0.281132,0.020624,ENE,3.147201,13.872878,89.477509,3,4,1,2014,11
2014-03-11 05:00:00,3.930715,91.792358,33.799992,0.180367,0.019901,ENE,2.798022,13.76475,89.912018,3,5,1,2014,11
2014-03-11 06:00:00,5.392434,85.227295,33.799992,0.18938,0.010569,NE,2.832575,13.391289,90.336586,3,6,1,2014,11
2014-03-11 07:00:00,12.685481,69.635071,33.799992,0.429929,0.005161,NE,3.7778,12.819256,89.326653,3,7,1,2014,11
2014-03-11 08:00:00,27.327322,63.39904,33.799992,0.814871,0.057132,NE,3.061203,13.098998,85.082069,3,8,1,2014,11
2014-03-11 09:00:00,35.60414,59.799221,33.799992,1.644125,0.116716,ENE,2.854098,13.903097,78.547073,3,9,1,2014,11
2014-03-11 10:00:00,26.054038,78.900055,33.799992,1.092871,0.087487,ENE,3.297192,14.951867,73.939423,3,10,1,2014,11
2014-03-11 11:00:00,25.635207,86.13842,33.799992,0.730947,0.126116,E,3.001839,15.83747,71.522186,3,11,1,2014,11
2014-03-11 12:00:00,19.816352,88.544128,33.799992,0.751498,0.071304,ENE,2.960129,16.489107,69.170731,3,12,1,2014,11
2014-03-11 13:00:00,15.808819,99.764183,33.799992,0.625237,0.073781,ESE,2.950565,16.926262,69.190544,3,13,1,2014,11
2014-03-11 14:00:00,10.830729,106.088379,33.799992,0.601922,0.063886,SE,3.817352,17.057991,69.748642,3,14,1,2014,11
2014-03-11 15:00:00,11.023326,106.538597,33.799992,0.44966,0.073137,SE,3.517283,17.238398,69.989273,3,15,1,2014,11
2014-03-11 16:00:00,9.826165,109.323059,33.799992,0.463312,0.061954,SE,3.823233,17.022888,71.555756,3,16,1,2014,11
2014-03-11 17:00:00,10.414898,108.706833,33.799992,0.432097,0.064829,ESE,3.170173,16.505625,74.082352,3,17,1,2014,11
2014-03-11 18:00:00,15.562382,100.114029,33.799992,0.330928,0.092041,ESE,2.580033,16.047785,78.761017,3,18,1,2014,11
2014-03-11 19:00:00,,,33.799992,,,,,,,3,19,1,2014,11
2014-03-11 20:00:00,30.935862,82.103683,33.799992,0.302353,0.174618,ESE,1.884228,14.927312,85.518135,3,20,1,2014,11
2014-03-11 21:00:00,33.305967,73.968109,33.799992,0.215122,0.20574,S,1.276132,14.529232,86.517502,3,21,1,2014,11
2014-03-11 22:00:00,45.891953,65.184891,33.799992,0.299782,0.272312,SSE,1.371374,14.361208,87.251656,3,22,1,2014,11
2014-03-11 23:00:00,38.152665,52.392235,33.799992,0.189415,0.311331,NO,0.675807,13.797106,89.06179,3,23,1,2014,11
2014-03-12 00:00:00,38.691904,47.821934,33.799992,0.282203,0.193996,ESE,1.909158,13.560776,89.82,3,0,2,2014,12
2014-03-12 01:00:00,21.929549,52.375992,,0.41621,0.113505,SSO,1.126089,12.904349,90.99073,3,1,2,2014,12
2014-03-12 02:00:00,30.119048,37.363831,,1.553694,0.100542,ESE,1.603018,12.6127,92.234222,3,2,2,2014,12
2014-03-12 03:00:00,23.259483,43.461376,49.599991,2.519038,0.050386,S,1.336468,12.474998,92.663979,3,3,2,2014,12
2014-03-12 04:00:00,21.365516,44.324165,49.599991,3.021482,0.033225,S,0.984545,12.245251,93.181351,3,4,2,2014,12
2014-03-12 05:00:00,29.97974,32.085953,49.599991,4.236049,0.055804,N,0.395458,12.177347,93.702133,3,5,2,2014,12
2014-03-12 06:00:00,29.984229,28.355753,49.599991,1.821159,0.121443,OSO,0.538016,12.044053,93.879417,3,6,2,2014,12
2014-03-12 07:00:00,36.18175,25.65769,49.599991,1.170461,0.214157,ESE,1.255951,11.367553,93.871346,3,7,2,2014,12
2014-03-12 08:00:00,36.326069,26.237385,49.599991,1.670851,0.284301,S,1.31014,11.25437,93.8862,3,8,2,2014,12
2014-03-12 09:00:00,45.577599,30.404087,49.599991,3.05087,0.406802,NNE,1.123787,12.223713,93.783943,3,9,2,2014,12
2014-03-12 10:00:00,38.695795,51.491444,49.599991,2.174865,0.214652,SSO,1.420595,13.454819,92.149399,3,10,2,2014,12
2014-03-12 11:00:00,21.254374,69.836494,49.599991,1.182781,0.130237,SE,1.6868,14.458278,87.202988,3,11,2,2014,12
2014-03-12 12:00:00,11.633365,98.02829,49.599991,1.298493,0.056391,S,2.32632,15.821423,78.108086,3,12,2,2014,12
2014-03-12 13:00:00,9.977227,106.771927,49.599991,1.442323,0.048257,S,1.839659,16.87084,71.206657,3,13,2,2014,12
2014-03-12 14:00:00,14.441139,103.706863,49.599991,0.984418,0.075126,SSE,2.935966,16.628878,72.030487,3,14,2,2014,12
2014-03-12 15:00:00,10.86642,109.838379,49.599991,0.756609,0.057406,S,2.392697,15.963433,73.397461,3,15,2,2014,12
2014-03-12 16:00:00,14.243372,111.241661,49.599991,0.564227,0.100214,N,2.830091,16.356359,68.464722,3,16,2,2014,12
2014-03-12 17:00:00,10.845142,119.023209,49.599991,0.522089,0.086589,S,3.270602,15.829599,69.454712,3,17,2,2014,12
2014-03-12 18:00:00,12.941438,115.711685,49.599991,0.535733,0.09257,E,2.214867,15.820272,61.448509,3,18,2,2014,12
2014-03-12 19:00:00,16.180285,103.468346,49.599991,0.364842,0.075564,SO,1.903543,15.572103,65.709564,3,19,2,2014,12
2014-03-12 20:00:00,17.666585,100.209801,49.599991,0.06754,0.086867,SSO,1.383832,14.87647,70.902184,3,20,2,2014,12
2014-03-12 21:00:00,21.534196,95.248932,49.599991,0.272028,0.107629,NNO,1.118782,14.726563,73.145798,3,21,2,2014,12
2014-03-12 22:00:00,29.724719,80.06356,49.599991,0.301205,0.149146,S,0.884231,14.272653,72.836349,3,22,2,2014,12
2014-03-12 23:00:00,33.394383,65.903549,49.599991,0.297686,0.153509,SSO,1.116067,13.568442,77.509216,3,23,2,2014,12
2014-03-13 00:00:00,61.854617,31.685274,49.599991,0.86857,0.297658,SSO,0.96068,12.69522,81.784821,3,0,3,2014,13
2014-03-13 01:00:00,49.385912,36.022999,36.900002,2.204875,0.296684,OSO,1.349557,12.232562,82.753288,3,1,3,2014,13
2014-03-13 02:00:00,32.752149,37.165962,36.900002,1.604075,0.189768,SSO,1.297745,10.886986,85.880203,3,2,3,2014,13
2014-03-13 03:00:00,31.331831,32.475906,36.900002,3.20023,0.144823,N,0.787237,10.395905,88.335258,3,3,3,2014,13
2014-03-13 04:00:00,28.179476,32.741516,36.900002,2.556031,0.163712,SSO,1.519342,9.676299,88.737885,3,4,3,2014,13
2014-03-13 05:00:00,26.550084,29.786247,36.900002,1.664828,0.138942,S,0.96625,9.270622,89.340523,3,5,3,2014,13
2014-03-13 06:00:00,33.723025,25.741686,36.900002,3.273767,0.211686,SO,0.842262,9.397063,89.952072,3,6,3,2014,13
2014-03-13 07:00:00,31.323842,25.665215,36.900002,1.716046,0.315182,N,0.508928,9.110773,89.554939,3,7,3,2014,13
2014-03-13 08:00:00,35.772007,26.636675,36.900002,1.361281,0.38858,ONO,0.333307,9.932538,89.248276,3,8,3,2014,13
2014-03-13 09:00:00,35.913663,51.853264,36.900002,2.316124,0.194716,ENE,1.652356,13.254132,79.750916,3,9,3,2014,13
2014-03-13 10:00:00,21.798323,76.318367,36.900002,3.134033,0.108517,ENE,2.349165,14.781165,67.870972,3,10,3,2014,13
2014-03-13 11:00:00,16.655322,87.999908,36.900002,2.881307,0.071214,ENE,2.308585,15.809626,62.035366,3,11,3,2014,13
2014-03-13 12:00:00,10.659895,99.375854,36.900002,1.500153,0.052199,ENE,3.135319,16.403334,55.587502,3,12,3,2014,13
2014-03-13 13:00:00,9.597865,105.226913,36.900002,1.167311,0.046255,NE,2.652258,16.854258,55.174255,3,13,3,2014,13
2014-03-13 14:00:00,7.598599,109.623947,36.900002,0.719199,0.039691,NNE,2.523021,17.056707,54.449356,3,14,3,2014,13
2014-03-13 15:00:00,5.418301,113.456833,36.900002,0.568168,0.019124,NE,2.848617,17.100183,55.473465,3,15,3,2014,13
2014-03-13 16:00:00,5.821365,113.552002,36.900002,0.391286,0.019805,NNE,2.977788,16.680872,58.059483,3,16,3,2014,13
2014-03-13 17:00:00,6.268868,114.413612,36.900002,0.406903,0.023528,NNE,3.029526,16.385937,58.674019,3,17,3,2014,13
2014-03-13 18:00:00,8.057826,112.395676,36.900002,0.2399,0.035798,E,2.576179,15.834753,63.205864,3,18,3,2014,13
2014-03-13 19:00:00,11.764905,108.085007,36.900002,0.272575,0.054701,NNE,2.372174,15.015867,68.990021,3,19,3,2014,13
2014-03-13 20:00:00,15.777158,104.940201,36.900002,0.237099,0.083832,E,1.836874,14.576952,74.672607,3,20,3,2014,13
2014-03-13 21:00:00,21.620317,97.790932,36.900002,0.056604,0.107436,ESE,1.385889,14.140651,77.447182,3,21,3,2014,13
2014-03-13 22:00:00,18.976954,99.189468,36.900002,0.132806,0.095045,ENE,1.246792,14.049582,78.570198,3,22,3,2014,13
2014-03-13 23:00:00,12.746042,101.251068,36.900002,0.173555,0.070327,O,1.357995,13.778825,80.956345,3,23,3,2014,13
2014-03-14 00:00:00,10.489745,99.093933,36.900002,0.150705,0.067575,N,1.237395,13.57977,79.748367,3,0,4,2014,14
2014-03-14 01:00:00,6.565102,102.975685,35.900002,0.166384,0.038615,ESE,1.054521,13.450953,78.460205,3,1,4,2014,14
2014-03-14 02:00:00,6.257168,103.522438,35.900002,0.159252,0.034104,NNE,1.602796,13.33706,77.24334,3,2,4,2014,14
2014-03-14 03:00:00,4.576591,105.439804,35.900002,0.181023,0.02402,NNE,1.83278,13.320203,77.921143,3,3,4,2014,14
2014-03-14 04:00:00,4.489422,104.972717,35.900002,0.191215,0.024388,N,1.658951,12.897127,80.2752,3,4,4,2014,14
2014-03-14 05:00:00,5.040169,101.734352,35.900002,0.146324,0.026464,E,0.992906,12.72995,81.105301,3,5,4,2014,14
2014-03-14 06:00:00,14.226449,86.777405,35.900002,0.067351,0.054232,N,0.62909,12.53405,82.163437,3,6,4,2014,14
2014-03-14 07:00:00,39.302466,29.283405,35.900002,2.122554,0.309008,SSO,1.292168,9.598357,86.590889,3,7,4,2014,14
2014-03-14 08:00:00,48.178788,27.027161,35.900002,7.207884,0.511331,SSO,1.702794,9.007937,89.044357,3,8,4,2014,14
2014-03-14 09:00:00,44.604252,32.835266,35.900002,9.734113,0.402571,SSO,2.001595,10.106394,85.752258,3,9,4,2014,14
2014-03-14 10:00:00,34.722241,58.337196,35.900002,4.871015,0.23467,SSE,1.899127,13.384983,78.670486,3,10,4,2014,14
2014-03-14 11:00:00,29.02238,79.680542,35.900002,4.446907,0.172395,ESE,2.656309,15.375012,68.84404,3,11,4,2014,14
2014-03-14 12:00:00,25.422834,82.678772,35.900002,5.839004,0.140917,NNE,2.511278,16.044495,65.569016,3,12,4,2014,14
2014-03-14 13:00:00,13.319495,95.221352,35.900002,6.672258,0.05782,N,3.2247,15.396552,61.566914,3,13,4,2014,14
2014-03-14 14:00:00,9.301423,107.317169,35.900002,1.15721,0.04569,NNE,2.808858,16.177547,56.792221,3,14,4,2014,14
2014-03-14 15:00:00,11.755173,108.11615,35.900002,1.241774,0.047188,NNE,2.463243,17.241583,52.682701,3,15,4,2014,14
2014-03-14 16:00:00,7.813231,111.289574,35.900002,0.659784,0.034087,NNE,2.472425,17.129457,50.975948,3,16,4,2014,14
2014-03-14 17:00:00,8.044463,113.014778,35.900002,0.52815,0.024152,NNE,2.779606,16.620844,52.596291,3,17,4,2014,14
2014-03-14 18:00:00,7.91144,115.824341,35.900002,0.403947,0.032894,E,2.78052,15.76231,59.583633,3,18,4,2014,14
2014-03-14 19:00:00,11.163677,111.768143,35.900002,0.302559,0.045039,N,2.701421,14.679142,68.697662,3,19,4,2014,14
2014-03-14 20:00:00,15.578647,103.571907,35.900002,0.240992,0.064792,NNE,1.762111,14.200714,70.782379,3,20,4,2014,14
2014-03-14 21:00:00,20.238876,98.917328,35.900002,0.175112,0.085875,ENE,1.915894,14.002642,71.921112,3,21,4,2014,14
2014-03-14 22:00:00,21.389201,95.425735,35.900002,0.397918,0.079982,E,2.365553,13.831565,70.898109,3,22,4,2014,14
2014-03-14 23:00:00,32.991179,77.196289,35.900002,4.894636,0.140232,E,1.715581,13.780115,71.110565,3,23,4,2014,14
2014-03-15 00:00:00,25.377388,82.663452,35.900002,2.193069,0.127331,E,1.964202,13.4285,75.810402,3,0,5,2014,15
2014-03-15 01:00:00,32.78141,66.639481,47.099991,1.53603,0.186652,ESE,2.243973,12.617723,78.689049,3,1,5,2014,15
2014-03-15 02:00:00,35.781348,56.13039,47.099991,1.60695,0.190704,S,0.848292,12.26865,78.854996,3,2,5,2014,15
2014-03-15 03:00:00,36.963014,47.312462,47.099991,1.653603,0.199525,OSO,0.917023,11.484393,78.8433,3,3,5,2014,15
2014-03-15 04:00:00,32.218339,35.199646,47.099991,1.899831,0.21808,SSO,1.311604,9.637971,82.609436,3,4,5,2014,15
2014-03-15 05:00:00,32.254791,37.257641,47.099991,4.195141,0.202254,SSO,1.211134,9.40361,82.024277,3,5,5,2014,15
2014-03-15 06:00:00,35.783719,27.574236,47.099991,4.222747,0.250528,SSO,0.925755,9.068275,81.06163,3,6,5,2014,15
2014-03-15 07:00:00,43.178022,26.243431,47.099991,3.673848,0.308501,S,0.664835,8.915888,80.176964,3,7,5,2014,15
2014-03-15 08:00:00,61.522882,27.145451,47.099991,3.514049,0.851362,NNO,0.545097,9.867249,78.760201,3,8,5,2014,15
2014-03-15 09:00:00,70.487104,36.674065,47.099991,7.81701,0.614394,ESE,1.294158,13.05925,69.216919,3,9,5,2014,15
2014-03-15 10:00:00,55.006096,56.108463,47.099991,14.21049,0.313011,E,2.0012,16.049955,54.67979,3,10,5,2014,15
2014-03-15 11:00:00,51.778432,60.6796,47.099991,9.856305,0.287542,NE,1.790247,17.777031,51.226288,3,11,5,2014,15
2014-03-15 12:00:00,33.511416,71.431183,47.099991,5.022161,0.17737,ENE,2.181962,18.756067,50.987549,3,12,5,2014,15
2014-03-15 13:00:00,17.455085,84.678192,47.099991,3.768443,0.088093,NNE,2.542069,17.472723,58.516102,3,13,5,2014,15
2014-03-15 14:00:00,13.073734,97.352417,47.099991,1.280051,0.084664,NNE,2.699319,17.520206,59.6847,3,14,5,2014,15
2014-03-15 15:00:00,9.09169,104.049728,47.099991,0.342484,0.057338,ENE,2.631302,17.948643,58.879929,3,15,5,2014,15
2014-03-15 16:00:00,7.473163,106.722176,47.099991,0.334781,0.036733,E,3.53443,18.048765,54.407028,3,16,5,2014,15
2014-03-15 17:00:00,8.185053,105.933273,47.099991,0.533194,0.038096,ESE,2.333297,17.436735,58.933311,3,17,5,2014,15
2014-03-15 18:00:00,10.805867,108.225647,47.099991,0.379773,0.046602,NNE,2.153172,16.504128,63.973404,3,18,5,2014,15
2014-03-15 19:00:00,15.191581,104.211349,47.099991,0.37639,0.070666,ENE,2.767534,15.396077,69.28344,3,19,5,2014,15
2014-03-15 20:00:00,19.153017,101.520752,47.099991,0.343915,0.082302,ENE,3.182414,14.571117,77.130547,3,20,5,2014,15
2014-03-15 21:00:00,23.495967,92.734856,47.099991,0.474568,0.07498,ENE,3.022301,14.070101,82.008781,3,21,5,2014,15
2014-03-15 22:00:00,19.386745,92.369125,47.099991,0.509351,0.083614,E,2.430791,13.753117,82.271225,3,22,5,2014,15
2014-03-15 23:00:00,32.382315,70.719475,47.099991,4.689727,0.161827,E,2.025801,13.256883,79.384033,3,23,5,2014,15
2014-03-16 00:00:00,34.71165,63.984062,47.099991,2.94906,0.213657,E,1.548477,12.664223,78.840652,3,0,6,2014,16
2014-03-16 01:00:00,31.650171,54.589108,46.700001,1.769193,0.207696,E,0.701929,11.980152,72.830444,3,1,6,2014,16
2014-03-16 02:00:00,47.553782,43.783764,46.700001,1.51683,0.264981,ONO,0.396988,11.488462,70.297607,3,2,6,2014,16
2014-03-16 03:00:00,51.272902,33.543129,46.700001,1.197783,0.304704,SSO,0.924736,10.280691,73.863647,3,3,6,2014,16
2014-03-16 04:00:00,37.56794,36.2565,46.700001,0.763364,0.199297,N,0.383653,9.47012,77.612625,3,4,6,2014,16
2014-03-16 05:00:00,42.211652,29.354084,46.700001,0.578095,0.237603,N,0.511797,9.398793,77.196808,3,5,6,2014,16
2014-03-16 06:00:00,38.36908,29.38129,46.700001,0.849364,0.262859,SSO,1.048426,8.398521,79.205742,3,6,6,2014,16
2014-03-16 07:00:00,33.7352,27.131161,46.700001,1.488197,0.317518,SSO,1.644651,7.22904,83.475403,3,7,6,2014,16
2014-03-16 08:00:00,34.422874,29.64436,46.700001,1.882532,0.367791,SSO,1.443672,7.969205,81.761856,3,8,6,2014,16
2014-03-16 09:00:00,29.77035,38.891495,46.700001,2.016571,0.243617,S,1.110496,10.903845,73.348145,3,9,6,2014,16
2014-03-16 10:00:00,29.364273,65.637001,46.700001,16.127988,0.180796,E,2.092554,14.432367,54.681721,3,10,6,2014,16
2014-03-16 11:00:00,32.934782,73.813454,46.700001,25.361556,0.198555,E,2.171992,17.175955,40.415813,3,11,6,2014,16
2014-03-16 12:00:00,24.28499,84.58448,46.700001,13.850112,0.126675,NNE,2.12233,17.406113,42.233784,3,12,6,2014,16
2014-03-16 13:00:00,11.539087,95.356636,46.700001,4.412597,0.041037,NE,2.443437,17.902176,38.676567,3,13,6,2014,16
2014-03-16 14:00:00,9.364035,105.2845,46.700001,0.783981,0.023318,NE,2.515639,18.61599,38.524353,3,14,6,2014,16
2014-03-16 15:00:00,7.743131,109.815178,46.700001,0.985876,0.017535,N,2.6129,17.892002,45.4772,3,15,6,2014,16
2014-03-16 16:00:00,7.620951,109.230164,46.700001,1.025611,0.014616,NNE,2.279488,17.72303,53.352356,3,16,6,2014,16
2014-03-16 17:00:00,7.727082,108.829468,46.700001,0.887415,0.010441,NNE,1.969265,17.577499,57.208309,3,17,6,2014,16
2014-03-16 18:00:00,9.452697,108.911469,46.700001,0.653643,0.024978,NNE,1.763223,16.802057,61.826988,3,18,6,2014,16
2014-03-16 19:00:00,16.457954,95.731148,46.700001,0.525803,0.064924,ENE,1.307119,15.657302,61.438366,3,19,6,2014,16
2014-03-16 20:00:00,25.957357,84.864143,46.700001,0.608322,0.089964,E,1.404176,14.59747,68.560242,3,20,6,2014,16
2014-03-16 21:00:00,24.303027,80.905876,46.700001,1.332528,0.089466,E,1.38232,14.375558,73.052292,3,21,6,2014,16
2014-03-16 22:00:00,44.644278,54.201145,46.700001,4.235921,0.188776,N,0.536721,13.530826,77.879387,3,22,6,2014,16
2014-03-16 23:00:00,81.737024,29.930229,46.700001,2.530474,0.762925,N,0.0,12.928941,80.487373,3,23,6,2014,16
2014-03-17 00:00:00,89.976238,26.000635,46.700001,1.937211,1.00255,N,0.454576,12.583433,77.836784,3,0,0,2014,17
2014-03-17 01:00:00,65.050361,26.21954,70.900002,3.138321,0.761466,SO,0.838059,11.775433,75.660217,3,1,0,2014,17
2014-03-17 02:00:00,49.778514,25.749725,70.900002,1.280682,0.458301,SSO,0.689509,10.690098,78.869514,3,2,0,2014,17
2014-03-17 03:00:00,39.068295,25.665581,70.900002,1.087873,0.412495,SSO,0.649198,10.169818,83.457939,3,3,0,2014,17
2014-03-17 04:00:00,34.645424,26.671295,70.900002,1.168333,0.256526,SSO,1.151922,10.803209,86.418694,3,4,0,2014,17
2014-03-17 05:00:00,34.730871,27.25679,70.900002,1.774087,0.202763,SSO,1.192806,11.068745,90.088379,3,5,0,2014,17
2014-03-17 06:00:00,33.44242,39.151062,70.900002,2.697656,0.188204,SSO,1.608084,11.482903,92.612808,3,6,0,2014,17
2014-03-17 07:00:00,31.085813,48.586559,70.900002,2.681927,0.160638,SSO,1.777819,10.522552,93.728935,3,7,0,2014,17
2014-03-17 08:00:00,47.782947,29.033501,70.900002,8.799351,0.447522,SSO,1.807553,8.350089,94.531952,3,8,0,2014,17
2014-03-17 09:00:00,54.957294,31.988525,70.900002,19.760778,0.553503,S,1.623128,11.06956,83.930931,3,9,0,2014,17
2014-03-17 10:00:00,60.46058,39.832855,70.900002,21.570328,0.510458,S,1.395957,16.039169,56.508575,3,10,0,2014,17
2014-03-17 11:00:00,49.498675,65.318436,70.900002,12.024436,0.210883,O,1.009407,19.824301,38.251991,3,11,0,2014,17
2014-03-17 12:00:00,51.235313,76.032181,70.900002,6.113499,0.389011,OSO,2.172158,19.878437,44.643833,3,12,0,2014,17
2014-03-17 13:00:00,31.076116,94.242096,70.900002,3.782966,0.264239,S,2.805755,19.104223,49.844627,3,13,0,2014,17
2014-03-17 14:00:00,24.063148,107.963074,70.900002,4.551899,0.169503,E,2.833338,19.760843,45.738594,3,14,0,2014,17
2014-03-17 15:00:00,21.734068,114.156479,70.900002,3.28614,0.107524,O,2.780319,19.381018,49.796902,3,15,0,2014,17
2014-03-17 16:00:00,13.360807,118.734146,70.900002,1.607893,0.060094,S,2.388295,19.222589,55.845543,3,16,0,2014,17
2014-03-17 17:00:00,11.895886,116.885422,70.900002,1.071391,0.050784,NNE,1.62982,19.018412,54.120094,3,17,0,2014,17
2014-03-17 18:00:00,16.124752,111.434319,70.900002,0.820408,0.060129,N,1.736073,17.68935,66.432228,3,18,0,2014,17
2014-03-17 19:00:00,24.559417,99.724022,70.900002,0.747248,0.103232,NNE,1.552477,16.669035,77.767365,3,19,0,2014,17
2014-03-17 20:00:00,39.65945,78.361702,70.900002,0.507666,0.222254,NNE,0.916764,15.730935,84.891121,3,20,0,2014,17
2014-03-17 21:00:00,60.171935,55.777161,70.900002,0.849151,0.217093,E,0.972431,15.111345,80.836655,3,21,0,2014,17
2014-03-17 22:00:00,50.878627,56.930031,70.900002,1.489313,0.301833,SSE,0.927817,14.643263,76.197998,3,22,0,2014,17
2014-03-17 23:00:00,88.221956,25.920321,70.900002,3.264673,0.683962,SSO,1.3488,14.52584,77.227303,3,23,0,2014,17
2014-03-18 00:00:00,78.750194,25.739929,70.900002,3.63749,0.432793,N,0.616519,13.995279,81.561417,3,0,1,2014,18
2014-03-18 01:00:00,75.037554,26.170826,60.299992,3.272891,0.541607,N,0.229088,13.523705,80.11274,3,1,1,2014,18
2014-03-18 02:00:00,62.806032,26.04623,60.299992,3.372272,0.473253,N,0.0,13.136951,81.763092,3,2,1,2014,18
2014-03-18 03:00:00,53.592179,25.784187,60.299992,3.212555,0.507196,S,0.451358,13.233311,79.205627,3,3,1,2014,18
2014-03-18 04:00:00,43.795316,25.609699,60.299992,2.433537,0.382836,N,0.238533,13.066338,82.947533,3,4,1,2014,18
2014-03-18 05:00:00,36.356805,33.976231,60.299992,1.299927,0.192717,NO,0.56114,12.688435,89.993378,3,5,1,2014,18
2014-03-18 06:00:00,16.626925,65.004387,60.299992,1.171532,0.072809,E,1.021556,13.050905,93.636261,3,6,1,2014,18
2014-03-18 07:00:00,10.627198,79.087646,60.299992,0.976857,0.043108,SE,0.979269,12.667578,95.407242,3,7,1,2014,18
2014-03-18 08:00:00,27.470126,58.046806,60.299992,0.664766,0.09287,E,0.962677,12.492362,96.029022,3,8,1,2014,18
2014-03-18 09:00:00,51.210002,54.921631,60.299992,1.054218,0.242329,SE,0.931809,12.944847,95.896484,3,9,1,2014,18
2014-03-18 10:00:00,42.584284,69.909851,60.299992,1.853461,0.252352,S,2.087796,13.441217,94.333054,3,10,1,2014,18
2014-03-18 11:00:00,17.209694,92.926071,60.299992,1.631373,0.066949,O,2.011791,15.217062,81.461159,3,11,1,2014,18
2014-03-18 12:00:00,14.827396,88.837746,60.299992,1.292499,0.081456,E,1.449327,17.459602,73.034081,3,12,1,2014,18
2014-03-18 13:00:00,14.548557,98.180206,60.299992,1.233911,0.081122,O,2.493648,18.025192,69.332512,3,13,1,2014,18
2014-03-18 14:00:00,9.970133,106.721985,60.299992,1.02835,0.032517,E,2.290142,18.408962,67.184807,3,14,1,2014,18
2014-03-18 15:00:00,18.632928,105.352783,60.299992,1.01318,0.07998,NNE,1.883791,19.92429,55.912861,3,15,1,2014,18
2014-03-18 16:00:00,16.356466,108.540199,60.299992,1.005071,0.070044,NNE,2.331484,19.287031,60.776749,3,16,1,2014,18
2014-03-18 17:00:00,10.137168,115.052925,60.299992,0.755159,0.027883,NNE,2.236925,17.939148,70.16066,3,17,1,2014,18
2014-03-18 18:00:00,12.703372,113.479874,60.299992,0.614169,0.049874,N,2.033784,17.073183,75.641098,3,18,1,2014,18
2014-03-18 19:00:00,20.245989,111.489838,60.299992,0.657015,0.074408,NNE,1.281083,16.002741,72.800735,3,19,1,2014,18
2014-03-18 20:00:00,30.666376,98.424271,60.299992,0.433381,0.149072,N,1.071937,15.51302,77.693932,3,20,1,2014,18
2014-03-18 21:00:00,32.38951,96.622147,60.299992,0.502032,0.147073,N,1.199798,15.280317,82.804626,3,21,1,2014,18
2014-03-18 22:00:00,25.937819,98.984528,60.299992,0.33854,0.117638,O,1.035301,14.994466,88.100388,3,22,1,2014,18
2014-03-18 23:00:00,17.213209,104.267647,60.299992,0.159348,0.100433,SO,0.755184,14.728052,90.778587,3,23,1,2014,18
2014-03-19 00:00:00,18.699289,86.266449,60.299992,0.196427,0.118931,E,0.482111,13.978765,92.458244,3,0,2,2014,19
2014-03-19 01:00:00,40.398921,53.14185,,0.458527,0.244896,N,0.701137,12.94417,93.030655,3,1,2,2014,19
2014-03-19 02:00:00,51.570465,26.154125,,1.357887,0.339663,SSO,1.568379,11.720454,92.076881,3,2,2,2014,19
2014-03-19 03:00:00,42.724606,26.10862,,4.077253,0.279671,S,1.032852,11.535405,88.410461,3,3,2,2014,19
2014-03-19 04:00:00,38.801934,25.97296,45.700001,5.018877,0.308391,SSO,0.958735,11.07329,89.559013,3,4,2,2014,19
2014-03-19 05:00:00,36.861621,26.613165,45.700001,6.204028,0.272269,SSO,1.037896,11.623522,89.839127,3,5,2,2014,19
2014-03-19 06:00:00,31.319361,34.055984,45.700001,4.270678,0.22765,OSO,0.45518,12.213907,90.79232,3,6,2,2014,19
2014-03-19 07:00:00,12.695739,85.44371,45.700001,1.946299,0.054172,ONO,0.526177,13.299614,88.861679,3,7,2,2014,19
2014-03-19 08:00:00,19.012592,88.817108,45.700001,1.162742,0.054178,NNE,0.829922,13.827732,85.817932,3,8,2,2014,19
2014-03-19 09:00:00,17.728854,96.606735,45.700001,1.075901,0.062814,NE,1.340591,14.707058,80.619614,3,9,2,2014,19
2014-03-19 10:00:00,27.557719,93.799057,45.700001,2.294523,0.103161,E,1.684558,15.962282,73.804909,3,10,2,2014,19
2014-03-19 11:00:00,31.03864,95.988632,45.700001,5.987155,0.12896,ESE,1.501648,16.813854,69.476791,3,11,2,2014,19
2014-03-19 12:00:00,18.147231,109.881897,45.700001,5.737555,0.057671,O,3.113586,16.570774,71.222656,3,12,2,2014,19
2014-03-19 13:00:00,12.880094,109.631683,45.700001,4.86137,0.025704,S,3.3933,16.51136,71.809242,3,13,2,2014,19
2014-03-19 14:00:00,8.357497,113.177002,45.700001,3.340504,0.003154,O,3.3582,16.439251,72.484833,3,14,2,2014,19
2014-03-19 15:00:00,6.697566,109.546463,45.700001,1.87779,0.001902,O,3.648541,16.677717,72.539848,3,15,2,2014,19
2014-03-19 16:00:00,6.137554,105.642174,45.700001,1.14574,0.00291,S,3.817123,16.339363,73.875717,3,16,2,2014,19
2014-03-19 17:00:00,5.123883,108.417709,45.700001,,0.000363,E,3.745877,15.799274,75.71228,3,17,2,2014,19
2014-03-19 18:00:00,5.631637,105.930099,45.700001,0.405784,0.00066,E,2.917564,15.235515,78.258133,3,18,2,2014,19
2014-03-19 19:00:00,6.0039,104.208572,45.700001,,0.000752,N,2.361044,14.856222,79.493851,3,19,2,2014,19
2014-03-19 20:00:00,7.582232,103.131271,45.700001,0.371063,0.000751,S,2.200216,14.625962,80.427986,3,20,2,2014,19
2014-03-19 21:00:00,8.00614,101.9217,45.700001,,0.00335,N,2.016035,14.619215,80.21241,3,21,2,2014,19
2014-03-19 22:00:00,6.902115,103.73439,45.700001,0.27317,0.000873,E,1.795508,14.572783,78.59642,3,22,2,2014,19
2014-03-19 23:00:00,7.506724,103.457634,45.700001,,0.004631,E,2.412515,14.533606,79.836388,3,23,2,2014,19
2014-03-20 00:00:00,5.026322,107.367477,45.700001,,0.000103,E,2.202497,14.338892,80.425781,3,0,3,2014,20
2014-03-20 01:00:00,4.223904,106.474297,,,8.9e-05,NNE,1.415752,14.17029,79.813713,3,1,3,2014,20
2014-03-20 02:00:00,4.964025,101.257362,,0.190408,9e-06,ESE,0.769964,13.858055,80.9039,3,2,3,2014,20
2014-03-20 03:00:00,3.940109,100.101746,22.29999,0.216398,0.0,O,1.597664,14.009934,79.972893,3,3,3,2014,20
2014-03-20 04:00:00,3.380734,104.329369,22.29999,,0.0,O,2.520508,14.020143,76.118164,3,4,3,2014,20
2014-03-20 05:00:00,4.344723,103.609909,22.29999,,0.0,O,1.877955,14.168528,71.832512,3,5,3,2014,20
2014-03-20 06:00:00,4.773336,102.335388,22.29999,,0.0,N,2.182209,14.003082,73.50322,3,6,3,2014,20
2014-03-20 07:00:00,8.219398,96.421494,22.29999,,0.000153,E,2.043807,13.98097,71.750816,3,7,3,2014,20
2014-03-20 08:00:00,18.073409,87.166565,22.29999,,0.034251,S,1.567398,14.075902,69.794113,3,8,3,2014,20
2014-03-20 09:00:00,24.686591,83.973907,22.29999,,0.08238,N,2.659534,14.195018,69.672058,3,9,3,2014,20
2014-03-20 10:00:00,14.323395,92.747101,22.29999,,0.02211,S,2.494426,14.526962,66.645836,3,10,3,2014,20
2014-03-20 11:00:00,11.711226,93.741745,22.29999,,0.010991,NNO,2.747049,15.077225,60.588623,3,11,3,2014,20
2014-03-20 12:00:00,10.014687,95.633041,22.29999,,0.007977,NO,2.989343,15.693285,56.060707,3,12,3,2014,20
2014-03-20 13:00:00,11.969215,94.590378,22.29999,,0.011999,NNO,2.924512,15.683962,54.181351,3,13,3,2014,20
2014-03-20 14:00:00,10.988718,97.28344,22.29999,,0.006001,NNO,3.112202,15.732904,53.065277,3,14,3,2014,20
2014-03-20 15:00:00,7.763776,100.050644,22.29999,,0.001245,N,3.750847,15.85951,50.628944,3,15,3,2014,20
2014-03-20 16:00:00,8.695072,99.977188,22.29999,,0.000565,NNO,3.774793,16.052704,50.23497,3,16,3,2014,20
2014-03-20 17:00:00,9.133543,100.897957,22.29999,,0.004088,N,3.28055,15.924021,50.404922,3,17,3,2014,20
2014-03-20 18:00:00,11.330758,96.703491,22.29999,,0.009173,O,2.6563,15.21113,55.236599,3,18,3,2014,20
2014-03-20 19:00:00,15.700723,93.211823,22.29999,,0.031487,S,2.542163,14.880777,58.670429,3,19,3,2014,20
2014-03-20 20:00:00,14.512829,95.024651,22.29999,,0.017287,E,1.51015,14.501591,61.240597,3,20,3,2014,20
2014-03-20 21:00:00,14.423544,88.016037,22.29999,,0.004293,NE,0.830497,14.307352,64.291168,3,21,3,2014,20
2014-03-20 22:00:00,18.783068,84.434036,22.29999,,0.006794,N,0.792951,14.258748,64.772919,3,22,3,2014,20
2014-03-20 23:00:00,27.701958,60.285515,22.29999,,0.053432,S,0.762232,13.24915,68.915672,3,23,3,2014,20
2014-03-21 00:00:00,56.869804,29.448469,22.29999,,0.211615,SO,0.971333,12.22283,71.523872,3,0,4,2014,21
2014-03-21 01:00:00,48.222756,38.42115,,,0.125568,N,0.675831,11.716927,72.144272,3,1,4,2014,21
2014-03-21 02:00:00,44.450392,35.840965,,,0.131528,N,0.871245,11.096998,73.467873,3,2,4,2014,21
2014-03-21 03:00:00,33.139742,41.934334,,,0.089746,SSO,1.358522,9.995012,78.25193,3,3,4,2014,21
2014-03-21 04:00:00,19.314625,53.993961,34.700001,,0.057607,SSO,1.200595,9.672094,79.308197,3,4,4,2014,21
2014-03-21 05:00:00,22.418273,49.05032,34.700001,,0.080786,SSO,1.449596,9.31451,80.171844,3,5,4,2014,21
2014-03-21 06:00:00,34.008905,34.183025,34.700001,,0.088393,SSO,1.378363,8.66626,82.292664,3,6,4,2014,21
2014-03-21 07:00:00,46.276468,26.44194,34.700001,,0.171912,SSO,1.14492,8.526117,83.257996,3,7,4,2014,21
2014-03-21 08:00:00,60.468544,28.02277,34.700001,,0.562051,SSO,1.162628,9.772009,80.486938,3,8,4,2014,21
2014-03-21 09:00:00,57.479499,42.444527,34.700001,,0.289166,SE,1.363103,13.249895,70.740562,3,9,4,2014,21
2014-03-21 10:00:00,40.668451,70.442764,34.700001,,0.109394,ESE,2.479293,15.634001,55.796494,3,10,4,2014,21
2014-03-21 11:00:00,20.584214,83.479584,34.700001,,0.000926,NE,2.081567,16.73517,48.724697,3,11,4,2014,21
2014-03-21 12:00:00,15.734738,92.422409,34.700001,,8.4e-05,NNE,2.780216,16.811655,49.844624,3,12,4,2014,21
2014-03-21 13:00:00,6.935021,100.000099,34.700001,,3e-06,NE,2.667213,17.110733,50.070271,3,13,4,2014,21
2014-03-21 14:00:00,5.127349,104.059387,34.700001,,0.000168,NNE,2.540815,17.266953,52.432327,3,14,4,2014,21
2014-03-21 15:00:00,4.886802,106.39093,34.700001,,0.0,NNE,2.818808,17.120028,56.327126,3,15,4,2014,21
2014-03-21 16:00:00,3.64942,102.818489,34.700001,,0.0,NNE,3.201847,16.713024,59.698273,3,16,4,2014,21
2014-03-21 17:00:00,4.340689,100.843834,34.700001,,0.0,E,3.17884,16.285065,60.593536,3,17,4,2014,21
2014-03-21 18:00:00,6.223227,98.177727,34.700001,,2e-06,N,2.947469,15.681927,60.205559,3,18,4,2014,21
2014-03-21 19:00:00,9.261095,100.226128,34.700001,,0.001992,NNE,2.942546,14.763866,62.304054,3,19,4,2014,21
2014-03-21 20:00:00,15.553344,92.930855,34.700001,,0.008214,NNE,2.324238,14.205498,64.603928,3,20,4,2014,21
2014-03-21 21:00:00,17.954773,90.321945,34.700001,,0.005183,NNE,1.790009,14.055756,63.248569,3,21,4,2014,21
2014-03-21 22:00:00,18.27222,91.454056,34.700001,,0.014039,NNE,1.523504,13.881696,64.846107,3,22,4,2014,21
2014-03-21 23:00:00,18.878549,90.992523,34.700001,,0.020687,E,1.150164,13.598185,68.045135,3,23,4,2014,21
2014-03-22 00:00:00,19.224344,87.439079,34.700001,,0.018657,O,0.613871,13.192645,70.700005,3,0,5,2014,22
2014-03-22 01:00:00,19.98842,86.36776,,,0.032818,O,0.652833,13.045752,72.527397,3,1,5,2014,22
2014-03-22 02:00:00,11.051264,94.949455,,,0.000581,E,0.768939,13.225407,73.06562,3,2,5,2014,22
2014-03-22 03:00:00,35.616457,47.893684,,,0.137622,S,0.809685,11.967032,77.068779,3,3,5,2014,22
2014-03-22 04:00:00,41.561636,27.765779,43.599991,,0.30511,SO,1.132381,10.806672,81.002541,3,4,5,2014,22
2014-03-22 05:00:00,38.48189,27.8549,43.599991,,0.422711,SO,0.886397,10.639088,80.980362,3,5,5,2014,22
2014-03-22 06:00:00,37.02904,26.312584,43.599991,,0.349278,SSO,1.168503,9.92545,82.921616,3,6,5,2014,22
2014-03-22 07:00:00,39.624802,25.97728,43.599991,,0.412088,SSO,1.041214,10.483513,82.668289,3,7,5,2014,22
2014-03-22 08:00:00,49.336592,26.822876,43.599991,,0.486716,SSO,1.271126,11.227173,82.320206,3,8,5,2014,22
2014-03-22 09:00:00,61.871288,34.748241,43.599991,,0.455784,S,0.942322,13.31244,75.052841,3,9,5,2014,22
2014-03-22 10:00:00,36.496057,81.609337,43.599991,,0.164573,S,1.392632,15.321899,64.564941,3,10,5,2014,22
2014-03-22 11:00:00,28.599128,94.922264,43.599991,,0.108121,ESE,1.526713,16.846756,56.960411,3,11,5,2014,22
2014-03-22 12:00:00,17.422697,105.618057,43.599991,,0.029385,ESE,2.012306,17.463432,54.203732,3,12,5,2014,22
2014-03-22 13:00:00,15.445343,113.874588,43.599991,,0.017007,E,3.077868,17.354694,55.445457,3,13,5,2014,22
2014-03-22 14:00:00,11.566773,113.204102,43.599991,,0.002713,N,3.035601,17.527065,54.618229,3,14,5,2014,22
2014-03-22 15:00:00,10.069193,117.964264,43.599991,,0.008583,N,4.171936,16.815113,58.667004,3,15,5,2014,22
2014-03-22 16:00:00,9.06537,117.942612,43.599991,,0.007625,O,2.893239,16.980701,60.353371,3,16,5,2014,22
2014-03-22 17:00:00,7.039826,104.279907,43.599991,,0.001191,S,3.243452,17.007555,58.294418,3,17,5,2014,22
2014-03-22 18:00:00,7.174237,95.646851,43.599991,,4.2e-05,S,3.606421,16.235682,66.641869,3,18,5,2014,22
2014-03-22 19:00:00,9.888534,91.972504,43.599991,,0.002283,E,3.290008,15.49528,71.565926,3,19,5,2014,22
2014-03-22 20:00:00,12.073462,87.084488,43.599991,,0.002774,N,2.760008,15.294865,76.832336,3,20,5,2014,22
2014-03-22 21:00:00,12.130606,83.739784,43.599991,,0.003741,N,2.453272,15.10463,82.419609,3,21,5,2014,22
2014-03-22 22:00:00,9.834352,83.876549,43.599991,,0.002716,NNE,2.334451,14.890577,85.982567,3,22,5,2014,22
2014-03-22 23:00:00,6.349449,93.662605,43.599991,,0.000418,NNE,2.523463,14.405535,85.047813,3,23,5,2014,22
2014-03-23 00:00:00,6.220516,103.172012,43.599991,,0.0,NNE,2.536711,14.257358,79.886574,3,0,6,2014,23
2014-03-23 01:00:00,4.929236,105.960144,,,0.0,N,2.170418,14.21106,77.418793,3,1,6,2014,23
2014-03-23 02:00:00,4.111455,104.756119,,,0.0,NNE,1.886786,14.033097,77.04158,3,2,6,2014,23
2014-03-23 03:00:00,3.274256,101.243057,,,0.0,ESE,2.009426,13.953766,75.953117,3,3,6,2014,23
2014-03-23 04:00:00,2.893591,98.426727,15.1,,0.0,N,1.667031,13.975816,74.686134,3,4,6,2014,23
2014-03-23 05:00:00,2.835049,103.431091,15.1,,0.0,NNE,1.498035,13.985007,74.848656,3,5,6,2014,23
2014-03-23 06:00:00,4.342945,100.324249,15.1,,0.0,NNE,1.41006,14.038422,74.573799,3,6,6,2014,23
2014-03-23 07:00:00,3.902111,96.280296,15.1,,0.0,NNE,1.220333,14.118162,73.985809,3,7,6,2014,23
2014-03-23 08:00:00,6.107126,96.216026,15.1,,2e-06,NNE,1.633187,14.167885,74.963425,3,8,6,2014,23
2014-03-23 09:00:00,5.757197,95.634468,15.1,,0.0,ENE,1.846899,14.549313,74.039001,3,9,6,2014,23
2014-03-23 10:00:00,9.864991,93.064117,15.1,,0.0,E,2.709886,14.854561,72.876877,3,10,6,2014,23
2014-03-23 11:00:00,7.693379,92.661919,15.1,,0.000738,E,3.697695,14.952175,75.396072,3,11,6,2014,23
2014-03-23 12:00:00,6.410443,98.382324,15.1,,0.001529,ENE,4.019381,15.1533,71.630707,3,12,6,2014,23
2014-03-23 13:00:00,5.849215,104.752174,15.1,,0.000462,ENE,3.625182,15.35144,69.657463,3,13,6,2014,23
2014-03-23 14:00:00,4.179727,105.457512,15.1,,0.0,NNE,3.471714,15.542288,66.592422,3,14,6,2014,23
2014-03-23 15:00:00,4.56923,105.495621,15.1,,2e-05,NNE,3.859483,15.3335,64.521156,3,15,6,2014,23
2014-03-23 16:00:00,3.55362,108.667107,15.1,,0.0,ESE,3.585242,15.173514,63.290012,3,16,6,2014,23
2014-03-23 17:00:00,3.473165,108.331909,15.1,,3.5e-05,ESE,3.68227,14.657505,64.138718,3,17,6,2014,23
2014-03-23 18:00:00,5.025987,107.657242,15.1,,6e-06,N,3.023258,14.29039,65.503967,3,18,6,2014,23
2014-03-23 19:00:00,7.372292,104.225685,15.1,,7.7e-05,NNE,2.166671,13.415338,68.73175,3,19,6,2014,23
2014-03-23 20:00:00,11.066046,99.597267,15.1,,0.004481,NNE,2.178994,12.821258,70.698669,3,20,6,2014,23
2014-03-23 21:00:00,11.087888,100.118149,15.1,,0.003754,NE,1.832023,12.60351,72.123581,3,21,6,2014,23
2014-03-23 22:00:00,8.704412,101.282013,15.1,,0.002958,ENE,1.974055,12.386818,72.920326,3,22,6,2014,23
2014-03-23 23:00:00,10.918007,100.990242,15.1,,0.006002,ENE,2.172174,12.192915,73.326958,3,23,6,2014,23
2014-03-24 00:00:00,8.081187,100.061745,15.1,,0.001023,ENE,2.168132,12.038116,73.555481,3,0,0,2014,24
2014-03-24 01:00:00,11.683596,93.701981,,,0.000521,ENE,1.604738,11.74267,74.924194,3,1,0,2014,24
2014-03-24 02:00:00,15.145589,78.418739,,,0.028984,ESE,1.573478,10.855105,78.683578,3,2,0,2014,24
2014-03-24 03:00:00,15.394446,64.218781,,,0.04395,SE,1.340491,8.864334,84.621048,3,3,0,2014,24
2014-03-24 04:00:00,7.647442,72.293777,21.5,,0.004119,SSE,1.118915,8.121728,85.098663,3,4,0,2014,24
2014-03-24 05:00:00,13.584151,66.561539,21.5,,0.017236,NNO,0.874872,8.099342,85.784149,3,5,0,2014,24
2014-03-24 06:00:00,32.926599,44.3433,21.5,,0.078605,N,0.261287,7.903338,85.526596,3,6,0,2014,24
2014-03-24 07:00:00,34.623602,48.450813,21.5,,0.066214,ONO,0.546263,7.850292,85.489441,3,7,0,2014,24
2014-03-24 08:00:00,43.990532,46.096222,21.5,,0.163979,N,0.218626,9.67501,80.624748,3,8,0,2014,24
2014-03-24 09:00:00,48.343388,63.877777,21.5,,0.169143,E,2.180361,12.715472,66.467331,3,9,0,2014,24
2014-03-24 10:00:00,20.979806,90.113716,21.5,,0.029423,E,2.647753,14.554464,59.29697,3,10,0,2014,24
2014-03-24 11:00:00,28.220979,85.356995,21.5,39.481593,0.054267,ENE,1.993424,15.930468,54.278214,3,11,0,2014,24
2014-03-24 12:00:00,17.185785,100.185913,21.5,27.350122,0.025195,E,2.727491,15.880677,54.940674,3,12,0,2014,24
2014-03-24 13:00:00,9.246129,106.198257,21.5,27.256454,0.001319,NNE,2.741219,16.167578,52.838249,3,13,0,2014,24
2014-03-24 14:00:00,5.017152,109.424881,21.5,19.568345,1.3e-05,NE,2.776148,16.895531,51.692001,3,14,0,2014,24
2014-03-24 15:00:00,4.591046,112.205429,21.5,18.671861,0.0,NE,2.982097,16.822918,52.821693,3,15,0,2014,24
2014-03-24 16:00:00,4.765056,110.717819,21.5,18.515056,0.000154,NNE,2.820151,17.012302,60.668053,3,16,0,2014,24
2014-03-24 17:00:00,4.739193,110.450867,21.5,18.5695,1.6e-05,NNE,3.194348,16.52953,65.249313,3,17,0,2014,24
2014-03-24 18:00:00,6.79811,105.593208,21.5,18.317325,0.003775,NNE,2.895912,15.932367,67.450134,3,18,0,2014,24
2014-03-24 19:00:00,11.147654,101.451385,21.5,18.073919,0.015398,NNE,1.940051,15.244873,70.687218,3,19,0,2014,24
2014-03-24 20:00:00,17.721111,92.61219,21.5,18.179048,0.034011,E,2.222556,14.429175,75.250641,3,20,0,2014,24
2014-03-24 21:00:00,20.468843,86.070786,21.5,18.493884,0.015292,ENE,2.139611,14.102865,78.327187,3,21,0,2014,24
2014-03-24 22:00:00,19.808384,92.555878,21.5,19.434348,0.022057,E,2.378788,13.82831,80.15062,3,22,0,2014,24
2014-03-24 23:00:00,20.623321,87.689285,21.5,19.938684,0.026518,OSO,1.212535,13.799852,81.633392,3,23,0,2014,24
2014-03-25 00:00:00,8.826104,100.204086,21.5,18.444102,0.00358,OSO,1.32643,13.778419,82.727776,3,0,1,2014,25
2014-03-25 01:00:00,6.246506,103.664383,,17.985415,0.00044,ONO,1.432501,13.524113,82.222755,3,1,1,2014,25
2014-03-25 02:00:00,8.983968,103.286316,,17.951657,4.4e-05,E,1.809589,13.414322,82.141594,3,2,1,2014,25
2014-03-25 03:00:00,10.247095,92.800339,,18.232053,0.0,ENE,2.492383,13.826275,80.114227,3,3,1,2014,25
2014-03-25 04:00:00,7.996628,90.624321,21.79999,18.904824,0.0,ENE,2.762691,13.924837,80.033646,3,4,1,2014,25
2014-03-25 05:00:00,5.792541,89.866302,21.79999,18.649883,0.0,E,2.867489,13.922598,80.486938,3,5,1,2014,25
2014-03-25 06:00:00,9.480699,82.85685,21.79999,22.600426,0.0,E,3.029603,13.925753,79.786354,3,6,1,2014,25
2014-03-25 07:00:00,17.022205,73.625412,21.79999,22.37471,0.002071,ESE,3.307116,13.588722,79.228394,3,7,1,2014,25
2014-03-25 08:00:00,28.557091,66.238876,21.79999,19.868229,0.047918,ESE,2.756273,13.52947,77.559685,3,8,1,2014,25
2014-03-25 09:00:00,25.97262,76.001373,21.79999,19.295674,0.082746,ESE,3.6071,14.489551,71.781265,3,9,1,2014,25
2014-03-25 10:00:00,14.512531,88.612473,21.79999,20.232596,0.018964,ESE,4.024017,15.826617,65.731506,3,10,1,2014,25
2014-03-25 11:00:00,12.800039,90.267197,21.79999,26.323254,0.001442,E,3.367067,17.487206,59.53204,3,11,1,2014,25
2014-03-25 12:00:00,6.304136,100.250046,21.79999,20.634414,7e-06,NE,3.335019,17.346422,61.442337,3,12,1,2014,25
2014-03-25 13:00:00,6.434553,106.520775,21.79999,18.784387,0.001304,ENE,2.838365,17.423107,60.589844,3,13,1,2014,25
2014-03-25 14:00:00,6.035732,111.720543,21.79999,18.299105,0.001725,NE,3.202995,17.28717,62.034286,3,14,1,2014,25
2014-03-25 15:00:00,6.471408,111.596848,21.79999,18.125907,0.00147,NNE,2.737548,17.200676,61.354935,3,15,1,2014,25
2014-03-25 16:00:00,5.261702,110.333923,21.79999,18.057135,0.001406,NE,3.380205,16.634373,63.532555,3,16,1,2014,25
2014-03-25 17:00:00,5.997331,109.27124,21.79999,17.996081,0.001928,ENE,2.808623,16.350388,64.371414,3,17,1,2014,25
2014-03-25 18:00:00,7.888051,106.464439,21.79999,18.018592,0.007345,NE,2.920251,15.240735,68.988434,3,18,1,2014,25
2014-03-25 19:00:00,10.005657,102.343719,21.79999,17.820691,0.007494,NNE,2.32629,14.286525,73.111313,3,19,1,2014,25
2014-03-25 20:00:00,11.376248,100.909256,21.79999,17.878494,0.020171,ENE,1.973875,13.502641,76.345947,3,20,1,2014,25
2014-03-25 21:00:00,10.797079,101.219231,21.79999,17.807322,0.012804,NE,1.979154,13.20431,78.576302,3,21,1,2014,25
2014-03-25 22:00:00,7.569219,102.56369,21.79999,17.765459,0.000928,ESE,1.633541,13.099154,77.357216,3,22,1,2014,25
2014-03-25 23:00:00,6.838048,103.863358,21.79999,17.840364,0.002712,NNE,1.563546,12.941048,77.85714,3,23,1,2014,25
2014-03-26 00:00:00,4.76227,106.453957,21.79999,17.727159,0.0,NNE,1.841943,13.259661,75.077431,3,0,2,2014,26
2014-03-26 01:00:00,3.517867,108.156029,,17.681681,9.2e-05,NNE,2.04109,13.232053,74.136848,3,1,2,2014,26
2014-03-26 02:00:00,3.22651,107.632355,,17.756868,0.0,N,1.590833,13.53666,74.05661,3,2,2,2014,26
2014-03-26 03:00:00,2.84005,107.023117,,17.815981,0.0,S,1.307143,13.51207,72.354996,3,3,2,2014,26
2014-03-26 04:00:00,3.058968,105.183693,22.1,17.768071,0.0,NNE,1.507257,13.756169,73.331619,3,4,2,2014,26
2014-03-26 05:00:00,3.193676,105.415924,22.1,17.654303,0.0,N,1.878972,13.753592,74.726227,3,5,2,2014,26
2014-03-26 06:00:00,3.764111,104.7248,22.1,17.569393,0.0,NNE,2.034142,13.421923,76.156151,3,6,2,2014,26
2014-03-26 07:00:00,6.293253,101.254013,22.1,17.687351,9e-05,NNE,1.737074,13.230189,74.773834,3,7,2,2014,26
2014-03-26 08:00:00,13.896938,93.323624,22.1,17.752772,0.008676,NNE,1.580904,13.55145,72.949219,3,8,2,2014,26
2014-03-26 09:00:00,16.408594,94.285339,22.1,17.885099,0.016334,NNE,1.646817,14.123965,69.889389,3,9,2,2014,26
2014-03-26 10:00:00,9.891576,101.335648,22.1,17.908787,0.000574,E,2.175833,14.552803,65.909531,3,10,2,2014,26
2014-03-26 11:00:00,8.884178,103.460182,22.1,17.762242,0.007327,O,2.764539,15.203732,63.511703,3,11,2,2014,26
2014-03-26 12:00:00,7.718125,101.820854,22.1,17.806134,0.001134,NNE,2.231467,14.456075,72.139969,3,12,2,2014,26
2014-03-26 13:00:00,4.956752,109.52243,22.1,17.85939,0.001125,E,3.338796,15.318815,63.279842,3,13,2,2014,26
2014-03-26 14:00:00,4.795187,110.017181,22.1,18.048148,5.2e-05,E,4.518276,15.473267,63.152962,3,14,2,2014,26
2014-03-26 15:00:00,5.257915,111.076851,22.1,17.883746,2e-06,E,5.015527,15.256371,59.886547,3,15,2,2014,26
2014-03-26 16:00:00,5.424027,113.042633,22.1,17.690569,0.0,N,4.521744,14.541716,57.180229,3,16,2,2014,26
2014-03-26 17:00:00,5.045047,111.661606,22.1,17.934495,0.0,N,4.039658,14.373962,54.802498,3,17,2,2014,26
2014-03-26 18:00:00,7.148708,113.00946,22.1,17.864172,0.000329,E,3.308493,14.120874,54.159267,3,18,2,2014,26
2014-03-26 19:00:00,11.808778,106.863663,22.1,17.928391,0.007031,S,3.115931,13.53008,59.744228,3,19,2,2014,26
2014-03-26 20:00:00,16.693756,101.653709,22.1,17.805007,0.014632,E,2.166348,13.014003,62.936569,3,20,2,2014,26
2014-03-26 21:00:00,18.220261,100.337769,22.1,17.863734,0.021488,E,2.01711,13.027195,64.18525700000001,3,21,2,2014,26
2014-03-26 22:00:00,11.79956,104.948685,22.1,17.647555,0.00152,N,2.462321,13.098965,63.649433,3,22,2,2014,26
2014-03-26 23:00:00,11.042036,107.784943,22.1,17.723504,0.005997,E,2.528384,13.10483,62.424629,3,23,2,2014,26
2014-03-27 00:00:00,7.128701,109.706207,22.1,17.726325,0.002549,O,3.35848,12.638138,61.314739,3,0,3,2014,27
2014-03-27 01:00:00,6.243685,108.563232,,17.833616,0.008262,E,2.054687,12.430975,57.158791,3,1,3,2014,27
2014-03-27 02:00:00,5.732509,107.571884,,17.822162,0.0,O,1.427028,12.153775,62.430939,3,2,3,2014,27
2014-03-27 03:00:00,4.578637,105.661392,,17.738663,0.0,N,1.581951,12.076445,62.020653,3,3,3,2014,27
2014-03-27 04:00:00,12.529387,80.080978,35.599991,18.973456,0.01589,O,1.05853,10.63434,66.495316,3,4,3,2014,27
2014-03-27 05:00:00,25.737254,49.670387,35.599991,21.298804,0.083409,SSO,1.82904,8.919448,75.194473,3,5,3,2014,27
2014-03-27 06:00:00,13.77751,57.292717,35.599991,18.890253,0.020046,SO,1.648993,8.252035,76.977982,3,6,3,2014,27
2014-03-27 07:00:00,31.219957,41.096386,35.599991,18.567312,0.084715,SO,1.929552,7.533714,80.582794,3,7,3,2014,27
2014-03-27 08:00:00,47.181117,36.927441,35.599991,21.191019,0.244911,SO,2.228723,8.581604,77.918419,3,8,3,2014,27
2014-03-27 09:00:00,50.488925,41.779991,35.599991,21.253634,0.24756,SSO,2.362948,10.503965,70.90239,3,9,3,2014,27
2014-03-27 10:00:00,35.839086,66.976784,35.599991,21.971253,0.106836,SO,1.800825,12.429723,65.905777,3,10,3,2014,27
2014-03-27 11:00:00,13.902817,95.443436,35.599991,19.877096,0.032011,NO,2.051584,13.628642,57.742493,3,11,3,2014,27
2014-03-27 12:00:00,12.422536,93.621437,35.599991,,0.112071,OSO,2.299449,14.1553,53.037437,3,12,3,2014,27
2014-03-27 13:00:00,20.882661,84.848694,35.599991,3.320081,0.626289,O,3.253249,14.056638,54.827156,3,13,3,2014,27
2014-03-27 14:00:00,8.539264,82.842842,35.599991,1.416334,0.246575,N,4.354124,14.389971,56.536354,3,14,3,2014,27
2014-03-27 15:00:00,7.195218,85.987633,35.599991,1.295052,0.214603,N,3.843516,14.421618,55.079124,3,15,3,2014,27
2014-03-27 16:00:00,5.059049,88.106895,35.599991,0.949738,0.19543,NNO,3.350372,14.332683,54.20417,3,16,3,2014,27
2014-03-27 17:00:00,5.451723,88.403847,35.599991,1.12529,0.193641,S,3.037795,14.265463,53.883354,3,17,3,2014,27
2014-03-27 18:00:00,13.925322,80.231354,35.599991,0.99744,0.242682,NNO,2.607692,14.072272,54.769398,3,18,3,2014,27
2014-03-27 19:00:00,23.526019,74.094986,35.599991,1.123979,0.311257,ONO,2.854416,13.29256,60.178196,3,19,3,2014,27
2014-03-27 20:00:00,26.290356,67.962669,35.599991,0.890768,0.326858,ONO,2.567261,12.851847,63.606255,3,20,3,2014,27
2014-03-27 21:00:00,29.252844,60.719513,35.599991,0.65776,0.340481,OSO,1.969804,12.601,64.430771,3,21,3,2014,27
2014-03-27 22:00:00,47.343152,36.112808,35.599991,2.025171,0.425166,SO,2.077864,11.767632,67.956444,3,22,3,2014,27
2014-03-27 23:00:00,27.278994,50.288811,35.599991,2.435999,0.306574,SO,2.825833,11.295344,70.16571,3,23,3,2014,27
2014-03-28 00:00:00,20.624658,48.48304,35.599991,4.209338,0.223975,SSO,3.33135,10.592997,73.19722,3,0,4,2014,28
2014-03-28 01:00:00,10.875074,59.363003,9.3,3.175247,0.200842,SSO,4.280905,10.49908,74.216072,3,1,4,2014,28
2014-03-28 02:00:00,11.02234,61.031006,9.3,3.51057,0.191069,SSO,3.791286,10.47941,75.743484,3,2,4,2014,28
2014-03-28 03:00:00,12.974471,65.128998,9.3,2.273369,0.184079,SO,3.721908,11.486057,73.220047,3,3,4,2014,28
2014-03-28 04:00:00,1.860882,85.99086,9.3,1.655347,0.188754,NO,3.498156,10.612394,84.790253,3,4,4,2014,28
2014-03-28 05:00:00,3.303318,89.874748,9.3,1.296704,0.20521,NO,2.168302,9.573905,90.065788,3,5,4,2014,28
2014-03-28 06:00:00,3.467509,89.027374,9.3,1.000524,0.19818,OSO,1.466767,9.608229,91.624901,3,6,4,2014,28
2014-03-28 07:00:00,15.40336,66.679092,9.3,1.03439,0.226705,SSO,1.970215,9.559117,92.131226,3,7,4,2014,28
2014-03-28 08:00:00,34.778657,53.366478,9.3,1.468439,0.344723,SO,2.371661,9.359043,91.324539,3,8,4,2014,28
2014-03-28 09:00:00,29.016706,64.298744,9.3,1.322264,0.323315,OSO,2.298604,9.360603,87.866898,3,9,4,2014,28
2014-03-28 10:00:00,27.499613,65.012123,9.3,0.879244,0.298266,OSO,2.249359,9.765365,85.024544,3,10,4,2014,28
2014-03-28 11:00:00,25.308742,67.74334,9.3,1.374641,0.286704,SO,1.908886,9.741827,86.025803,3,11,4,2014,28
2014-03-28 12:00:00,13.939411,73.242432,9.3,2.085956,0.22242,SSE,3.04786,10.158762,86.723503,3,12,4,2014,28
2014-03-28 13:00:00,17.793563,67.291275,9.3,1.494049,0.228638,S,4.021672,10.478493,85.220001,3,13,4,2014,28
2014-03-28 14:00:00,31.736693,53.896854,9.3,2.128682,0.274014,SSO,2.923275,10.815355,80.834892,3,14,4,2014,28
2014-03-28 15:00:00,29.044591,55.536812,9.3,2.849576,0.263687,SSO,3.214765,10.667238,81.574066,3,15,4,2014,28
2014-03-28 16:00:00,27.156737,59.346336,9.3,3.991541,0.257573,SSO,3.433159,11.030792,78.30999,3,16,4,2014,28
2014-03-28 17:00:00,25.272455,60.50758,9.3,2.439721,0.255569,SSO,3.2702,11.433924,75.070503,3,17,4,2014,28
2014-03-28 18:00:00,16.863402,63.439491,9.3,2.373723,0.217759,S,2.935579,11.351445,76.487343,3,18,4,2014,28
2014-03-28 19:00:00,20.506199,60.984543,9.3,1.919794,0.228367,S,3.857195,10.803553,76.936127,3,19,4,2014,28
2014-03-28 20:00:00,25.077861,55.550766,9.3,1.780727,0.270615,S,3.912152,10.117077,77.077118,3,20,4,2014,28
2014-03-28 21:00:00,13.683987,64.338638,9.3,1.509164,0.218718,S,4.058642,9.572243,77.756271,3,21,4,2014,28
2014-03-28 22:00:00,13.649394,65.898804,9.3,1.571399,0.228492,S,3.967209,9.366233,76.180023,3,22,4,2014,28
2014-03-28 23:00:00,8.653601,69.11705,9.3,1.59242,0.210782,S,3.944544,9.568615,76.575218,3,23,4,2014,28
2014-03-29 00:00:00,8.814844,66.380806,9.3,1.49803,0.20381,S,3.221151,9.24159,79.800934,3,0,5,2014,29
2014-03-29 01:00:00,7.045516,64.950493,14.1,1.55625,0.19494,S,2.437467,8.870235,81.604256,3,1,5,2014,29
2014-03-29 02:00:00,5.674965,64.649902,14.1,1.420913,0.187483,SSE,1.375127,8.578891,87.915001,3,2,5,2014,29
2014-03-29 03:00:00,7.07633,55.638538,14.1,1.328661,0.201819,ESE,0.832937,8.586353,90.145844,3,3,5,2014,29
2014-03-29 04:00:00,6.446298,51.671692,14.1,1.211665,0.198286,SSE,0.725444,8.550638,88.907677,3,4,5,2014,29
2014-03-29 05:00:00,9.158546,52.169853,14.1,0.898858,0.228507,N,0.910646,8.963032,87.795921,3,5,5,2014,29
2014-03-29 06:00:00,11.618906,59.436119,14.1,1.050002,0.233385,N,1.372812,9.379766,86.89093,3,6,5,2014,29
2014-03-29 07:00:00,13.276261,62.163059,14.1,1.229487,0.242474,O,1.505486,9.316138,90.350288,3,7,5,2014,29
2014-03-29 08:00:00,31.79034,47.353901,14.1,1.302354,0.353155,ONO,0.946742,9.686645,91.533295,3,8,5,2014,29
2014-03-29 09:00:00,31.626054,54.544342,14.1,1.361174,0.379666,O,1.704126,10.515497,89.07061,3,9,5,2014,29
2014-03-29 10:00:00,12.587528,78.054337,14.1,1.204664,0.251331,O,2.703814,12.014208,80.419472,3,10,5,2014,29
2014-03-29 11:00:00,10.10555,83.59903,14.1,1.472812,0.266087,ONO,2.451363,13.47785,64.49192,3,11,5,2014,29
2014-03-29 12:00:00,7.989455,88.394867,14.1,1.438778,0.213708,ONO,3.27743,14.402553,56.301582,3,12,5,2014,29
2014-03-29 13:00:00,13.003406,83.073051,14.1,1.112306,0.249191,ONO,4.192795,12.879117,65.497849,3,13,5,2014,29
2014-03-29 14:00:00,9.612591,87.411804,14.1,1.041487,0.22974,ONO,3.382406,14.291578,59.350937,3,14,5,2014,29
2014-03-29 15:00:00,7.529694,90.376839,14.1,1.041078,0.215015,ONO,4.642849,14.693388,58.666016,3,15,5,2014,29
2014-03-29 16:00:00,10.013878,85.552429,14.1,0.949562,0.225124,ONO,4.465332,13.883898,63.691048,3,16,5,2014,29
2014-03-29 17:00:00,10.244004,83.652985,14.1,0.973589,0.23679,ONO,4.175161,13.596015,68.422699,3,17,5,2014,29
2014-03-29 18:00:00,15.876006,77.299118,14.1,0.778783,0.263118,ONO,3.152837,13.104527,72.358994,3,18,5,2014,29
2014-03-29 19:00:00,19.782599,73.485542,14.1,1.068921,0.310069,ONO,3.218544,12.914357,75.85643,3,19,5,2014,29
2014-03-29 20:00:00,29.736489,60.484379,14.1,0.884889,0.401551,O,2.37808,12.887733,72.873924,3,20,5,2014,29
2014-03-29 21:00:00,32.240521,54.361195,14.1,0.808193,0.375172,OSO,2.251618,12.296766,74.593262,3,21,5,2014,29
2014-03-29 22:00:00,23.451089,55.231915,14.1,0.683448,0.321871,O,2.420154,11.619653,79.807617,3,22,5,2014,29
2014-03-29 23:00:00,24.139005,49.889687,14.1,0.877325,0.316409,OSO,2.936111,10.97917,85.195549,3,23,5,2014,29
2014-03-30 00:00:00,15.377901,57.765297,14.1,1.485455,0.240847,SO,3.416793,10.907807,85.16185,3,0,6,2014,30
2014-03-30 01:00:00,9.725941,59.30513,18.29999,1.338874,0.210653,SO,3.066752,10.602255,86.039818,3,1,6,2014,30
2014-03-30 02:00:00,5.899125,59.131264,18.29999,1.076298,0.194372,SO,3.4332,10.4538,87.165398,3,2,6,2014,30
2014-03-30 03:00:00,3.783874,58.972633,18.29999,0.935031,0.187578,SO,3.812333,10.395395,87.15937,3,3,6,2014,30
2014-03-30 04:00:00,4.037216,53.382423,18.29999,1.206042,0.18054,SO,3.467326,9.84812,87.606567,3,4,6,2014,30
2014-03-30 05:00:00,4.420019,53.663364,18.29999,1.558444,0.182176,SO,3.47224,9.554776,88.949631,3,5,6,2014,30
2014-03-30 06:00:00,8.410421,45.326462,18.29999,1.60671,0.196651,SO,3.040697,9.28931,89.328041,3,6,6,2014,30
2014-03-30 07:00:00,9.413815,39.864391,18.29999,1.478993,0.207057,SSO,2.971986,8.851072,90.830696,3,7,6,2014,30
2014-03-30 08:00:00,11.340709,44.878296,18.29999,1.332231,0.218597,SSO,3.618512,9.864977,90.268921,3,8,6,2014,30
2014-03-30 09:00:00,13.2382,50.653172,18.29999,1.221103,0.201072,SSO,3.531157,11.893465,83.727371,3,9,6,2014,30
2014-03-30 10:00:00,6.134207,70.738136,18.29999,1.084025,0.194337,SO,4.608825,14.244332,72.496643,3,10,6,2014,30
2014-03-30 11:00:00,12.513897,70.951408,18.29999,1.103826,0.191415,SO,4.087637,15.422902,62.7174,3,11,6,2014,30
2014-03-30 12:00:00,7.856556,79.903648,18.29999,1.032393,0.196527,SO,3.518391,17.06562,52.550972,3,12,6,2014,30
2014-03-30 13:00:00,7.179583,81.641426,18.29999,1.064785,0.218574,ONO,3.486733,17.320637,51.636211,3,13,6,2014,30
2014-03-30 14:00:00,6.992942,82.858276,18.29999,1.056127,0.245852,NO,3.819978,16.331764,65.513123,3,14,6,2014,30
2014-03-30 15:00:00,7.454191,86.343422,18.29999,2.240165,0.216736,NO,4.435541,16.136509,65.604179,3,15,6,2014,30
2014-03-30 16:00:00,10.583576,80.110313,18.29999,5.387272,0.222056,NO,4.071304,16.417374,64.717743,3,16,6,2014,30
2014-03-30 17:00:00,7.853958,80.359573,18.29999,3.449653,0.21922,NO,4.489322,15.991545,66.515091,3,17,6,2014,30
2014-03-30 18:00:00,9.656865,79.279655,18.29999,1.76896,0.216491,NO,4.205155,15.362733,68.989777,3,18,6,2014,30
2014-03-30 19:00:00,13.224532,71.324928,18.29999,1.041175,0.25207,NO,3.143279,15.042051,72.812332,3,19,6,2014,30
2014-03-30 20:00:00,21.267712,61.373737,18.29999,0.62455,0.336016,ONO,2.217823,14.265566,81.668732,3,20,6,2014,30
2014-03-30 21:00:00,34.994933,45.078972,18.29999,0.918117,0.404079,OSO,1.712752,13.740333,85.640579,3,21,6,2014,30
2014-03-30 22:00:00,45.505354,23.077936,18.29999,1.028708,0.482519,SSO,1.212634,12.543272,87.096191,3,22,6,2014,30
2014-03-30 23:00:00,48.068841,16.412201,18.29999,1.06234,0.655867,SO,1.183189,12.072849,85.906418,3,23,6,2014,30
2014-03-31 00:00:00,44.021265,11.88484,18.29999,1.316091,0.402148,SO,1.093913,11.716925,84.710823,3,0,0,2014,31
2014-03-31 01:00:00,37.421089,10.099542,33.700001,1.770087,0.358201,SSO,1.630148,10.86114,85.372597,3,1,0,2014,31
2014-03-31 02:00:00,34.759188,9.232646,33.700001,3.749462,0.288547,SSO,1.52366,9.91592,87.296021,3,2,0,2014,31
2014-03-31 03:00:00,29.912242,10.019002,33.700001,4.340675,0.279369,SSO,1.526895,9.366945,89.112122,3,3,0,2014,31
2014-03-31 04:00:00,17.179646,25.393864,33.700001,2.90554,0.237684,SSO,1.941031,9.398318,90.109299,3,4,0,2014,31
2014-03-31 05:00:00,24.697648,22.642361,33.700001,3.33825,0.230373,SSO,1.997046,9.503765,90.912186,3,5,0,2014,31
2014-03-31 06:00:00,19.625325,26.75769,33.700001,2.53575,0.22983,SSO,2.467267,9.50095,90.94133,3,6,0,2014,31
2014-03-31 07:00:00,38.956869,11.790518,33.700001,3.658031,0.367809,SSO,2.077339,9.572785,90.74147,3,7,0,2014,31
2014-03-31 08:00:00,42.207375,12.583098,33.700001,7.720719,0.39571,SSO,2.591884,10.19536,89.019424,3,8,0,2014,31
2014-03-31 09:00:00,37.821972,25.412594,33.700001,7.086276,0.388346,SO,2.452805,12.531202,81.024994,3,9,0,2014,31
2014-03-31 10:00:00,33.982777,34.705524,33.700001,3.544233,0.291539,SO,2.450716,14.408595,74.681946,3,10,0,2014,31
2014-03-31 11:00:00,24.878335,49.154617,33.700001,2.722626,0.249815,SO,3.136631,15.763087,69.703827,3,11,0,2014,31
2014-03-31 12:00:00,12.459636,64.912483,33.700001,2.723785,0.20661,SSO,3.978435,18.219673,54.709702,3,12,0,2014,31
2014-03-31 13:00:00,11.874768,69.001251,33.700001,2.369985,0.199286,SSO,4.895105,20.324612,43.035736,3,13,0,2014,31
2014-03-31 14:00:00,11.398263,70.831795,33.700001,1.556768,0.193378,SO,5.456442,21.163063,36.957123,3,14,0,2014,31
2014-03-31 15:00:00,7.372331,73.268715,33.700001,1.434076,0.199633,NO,5.913541,16.877998,69.343529,3,15,0,2014,31
2014-03-31 16:00:00,7.927416,70.459808,33.700001,1.641116,0.201124,ONO,5.91182,16.545309,68.338615,3,16,0,2014,31
2014-03-31 17:00:00,9.434622,70.518349,33.700001,1.386168,0.202449,ONO,5.31238,16.565115,69.204742,3,17,0,2014,31
2014-03-31 18:00:00,16.204152,62.974045,33.700001,1.349442,0.259924,ONO,3.275187,17.346556,65.174362,3,18,0,2014,31
2014-03-31 19:00:00,29.887564,44.708252,33.700001,3.52565,0.278557,ONO,3.244218,16.929071,63.088211,3,19,0,2014,31
2014-03-31 20:00:00,32.426531,39.574089,33.700001,4.402371,0.336298,O,2.874416,15.775567,71.809753,3,20,0,2014,31
2014-03-31 21:00:00,24.480106,42.528652,33.700001,3.014644,0.277736,OSO,2.9725,15.882948,63.610126,3,21,0,2014,31
2014-03-31 22:00:00,20.239924,43.37558,33.700001,2.976489,0.221615,SO,2.833335,15.230428,62.949089,3,22,0,2014,31
2014-03-31 23:00:00,14.44299,50.019596,33.700001,2.072457,0.202816,SO,2.979945,14.727002,67.513962,3,23,0,2014,31
2014-04-01 00:00:00,14.356257,46.452686,33.700001,1.828352,0.187971,SO,2.35981,14.163136,72.040627,4,0,1,2014,1
2014-04-01 01:00:00,13.35777,43.514679,35.700001,2.410337,0.17783,SSO,2.244785,13.417311,77.207771,4,1,1,2014,1
2014-04-01 02:00:00,11.546403,40.822212,35.700001,3.564445,0.164313,SSO,2.468768,12.617517,80.980965,4,2,1,2014,1
2014-04-01 03:00:00,8.298571,47.625713,35.700001,4.261964,0.154712,SSO,2.820009,12.48375,81.360992,4,3,1,2014,1
2014-04-01 04:00:00,9.937606,47.731884,35.700001,4.629422,0.167736,SSO,2.707904,12.420395,78.286766,4,4,1,2014,1
2014-04-01 05:00:00,13.039361,40.792957,35.700001,6.454485,0.163524,SSO,2.981535,12.113515,74.289368,4,5,1,2014,1
2014-04-01 06:00:00,30.779292,24.77564,35.700001,8.55578,0.182447,SSO,2.938573,12.08255,72.299454,4,6,1,2014,1
2014-04-01 07:00:00,48.857759,9.236488,35.700001,17.584583,0.329236,SSO,2.398734,11.510003,72.569557,4,7,1,2014,1
2014-04-01 08:00:00,49.029528,12.085276,35.700001,21.091308,0.404737,SSO,3.110079,12.433893,69.438034,4,8,1,2014,1
2014-04-01 09:00:00,41.412341,21.048956,35.700001,14.476409,0.378683,SSO,2.927319,14.597168,62.861099,4,9,1,2014,1
2014-04-01 10:00:00,28.545597,43.419308,35.700001,6.331774,0.256666,SO,3.471071,17.287743,53.765873,4,10,1,2014,1
2014-04-01 11:00:00,14.840186,63.511295,35.700001,2.88438,0.208232,SO,4.358707,19.137697,41.763493,4,11,1,2014,1
2014-04-01 12:00:00,15.803027,65.336311,35.700001,1.885129,0.20688,OSO,4.873319,20.17931,36.16988,4,12,1,2014,1
2014-04-01 13:00:00,13.137501,68.046806,35.700001,1.612178,0.200277,OSO,3.951831,20.756952,36.226692,4,13,1,2014,1
2014-04-01 14:00:00,17.950888,64.870148,35.700001,1.75396,0.199714,SO,3.977286,21.827152,34.849266,4,14,1,2014,1
2014-04-01 15:00:00,12.317069,71.126389,35.700001,1.770245,0.222341,ONO,4.670503,19.743443,54.691727,4,15,1,2014,1
2014-04-01 16:00:00,13.327425,68.752785,35.700001,3.06959,0.224646,ONO,4.984315,18.445118,60.711029,4,16,1,2014,1
2014-04-01 17:00:00,19.816581,59.028484,35.700001,5.810334,0.239586,ONO,4.384198,18.653532,54.843002,4,17,1,2014,1
2014-04-01 18:00:00,18.573377,61.138229,35.700001,4.100071,0.241884,O,4.643196,18.497147,48.657131,4,18,1,2014,1
2014-04-01 19:00:00,16.136809,63.228058,35.700001,1.895139,0.221678,OSO,4.419688,18.712749,41.712044,4,19,1,2014,1
2014-04-01 20:00:00,21.117777,57.145271,35.700001,2.079329,0.24259,O,2.926383,17.315659,52.56406,4,20,1,2014,1
2014-04-01 21:00:00,14.828475,61.292572,35.700001,3.381138,0.210969,SO,3.340809,16.533743,56.092659,4,21,1,2014,1
2014-04-01 22:00:00,15.980933,62.085728,35.700001,2.507373,0.198853,SSO,3.448233,16.228758,56.838444,4,22,1,2014,1
2014-04-01 23:00:00,11.674494,66.514702,35.700001,4.291125,0.169843,SSO,4.186976,16.145428,56.629864,4,23,1,2014,1
2014-04-02 00:00:00,4.214839,76.452133,35.700001,2.821138,0.16262,OSO,4.928207,15.942743,64.617378,4,0,2,2014,2
2014-04-02 01:00:00,1.807368,88.074921,11.8,1.751256,0.175355,ONO,3.917681,12.896177,83.02404,4,1,2,2014,2
2014-04-02 02:00:00,1.814701,87.855736,11.8,1.394797,0.168409,O,2.082816,12.251693,86.507187,4,2,2,2014,2
2014-04-02 03:00:00,1.325131,87.804291,11.8,1.285562,0.167037,O,2.304062,12.248028,85.258209,4,3,2,2014,2
2014-04-02 04:00:00,1.297459,81.257362,11.8,1.203489,0.17331,OSO,2.751719,11.84856,89.380135,4,4,2,2014,2
2014-04-02 05:00:00,2.538558,84.191032,11.8,1.279309,0.167872,OSO,3.325842,11.239073,89.944374,4,5,2,2014,2
2014-04-02 06:00:00,8.273394,75.441925,11.8,1.509506,0.184431,SO,2.992958,11.228457,89.538116,4,6,2,2014,2
2014-04-02 07:00:00,26.419183,60.972725,11.8,1.519681,0.269074,SSO,3.290617,10.73775,90.363617,4,7,2,2014,2
2014-04-02 08:00:00,31.877256,62.60862,11.8,1.682001,0.293804,SO,4.018206,10.57485,90.18071,4,8,2,2014,2
2014-04-02 09:00:00,33.64458,52.673565,11.8,1.488408,0.298002,SO,2.989315,10.941217,89.642754,4,9,2,2014,2
2014-04-02 10:00:00,33.994584,49.752014,11.8,2.864018,0.247589,SSO,4.342345,11.019702,90.243683,4,10,2,2014,2
2014-04-02 11:00:00,28.011133,56.127213,11.8,4.328967,0.261081,SSO,4.573939,11.270008,90.752914,4,11,2,2014,2
2014-04-02 12:00:00,27.661487,60.816154,11.8,2.863698,0.290684,SO,4.936446,11.866838,86.089569,4,12,2,2014,2
2014-04-02 13:00:00,19.474535,67.773407,11.8,2.224705,0.256322,OSO,4.86842,12.758507,81.114426,4,13,2,2014,2
2014-04-02 14:00:00,13.301963,75.941544,11.8,2.279288,0.22994,OSO,5.530262,13.934437,75.170555,4,14,2,2014,2
2014-04-02 15:00:00,15.46178,74.444244,11.8,2.347037,0.229996,OSO,4.47263,13.830919,74.556435,4,15,2,2014,2
2014-04-02 16:00:00,12.008512,83.135208,11.8,2.05994,0.218096,O,4.506922,13.256443,73.838928,4,16,2,2014,2
2014-04-02 17:00:00,8.763525,86.566269,11.8,1.589846,0.210107,O,5.109711,14.16636,72.386642,4,17,2,2014,2
2014-04-02 18:00:00,9.34079,86.117615,11.8,1.492207,0.222689,O,5.892094,14.280456,68.781601,4,18,2,2014,2
2014-04-02 19:00:00,14.107386,78.766891,11.8,1.297532,0.248464,O,4.444752,14.095098,70.120735,4,19,2,2014,2
2014-04-02 20:00:00,16.455771,68.783691,11.8,1.178439,0.257646,OSO,3.586794,13.336685,74.165581,4,20,2,2014,2
2014-04-02 21:00:00,21.067483,58.315887,11.8,1.319554,0.278494,OSO,3.531837,12.710108,78.625862,4,21,2,2014,2
2014-04-02 22:00:00,17.27191,58.456413,11.8,2.063,0.238038,SO,3.52217,12.251625,81.718315,4,22,2,2014,2
2014-04-02 23:00:00,8.122546,70.511742,11.8,1.501496,0.198599,O,3.110721,11.569898,83.276718,4,23,2,2014,2
2014-04-03 00:00:00,4.530266,69.021477,11.8,1.478646,0.182417,OSO,3.489731,11.581295,85.202606,4,0,3,2014,3
2014-04-03 01:00:00,2.02677,76.510536,24.0,1.162481,0.16912,OSO,3.733964,11.02879,87.617516,4,1,3,2014,3
2014-04-03 02:00:00,1.675851,69.987648,24.0,1.200731,0.17031,SO,3.742441,11.136952,88.980759,4,2,3,2014,3
2014-04-03 03:00:00,1.224006,74.613258,24.0,1.266645,0.159621,SO,4.7313,11.130238,88.13369,4,3,3,2014,3
2014-04-03 04:00:00,1.147436,75.296204,24.0,1.25141,0.157469,OSO,4.558016,11.214212,88.278481,4,4,3,2014,3
2014-04-03 05:00:00,1.540831,81.175499,24.0,1.183939,0.167988,OSO,4.688493,10.884375,86.961296,4,5,3,2014,3
2014-04-03 06:00:00,5.99884,77.855125,24.0,1.479957,0.178015,OSO,4.860332,10.846353,85.122871,4,6,3,2014,3
2014-04-03 07:00:00,24.140205,60.161499,24.0,1.54027,0.257253,SO,3.921208,10.496737,84.598892,4,7,3,2014,3
2014-04-03 08:00:00,29.126563,52.706394,24.0,1.632136,0.283362,SO,3.671956,10.900723,85.215607,4,8,3,2014,3
2014-04-03 09:00:00,30.702857,50.708092,24.0,1.340909,0.362877,SSO,2.2867,11.452106,87.77578,4,9,3,2014,3
2014-04-03 10:00:00,19.211152,65.634605,24.0,1.43273,0.260323,OSO,4.327538,12.127182,84.237473,4,10,3,2014,3
2014-04-03 11:00:00,20.347557,73.747711,24.0,1.212503,0.282699,O,3.399022,12.286284,84.687355,4,11,3,2014,3
2014-04-03 12:00:00,12.94857,85.714523,24.0,1.114383,0.243871,ONO,4.887385,13.743179,70.250946,4,12,3,2014,3
2014-04-03 13:00:00,8.343313,89.175003,24.0,0.908735,0.210329,ONO,5.142308,14.53293,66.566948,4,13,3,2014,3
2014-04-03 14:00:00,9.665836,87.166252,24.0,1.076686,0.220304,NO,4.317594,14.61911,67.405266,4,14,3,2014,3
2014-04-03 15:00:00,9.158064,88.928833,24.0,0.948731,0.219524,NO,4.364473,14.475713,67.853134,4,15,3,2014,3
2014-04-03 16:00:00,7.793186,91.578239,24.0,0.97769,0.208822,NO,4.488227,14.957058,61.399467,4,16,3,2014,3
2014-04-03 17:00:00,10.553327,91.058357,24.0,0.740797,0.216283,NO,3.902229,15.01051,60.407131,4,17,3,2014,3
2014-04-03 18:00:00,14.876929,87.842384,24.0,0.685418,0.257088,NO,3.118374,14.64655,62.159027,4,18,3,2014,3
2014-04-03 19:00:00,21.415765,80.317024,24.0,0.774353,0.287352,NO,2.375789,14.095472,61.798904,4,19,3,2014,3
2014-04-03 20:00:00,31.878702,67.777954,24.0,0.78686,0.333193,ONO,1.77229,13.503695,63.177109,4,20,3,2014,3
2014-04-03 21:00:00,47.15108,51.777004,24.0,0.699487,0.459547,NO,1.178848,13.20112,67.39106,4,21,3,2014,3
2014-04-03 22:00:00,64.017072,23.094854,24.0,0.774941,0.726511,SO,1.019567,12.415237,72.167175,4,22,3,2014,3
2014-04-03 23:00:00,63.94784,8.22847,24.0,1.371291,0.684189,SSO,1.01352,10.799041,80.404686,4,23,3,2014,3
2014-04-04 00:00:00,47.94171,10.46565,24.0,1.577991,0.521101,SO,1.107962,9.974936,85.502098,4,0,4,2014,4
2014-04-04 01:00:00,41.861258,7.892036,36.200001,1.438986,0.485012,SSO,1.011884,9.451568,87.664185,4,1,4,2014,4
2014-04-04 02:00:00,32.278197,12.42123,36.200001,1.55146,0.381646,SO,1.449176,8.942952,89.411469,4,2,4,2014,4
2014-04-04 03:00:00,29.110789,16.003803,36.200001,3.588947,0.275892,SSO,1.760462,8.489723,90.0783,4,3,4,2014,4
2014-04-04 04:00:00,24.997087,20.130198,36.200001,3.943996,0.244668,SSO,1.733476,8.144282,90.18013,4,4,4,2014,4
2014-04-04 05:00:00,28.295426,15.363102,36.200001,5.616938,0.214068,SSO,1.676597,7.761397,90.162766,4,5,4,2014,4
2014-04-04 06:00:00,40.383752,8.763864,36.200001,9.919237,0.248647,SSO,1.308515,7.481821,90.260139,4,6,4,2014,4
2014-04-04 07:00:00,50.78385,8.388504,36.200001,22.951679,0.524646,SO,1.770929,7.557456,89.657639,4,7,4,2014,4
2014-04-04 08:00:00,50.214462,12.191632,36.200001,22.765294,0.529244,SSO,1.662821,8.785987,86.480827,4,8,4,2014,4
2014-04-04 09:00:00,42.948354,29.871281,36.200001,21.186341,0.366952,S,2.077352,11.753454,76.992088,4,9,4,2014,4
2014-04-04 10:00:00,17.437327,78.939072,36.200001,6.598932,0.217913,SE,1.752877,14.389937,64.558769,4,10,4,2014,4
2014-04-04 11:00:00,15.210644,91.72567,36.200001,5.468192,0.258951,ESE,2.162965,15.62094,55.097607,4,11,4,2014,4
2014-04-04 12:00:00,18.230365,91.719734,36.200001,8.971611,0.236733,ENE,2.298889,16.51091,53.571793,4,12,4,2014,4
2014-04-04 13:00:00,15.621904,94.933189,36.200001,12.336044,0.206915,N,3.235156,16.132643,56.691216,4,13,4,2014,4
2014-04-04 14:00:00,7.530834,101.231949,36.200001,6.835206,0.171157,E,2.944487,16.402077,56.60025,4,14,4,2014,4
2014-04-04 15:00:00,6.125082,102.686943,36.200001,6.512616,0.165882,NNE,2.424092,16.712248,54.370903,4,15,4,2014,4
2014-04-04 16:00:00,5.092845,102.666077,36.200001,3.25461,0.165139,ESE,2.77574,16.2773,57.094246,4,16,4,2014,4
2014-04-04 17:00:00,6.63076,106.005737,36.200001,3.945528,0.168963,NNE,2.891046,15.713943,60.822781,4,17,4,2014,4
2014-04-04 18:00:00,8.302453,111.323349,36.200001,2.556571,0.192684,NNE,2.225127,15.439152,64.220932,4,18,4,2014,4
2014-04-04 19:00:00,11.519987,111.983513,36.200001,1.77798,0.213889,ENE,2.055519,14.70329,70.039268,4,19,4,2014,4
2014-04-04 20:00:00,13.315053,92.582428,36.200001,1.211128,0.20812,ENE,2.204899,13.9131,74.443146,4,20,4,2014,4
2014-04-04 21:00:00,20.729375,83.859718,36.200001,1.026767,0.22707,ENE,2.471745,13.612635,76.043266,4,21,4,2014,4
2014-04-04 22:00:00,18.080594,81.401428,36.200001,1.448659,0.201384,E,2.33545,13.374983,77.523232,4,22,4,2014,4
2014-04-04 23:00:00,11.566165,85.578468,36.200001,1.172995,0.194204,E,2.188561,13.331907,77.861343,4,23,4,2014,4
2014-04-05 00:00:00,22.050575,65.311142,36.200001,5.589004,0.231145,E,2.213359,12.824918,80.893394,4,0,5,2014,5
2014-04-05 01:00:00,17.131166,64.139664,29.1,4.778117,0.245505,E,2.168282,12.271025,83.539162,4,1,5,2014,5
2014-04-05 02:00:00,11.659524,67.791901,29.1,2.953883,0.214011,E,1.821218,11.788867,83.869987,4,2,5,2014,5
2014-04-05 03:00:00,5.66704,75.625595,29.1,2.275945,0.189157,E,1.530152,11.456175,83.208893,4,3,5,2014,5
2014-04-05 04:00:00,7.202415,68.491531,29.1,1.771711,0.195086,E,1.424293,11.182705,81.21669,4,4,5,2014,5
2014-04-05 05:00:00,26.139549,39.977146,29.1,6.746863,0.240766,ENE,1.20471,10.83635,83.525536,4,5,5,2014,5
2014-04-05 06:00:00,28.566709,33.636417,29.1,13.299997,0.250945,E,1.095622,10.608768,84.835869,4,6,5,2014,5
2014-04-05 07:00:00,48.774454,16.249075,29.1,26.036532,0.315286,E,1.322428,10.505387,85.571594,4,7,5,2014,5
2014-04-05 08:00:00,41.414789,35.497375,29.1,34.507409,0.343981,E,1.94904,12.009355,80.428391,4,8,5,2014,5
2014-04-05 09:00:00,31.234788,53.114738,29.1,30.706437,0.273961,E,3.125337,13.835057,72.292694,4,9,5,2014,5
2014-04-05 10:00:00,37.792588,56.424507,29.1,59.016409,0.265369,E,3.596764,15.254848,61.515942,4,10,5,2014,5
2014-04-05 11:00:00,31.161089,65.315948,29.1,39.859568,0.260147,ENE,3.437635,16.734531,53.264641,4,11,5,2014,5
2014-04-05 12:00:00,19.168968,83.188293,29.1,16.24459,0.229902,ENE,3.3273,17.492565,54.118603,4,12,5,2014,5
2014-04-05 13:00:00,11.777356,92.876526,29.1,5.642527,0.216193,ENE,3.20366,17.932196,55.068542,4,13,5,2014,5
2014-04-05 14:00:00,10.63369,92.989517,29.1,6.279894,0.198054,ENE,3.355347,18.05867,53.426331,4,14,5,2014,5
2014-04-05 15:00:00,13.871459,88.07341,29.1,5.614273,0.213118,ENE,2.611643,18.979033,54.42836,4,15,5,2014,5
2014-04-05 16:00:00,11.352824,86.68364,29.1,4.94711,0.195814,ENE,3.159056,18.54015,61.823219,4,16,5,2014,5
2014-04-05 17:00:00,11.635772,80.690125,29.1,2.684885,0.152222,E,3.382117,17.863005,67.012512,4,17,5,2014,5
2014-04-05 18:00:00,14.878179,78.913223,29.1,2.362064,0.092589,ENE,3.629588,16.701971,73.15889,4,18,5,2014,5
2014-04-05 19:00:00,14.79902,80.451035,29.1,1.967416,0.2165,ENE,3.128058,15.424735,81.095062,4,19,5,2014,5
2014-04-05 20:00:00,13.083041,81.08963,29.1,1.448678,0.350076,ENE,3.601337,14.590487,87.211197,4,20,5,2014,5
2014-04-05 21:00:00,13.312459,69.251663,29.1,1.317576,0.316654,E,2.827554,14.357443,89.460388,4,21,5,2014,5
2014-04-05 22:00:00,52.32378,20.484673,29.1,20.506135,0.354332,E,1.903211,14.129795,90.418358,4,22,5,2014,5
2014-04-05 23:00:00,56.919098,17.14312,29.1,39.495341,0.349864,ENE,2.058664,13.950345,90.79287,4,23,5,2014,5
2014-04-06 00:00:00,26.577034,39.172752,29.1,20.113018,0.274376,E,1.880648,13.900414,91.559418,4,0,6,2014,6
2014-04-06 01:00:00,27.092175,27.792715,30.700001,12.284069,0.408262,E,1.452665,13.26638,92.245071,4,1,6,2014,6
2014-04-06 02:00:00,26.548503,23.306858,30.700001,7.894694,0.363522,ENE,0.981597,12.91405,92.160698,4,2,6,2014,6
2014-04-06 03:00:00,24.277174,21.285263,30.700001,11.159604,0.302908,E,0.991771,12.710653,92.398315,4,3,6,2014,6
2014-04-06 04:00:00,34.313237,10.461756,30.700001,28.173439,0.275385,OSO,0.76621,12.45543,93.120171,4,4,6,2014,6
2014-04-06 05:00:00,20.79086,22.705347,30.700001,10.157853,0.35766,E,1.350281,12.718523,93.757431,4,5,6,2014,6
2014-04-06 06:00:00,16.966512,24.956379,30.700001,5.019071,0.274756,E,1.942415,12.93118,94.368088,4,6,6,2014,6
2014-04-06 07:00:00,29.690378,14.649626,30.700001,23.366312,0.300368,E,2.024405,12.821187,94.912262,4,7,6,2014,6
2014-04-06 08:00:00,28.364928,17.575983,30.700001,35.567736,0.321739,E,1.933899,13.07909,95.340309,4,8,6,2014,6
2014-04-06 09:00:00,21.126418,28.184853,30.700001,22.727102,0.293591,E,2.272644,14.332685,95.102615,4,9,6,2014,6
2014-04-06 10:00:00,24.779188,43.527409,30.700001,22.292872,0.416222,E,2.065165,16.394516,90.983849,4,10,6,2014,6
2014-04-06 11:00:00,37.300388,35.86021,30.700001,18.363945,0.448388,ENE,1.480558,19.510338,69.842545,4,11,6,2014,6
2014-04-06 12:00:00,32.737518,43.564209,30.700001,29.383046,0.370702,ENE,1.84515,20.3183,66.328743,4,12,6,2014,6
2014-04-06 13:00:00,42.796352,36.226025,30.700001,65.734442,0.366604,ENE,1.98497,21.599941,61.914997,4,13,6,2014,6
2014-04-06 14:00:00,33.518228,52.891491,30.700001,52.207727,0.322726,NE,1.919331,21.783607,59.455593,4,14,6,2014,6
2014-04-06 15:00:00,26.768659,67.127419,30.700001,15.691758,0.320625,NE,1.79234,22.443554,56.703384,4,15,6,2014,6
2014-04-06 16:00:00,11.190665,76.174202,30.700001,6.392899,0.289442,NNE,2.026366,21.630341,58.367138,4,16,6,2014,6
2014-04-06 17:00:00,14.327758,65.191742,30.700001,4.901533,0.277727,ENE,2.034242,21.120195,60.661156,4,17,6,2014,6
2014-04-06 18:00:00,29.912299,46.425922,30.700001,7.271627,0.287259,E,1.318918,20.881933,60.726082,4,18,6,2014,6
2014-04-06 19:00:00,38.051196,36.747631,30.700001,6.893062,0.31959,SSE,1.057347,19.059788,67.278999,4,19,6,2014,6
2014-04-06 20:00:00,27.129116,45.241287,30.700001,3.705522,0.306597,ENE,1.834784,17.195889,78.856285,4,20,6,2014,6
2014-04-06 21:00:00,27.470191,44.078506,30.700001,2.651022,0.289377,ENE,1.76428,16.298357,86.845367,4,21,6,2014,6
2014-04-06 22:00:00,17.730335,49.45187,30.700001,2.077164,0.266153,E,1.561733,15.826921,89.763565,4,22,6,2014,6
2014-04-06 23:00:00,27.993982,34.229755,30.700001,2.85666,0.297533,E,1.106946,15.45509,90.890015,4,23,6,2014,6
2014-04-07 00:00:00,29.387281,26.77162,30.700001,6.685106,0.279023,E,1.265213,15.174327,90.908035,4,0,0,2014,7
2014-04-07 01:00:00,34.286712,23.40638,58.0,14.891448,0.326546,ENE,0.903759,14.860193,91.535706,4,1,0,2014,7
2014-04-07 02:00:00,28.306816,19.486376,58.0,7.807187,0.382918,N,0.210472,14.41846,91.897537,4,2,0,2014,7
2014-04-07 03:00:00,26.673274,15.131844,58.0,4.342224,0.421037,N,0.317419,13.686605,92.539345,4,3,0,2014,7
2014-04-07 04:00:00,25.91226,9.768734,58.0,3.010281,0.431369,NO,0.67925,12.711636,93.255661,4,4,0,2014,7
2014-04-07 05:00:00,27.347197,7.033002,58.0,2.823344,0.400933,NNO,0.662839,12.564165,94.034019,4,5,0,2014,7
2014-04-07 06:00:00,26.438496,6.965246,58.0,3.17762,0.513628,SSE,0.651882,12.055756,94.436333,4,6,0,2014,7
2014-04-07 07:00:00,34.750492,7.488484,58.0,2.917955,0.682595,SSO,1.561899,11.723915,94.682266,4,7,0,2014,7
2014-04-07 08:00:00,32.977992,9.5212,58.0,4.679707,0.618275,S,0.88875,12.889528,93.956726,4,8,0,2014,7
2014-04-07 09:00:00,48.043005,13.663696,58.0,5.54112,0.639749,S,0.996148,17.20458,79.611511,4,9,0,2014,7
2014-04-07 10:00:00,33.480745,27.870047,58.0,4.771595,0.486481,NO,3.04188,16.883595,75.679276,4,10,0,2014,7
2014-04-07 11:00:00,30.300167,45.778099,58.0,4.556211,0.437653,O,1.878834,17.01214,80.445892,4,11,0,2014,7
2014-04-07 12:00:00,36.128489,61.45015,58.0,6.828966,0.446585,E,1.338893,20.896826,65.863144,4,12,0,2014,7
2014-04-07 13:00:00,52.355744,71.109009,58.0,6.820622,0.57842,ESE,2.059687,22.298532,59.511932,4,13,0,2014,7
2014-04-07 14:00:00,23.201308,88.084717,58.0,8.93484,0.302265,NNE,2.479759,21.267391,59.607845,4,14,0,2014,7
2014-04-07 15:00:00,12.465983,85.090187,58.0,5.581248,0.246045,NNE,2.218656,21.593706,61.363682,4,15,0,2014,7
2014-04-07 16:00:00,17.746479,70.393051,58.0,4.179116,0.285192,ESE,2.001348,21.36504,62.855167,4,16,0,2014,7
2014-04-07 17:00:00,39.810072,58.947563,58.0,4.650315,0.398053,E,1.843822,22.601814,53.212685,4,17,0,2014,7
2014-04-07 18:00:00,41.826747,61.316395,58.0,8.505662,0.389131,ENE,1.383798,22.900488,48.12175,4,18,0,2014,7
2014-04-07 19:00:00,62.104274,36.563721,58.0,25.01115,0.441033,ENE,1.361394,20.3512,62.709335,4,19,0,2014,7
2014-04-07 20:00:00,73.848941,18.653746,58.0,14.735551,0.514868,E,0.883898,18.595234,66.861412,4,20,0,2014,7
2014-04-07 21:00:00,78.611147,8.615738,58.0,11.009562,0.828321,N,0.218512,18.179649,71.263733,4,21,0,2014,7
2014-04-07 22:00:00,101.795988,8.751528,58.0,11.167449,1.716532,N,0.115758,18.157982,72.644211,4,22,0,2014,7
2014-04-07 23:00:00,87.319714,7.393846,58.0,11.006341,1.235748,S,1.036376,17.650381,75.038086,4,23,0,2014,7
2014-04-08 00:00:00,52.907347,7.59483,58.0,6.324744,0.465982,E,0.65893,15.843029,85.016922,4,0,1,2014,8
2014-04-08 01:00:00,55.28736,6.74725,76.5,5.133027,0.466366,SSE,0.633851,15.053519,88.006607,4,1,1,2014,8
2014-04-08 02:00:00,55.381649,6.954124,76.5,7.80402,0.588388,N,0.092688,15.41171,87.878029,4,2,1,2014,8
2014-04-08 03:00:00,49.400826,8.018168,76.5,5.619581,0.694265,N,0.741589,15.185147,86.111343,4,3,1,2014,8
2014-04-08 04:00:00,32.433631,18.972565,76.5,4.120854,0.369597,SO,1.255942,15.46818,82.103745,4,4,1,2014,8
2014-04-08 05:00:00,44.214783,11.690956,76.5,6.256867,0.414777,SSO,0.99949,15.55294,77.571083,4,5,1,2014,8
2014-04-08 06:00:00,48.461608,7.130218,76.5,8.313809,0.448171,SSO,1.137141,14.899403,76.929794,4,6,1,2014,8
2014-04-08 07:00:00,60.862043,8.168972,76.5,22.165893,0.839501,SSO,1.202645,14.4925,75.526962,4,7,1,2014,8
2014-04-08 08:00:00,47.573199,11.632824,76.5,20.623126,0.534222,S,1.15731,16.302803,67.946747,4,8,1,2014,8
2014-04-08 09:00:00,42.352973,20.132923,76.5,9.833533,0.411476,S,1.636338,20.404757,54.204109,4,9,1,2014,8
2014-04-08 10:00:00,39.314506,32.173889,76.5,6.353687,0.335765,S,1.153313,25.220009,40.985306,4,10,1,2014,8
2014-04-08 11:00:00,30.608244,55.241325,76.5,4.135462,0.306126,ESE,1.145641,28.676226,34.1222,4,11,1,2014,8
2014-04-08 12:00:00,67.27501,77.39296,76.5,3.564525,0.538937,ENE,2.245454,29.544899,35.040661,4,12,1,2014,8
2014-04-08 13:00:00,86.240917,64.58342,76.5,10.761275,0.57562,NE,1.68567,27.551481,41.654015,4,13,1,2014,8
2014-04-08 14:00:00,91.133426,67.351929,76.5,16.992386,0.501114,NNE,1.834825,28.632713,39.187962,4,14,1,2014,8
2014-04-08 15:00:00,38.636665,107.363777,76.5,13.914818,0.370605,E,1.754216,26.967436,43.417137,4,15,1,2014,8
2014-04-08 16:00:00,73.275527,76.268494,76.5,4.767403,0.534593,SSO,1.770604,25.838142,48.698166,4,16,1,2014,8
2014-04-08 17:00:00,48.379024,91.188614,76.5,4.75606,0.407291,E,2.294391,28.958889,35.154041,4,17,1,2014,8
2014-04-08 18:00:00,64.879342,64.963387,76.5,5.226474,0.563447,OSO,2.516968,28.903904,30.470961,4,18,1,2014,8
2014-04-08 19:00:00,56.436672,65.975861,76.5,3.568337,0.568822,SO,2.0039,27.396143,35.200745,4,19,1,2014,8
2014-04-08 20:00:00,68.400016,65.518372,76.5,2.692076,0.654819,NO,2.063225,23.98765,49.661949,4,20,1,2014,8
2014-04-08 21:00:00,53.935845,77.533104,76.5,2.249021,0.656733,NO,1.306379,22.398788,54.723366,4,21,1,2014,8
2014-04-08 22:00:00,43.816242,81.337311,76.5,1.632871,0.534425,NO,1.132323,21.92433,55.469307,4,22,1,2014,8
2014-04-08 23:00:00,29.580289,82.081917,76.5,1.747883,0.445314,OSO,1.126142,20.833828,60.001289,4,23,1,2014,8
2014-04-09 00:00:00,26.207637,62.392189,76.5,2.043471,0.356188,S,1.580544,19.671684,64.197861,4,0,2,2014,9
2014-04-09 01:00:00,35.94284,49.498474,61.5,2.793023,0.319597,SE,1.355285,19.406521,63.484795,4,1,2,2014,9
2014-04-09 02:00:00,19.021266,61.46357,61.5,3.570279,0.304826,ONO,2.342612,20.882336,50.576134,4,2,2,2014,9
2014-04-09 03:00:00,27.326326,40.418907,61.5,8.375699,0.293552,SSO,1.668574,19.496708,55.905334,4,3,2,2014,9
2014-04-09 04:00:00,33.142453,29.94202,61.5,11.75231,0.337468,OSO,0.86482,19.964317,54.978352,4,4,2,2014,9
2014-04-09 05:00:00,24.715734,37.681522,61.5,9.17318,0.309282,SSO,2.186189,19.769085,54.366806,4,5,2,2014,9
2014-04-09 06:00:00,33.235379,31.20266,61.5,11.212748,0.281103,ESE,2.292766,20.130745,49.32885,4,6,2,2014,9
2014-04-09 07:00:00,68.893283,9.496886,61.5,8.273083,0.739203,S,1.466096,19.629112,49.605274,4,7,2,2014,9
2014-04-09 08:00:00,106.810022,9.86237,61.5,8.840827,1.682844,SO,0.760413,22.098593,41.150852,4,8,2,2014,9
2014-04-09 09:00:00,53.206116,27.468674,61.5,10.327595,0.514839,SSE,1.945597,24.029877,41.205154,4,9,2,2014,9
2014-04-09 10:00:00,20.866546,63.229435,61.5,5.238094,0.261912,SE,3.141146,26.626335,35.759525,4,10,2,2014,9
2014-04-09 11:00:00,27.40464,70.077385,61.5,4.843807,0.36199,NO,3.235034,26.174496,35.341568,4,11,2,2014,9
2014-04-09 12:00:00,34.762591,77.690872,61.5,8.374818,0.401496,S,2.833252,25.542118,36.487309,4,12,2,2014,9
2014-04-09 13:00:00,20.540835,91.223366,61.5,6.200047,0.285564,S,3.229677,24.064262,42.051346,4,13,2,2014,9
2014-04-09 14:00:00,12.874306,97.154694,61.5,4.812066,0.233075,S,2.756138,24.435177,41.029945,4,14,2,2014,9
2014-04-09 15:00:00,9.603262,99.389397,61.5,3.643947,0.210077,E,2.939011,24.567722,39.200645,4,15,2,2014,9
2014-04-09 16:00:00,12.826819,102.277023,61.5,2.803714,0.240237,O,3.138055,24.379587,41.496605,4,16,2,2014,9
2014-04-09 17:00:00,18.412246,93.64225,61.5,2.42828,0.297499,NNO,2.497789,22.768681,54.337906,4,17,2,2014,9
2014-04-09 18:00:00,20.351135,86.614876,61.5,1.892312,0.319007,NO,2.553454,21.00193,65.369415,4,18,2,2014,9
2014-04-09 19:00:00,29.271026,71.217064,61.5,1.726924,0.373679,ONO,1.624629,19.964008,70.160995,4,19,2,2014,9
2014-04-09 20:00:00,41.403991,51.92609,61.5,1.772247,0.440078,O,0.807515,19.541273,71.579529,4,20,2,2014,9
2014-04-09 21:00:00,36.555358,44.280209,61.5,1.426835,0.443353,ONO,0.428959,18.933821,74.769974,4,21,2,2014,9
2014-04-09 22:00:00,77.856229,12.962764,61.5,1.700638,0.753447,SSO,0.941407,19.008402,74.107986,4,22,2,2014,9
2014-04-09 23:00:00,69.359293,9.146966,61.5,3.026154,0.712133,SSO,1.02927,18.98782,73.385422,4,23,2,2014,9
2014-04-10 00:00:00,53.303691,10.048864,61.5,6.490949,0.459162,SSO,1.257095,17.669991,79.108124,4,0,3,2014,10
2014-04-10 01:00:00,44.944301,10.512176,67.0,8.841919,0.356519,S,1.651282,17.071625,77.95742,4,1,3,2014,10
2014-04-10 02:00:00,54.545441,9.83267,67.0,15.001027,0.432306,SSO,1.705969,16.957735,74.050598,4,2,3,2014,10
2014-04-10 03:00:00,48.185313,15.066706,67.0,13.276025,0.484969,SSO,1.387882,16.74501,71.607605,4,3,3,2014,10
2014-04-10 04:00:00,47.734345,24.632915,67.0,18.414827,0.465823,SSO,1.615147,16.770546,68.778824,4,4,3,2014,10
2014-04-10 05:00:00,41.721503,35.061295,67.0,21.141899,0.417608,SO,1.230612,17.460651,63.59024,4,5,3,2014,10
2014-04-10 06:00:00,47.205045,26.339874,67.0,19.367863,0.427281,O,1.465435,18.067863,60.336037,4,6,3,2014,10
2014-04-10 07:00:00,51.411403,13.953378,67.0,10.84212,0.563086,SO,1.375859,16.886677,67.088882,4,7,3,2014,10
2014-04-10 08:00:00,59.710312,9.412624,67.0,14.239377,0.791403,S,1.189008,16.75993,71.738258,4,8,3,2014,10
2014-04-10 09:00:00,70.933725,17.471584,67.0,17.299141,0.81731,O,1.90803,18.786896,66.079292,4,9,3,2014,10
2014-04-10 10:00:00,23.880604,52.652374,67.0,4.827923,0.316556,N,2.30469,18.984703,76.389526,4,10,3,2014,10
2014-04-10 11:00:00,13.857985,72.592484,67.0,3.346199,0.239557,N,2.506492,19.450712,74.733215,4,11,3,2014,10
2014-04-10 12:00:00,11.085096,82.608688,67.0,2.669853,0.226986,NNE,2.112226,20.011318,71.855911,4,12,3,2014,10
2014-04-10 13:00:00,13.909116,85.436974,67.0,2.363879,0.246238,E,2.465092,20.006815,70.200035,4,13,3,2014,10
2014-04-10 14:00:00,13.414921,85.526825,67.0,2.353517,0.242897,ESE,2.063071,19.995079,71.80925,4,14,3,2014,10
2014-04-10 15:00:00,25.581857,76.379044,67.0,2.268672,0.305622,ENE,1.629207,20.864571,68.166252,4,15,3,2014,10
2014-04-10 16:00:00,20.846662,80.313805,67.0,2.628636,0.27561,NNE,2.040299,20.102016,71.05619,4,16,3,2014,10
2014-04-10 17:00:00,48.650915,55.996658,67.0,2.531144,0.400344,E,1.457433,20.248234,70.350937,4,17,3,2014,10
2014-04-10 18:00:00,74.53577,32.432404,67.0,4.209701,0.485612,E,1.082382,20.227848,69.112427,4,18,3,2014,10
2014-04-10 19:00:00,98.439593,10.387634,67.0,6.591395,0.677724,E,0.79765,20.049208,73.701599,4,19,3,2014,10
2014-04-10 20:00:00,105.775516,6.498952,67.0,8.960005,1.037345,E,0.74509,20.010815,75.518883,4,20,3,2014,10
2014-04-10 21:00:00,40.28069,42.08387,67.0,5.641315,0.348009,NNE,1.738391,17.90167,84.899231,4,21,3,2014,10
2014-04-10 22:00:00,34.398302,31.265739,67.0,2.958077,0.350812,SE,1.170454,17.161913,89.998909,4,22,3,2014,10
2014-04-10 23:00:00,74.734046,6.61175,67.0,2.581663,0.690963,NO,0.817318,17.724321,89.620132,4,23,3,2014,10
2014-04-11 00:00:00,48.307817,11.96319,67.0,2.892793,0.619823,S,0.667248,17.319862,88.525024,4,0,4,2014,11
2014-04-11 01:00:00,51.134175,8.399104,36.700001,2.68261,0.578968,NO,0.695412,16.617519,90.812805,4,1,4,2014,11
2014-04-11 02:00:00,29.203553,29.927391,36.700001,2.275692,0.327824,N,1.343993,16.62389,92.335327,4,2,4,2014,11
2014-04-11 03:00:00,9.568076,47.220741,36.700001,1.892192,0.186908,S,0.691125,16.338417,93.979919,4,3,4,2014,11
2014-04-11 04:00:00,13.264035,36.792305,36.700001,1.954769,0.21729,SO,0.947391,16.080513,95.410789,4,4,4,2014,11
2014-04-11 05:00:00,14.910439,36.354141,36.700001,1.956699,0.263327,ONO,1.400897,15.787402,96.175949,4,5,4,2014,11
2014-04-11 06:00:00,10.285562,55.855183,36.700001,1.701428,0.218716,NNO,1.37338,15.625523,96.89061,4,6,4,2014,11
2014-04-11 07:00:00,17.306127,59.472298,36.700001,1.53384,0.277397,NO,1.867071,15.621013,97.517151,4,7,4,2014,11
2014-04-11 08:00:00,18.324753,65.37513,36.700001,1.429035,0.268705,O,1.215885,15.13017,97.850281,4,8,4,2014,11
2014-04-11 09:00:00,28.511755,52.134235,36.700001,1.334303,0.302041,S,1.056247,15.382883,97.966896,4,9,4,2014,11
2014-04-11 10:00:00,46.898778,44.185398,36.700001,1.651787,0.458988,OSO,1.926323,16.111814,97.698067,4,10,4,2014,11
2014-04-11 11:00:00,16.667443,72.708466,36.700001,1.439111,0.303676,NNO,2.229292,15.910625,96.995422,4,11,4,2014,11
2014-04-11 12:00:00,17.611155,81.616798,36.700001,1.361478,0.3007,ONO,2.028696,17.521534,90.399666,4,12,4,2014,11
2014-04-11 13:00:00,12.802785,86.821388,36.700001,1.499274,0.250815,O,2.223629,18.098347,82.193733,4,13,4,2014,11
2014-04-11 14:00:00,8.680722,88.752266,36.700001,1.475351,0.216509,O,2.634957,17.848625,81.380577,4,14,4,2014,11
2014-04-11 15:00:00,8.500845,93.727989,36.700001,1.436158,0.199113,O,3.095564,17.865721,80.659805,4,15,4,2014,11
2014-04-11 16:00:00,5.594858,86.353165,36.700001,1.545887,0.176697,S,2.974934,17.173275,83.483368,4,16,4,2014,11
2014-04-11 17:00:00,8.910583,80.843048,36.700001,1.482518,0.184576,E,3.197377,16.581732,85.06739,4,17,4,2014,11
2014-04-11 18:00:00,7.537034,84.024818,36.700001,1.568145,0.178024,N,3.118388,16.219198,84.720627,4,18,4,2014,11
2014-04-11 19:00:00,6.399212,84.664955,36.700001,1.222313,0.168271,E,2.19923,15.876472,83.317802,4,19,4,2014,11
2014-04-11 20:00:00,10.438429,75.418777,36.700001,1.263748,0.193103,S,0.944669,15.456617,82.999863,4,20,4,2014,11
2014-04-11 21:00:00,20.031673,59.298019,36.700001,1.369777,0.226266,NO,0.411894,15.09927,84.401505,4,21,4,2014,11
2014-04-11 22:00:00,26.853571,42.595947,36.700001,1.069853,0.258668,N,0.274441,14.985615,85.455498,4,22,4,2014,11
2014-04-11 23:00:00,34.581641,45.089619,36.700001,1.214604,0.295924,SSE,0.898612,15.111005,86.293877,4,23,4,2014,11
2014-04-12 00:00:00,17.650827,61.074745,36.700001,1.322128,0.221547,N,1.374049,14.984802,87.346115,4,0,5,2014,12
2014-04-12 01:00:00,10.598239,65.754539,24.6,1.264939,0.187761,E,0.966003,14.844893,88.086205,4,1,5,2014,12
2014-04-12 02:00:00,6.178437,72.199638,24.6,1.63153,0.16947,NE,0.96886,14.87725,86.603683,4,2,5,2014,12
2014-04-12 03:00:00,5.755323,72.185577,24.6,2.610176,0.167895,NNE,1.183448,15.01431,83.99955,4,3,5,2014,12
2014-04-12 04:00:00,4.631427,78.458076,24.6,2.478542,0.153234,N,1.700496,14.912254,83.239273,4,4,5,2014,12
2014-04-12 05:00:00,3.476511,83.249687,24.6,2.204619,0.143501,E,1.288517,14.845945,82.880814,4,5,5,2014,12
2014-04-12 06:00:00,5.081024,82.16507,24.6,2.190121,0.15164,E,1.3609,14.884,81.54657,4,6,5,2014,12
2014-04-12 07:00:00,6.979971,79.900894,24.6,2.101701,0.152655,O,1.162445,14.92494,80.669067,4,7,5,2014,12
2014-04-12 08:00:00,9.434953,76.523926,24.6,2.018256,0.163617,S,1.388489,15.153403,78.716995,4,8,5,2014,12
2014-04-12 09:00:00,10.982939,77.451828,24.6,2.144688,0.173462,ESE,1.331645,15.62501,74.919678,4,9,5,2014,12
2014-04-12 10:00:00,10.688132,78.547249,24.6,2.77644,0.180925,E,1.691798,16.504026,70.888809,4,10,5,2014,12
2014-04-12 11:00:00,7.147296,86.260452,24.6,2.700198,0.156284,S,2.774019,16.803616,69.905907,4,11,5,2014,12
2014-04-12 12:00:00,6.691897,91.378693,24.6,2.453834,0.170457,NNE,2.285394,17.742836,66.258537,4,12,5,2014,12
2014-04-12 13:00:00,6.232498,91.059914,24.6,1.793551,0.152666,E,3.186362,17.90309,65.312607,4,13,5,2014,12
2014-04-12 14:00:00,5.102515,90.811111,24.6,2.04035,0.154687,E,3.38462,18.022377,65.539131,4,14,5,2014,12
2014-04-12 15:00:00,3.837956,87.95015,24.6,2.39024,0.150375,S,3.686658,17.557623,66.662079,4,15,5,2014,12
2014-04-12 16:00:00,3.850335,85.781601,24.6,2.014681,0.145157,O,3.29514,17.553579,66.442101,4,16,5,2014,12
2014-04-12 17:00:00,3.895945,82.232262,24.6,1.750666,0.138894,E,3.654026,17.006271,68.537537,4,17,5,2014,12
2014-04-12 18:00:00,3.788829,81.443436,24.6,1.386462,0.138855,NNE,2.063026,17.218756,67.969429,4,18,5,2014,12
2014-04-12 19:00:00,6.27932,79.461891,24.6,1.431795,0.141628,N,2.124161,16.153875,71.739815,4,19,5,2014,12
2014-04-12 20:00:00,7.439224,76.827568,24.6,1.338127,0.145688,N,1.863375,15.5255,74.347099,4,20,5,2014,12
2014-04-12 21:00:00,5.55178,78.066574,24.6,1.269387,0.133187,ESE,1.746346,15.471032,74.70668,4,21,5,2014,12
2014-04-12 22:00:00,4.736985,74.693695,24.6,1.018458,0.137612,NE,1.27798,15.298938,74.531059,4,22,5,2014,12
2014-04-12 23:00:00,6.494405,68.816971,24.6,1.017179,0.148238,ENE,1.171723,14.663273,76.336212,4,23,5,2014,12
2014-04-13 00:00:00,7.36087,67.160332,24.6,1.211016,0.149023,E,1.682047,14.274148,78.135155,4,0,6,2014,13
2014-04-13 01:00:00,11.940024,60.496918,34.5,9.399191,0.150505,E,1.880674,14.081093,79.442268,4,1,6,2014,13
2014-04-13 02:00:00,6.148878,66.694626,34.5,4.527885,0.16521,E,2.496964,13.912119,80.419785,4,2,6,2014,13
2014-04-13 03:00:00,5.287174,65.414795,34.5,2.954355,0.152113,E,2.877546,13.758,80.89621,4,3,6,2014,13
2014-04-13 04:00:00,6.971649,60.656387,34.5,2.420956,0.148311,E,2.362928,13.431417,82.221275,4,4,6,2014,13
2014-04-13 05:00:00,7.636174,61.107571,34.5,2.005445,0.161959,E,2.152242,13.319695,82.845398,4,5,6,2014,13
2014-04-13 06:00:00,8.165449,55.845989,34.5,2.348644,0.164674,E,2.102199,13.11721,84.365105,4,6,6,2014,13
2014-04-13 07:00:00,13.503958,47.624481,34.5,3.501617,0.179788,E,2.185364,13.003147,85.97995,4,7,6,2014,13
2014-04-13 08:00:00,12.391157,50.367336,34.5,6.214943,0.167206,E,2.778821,13.543612,85.68779,4,8,6,2014,13
2014-04-13 09:00:00,14.801976,49.224586,34.5,22.894939,0.162867,E,2.756451,14.968998,80.10289,4,9,6,2014,13
2014-04-13 10:00:00,16.125696,49.331627,34.5,31.203851,0.177245,ENE,2.245069,16.49287,72.303688,4,10,6,2014,13
2014-04-13 11:00:00,12.410284,59.478825,34.5,11.33606,0.180743,E,2.628325,16.680805,72.785606,4,11,6,2014,13
2014-04-13 12:00:00,12.919882,70.352676,34.5,11.569693,0.189595,ENE,2.880309,18.11219,68.388077,4,12,6,2014,13
2014-04-13 13:00:00,11.800798,75.921547,34.5,11.588102,0.183619,E,2.657548,18.478697,68.329147,4,13,6,2014,13
2014-04-13 14:00:00,10.149646,77.250816,34.5,9.787721,0.179777,E,2.861536,18.853813,69.08268,4,14,6,2014,13
2014-04-13 15:00:00,8.864669,76.322266,34.5,7.870552,0.182709,E,3.27259,18.98979,69.830681,4,15,6,2014,13
2014-04-13 16:00:00,10.995337,71.381042,34.5,6.560391,0.188247,E,2.596651,19.172903,70.643372,4,16,6,2014,13
2014-04-13 17:00:00,6.934352,79.030273,34.5,3.716403,0.187254,ENE,1.959853,19.060398,71.501221,4,17,6,2014,13
2014-04-13 18:00:00,8.108613,79.853394,34.5,2.58503,0.190782,NE,1.870977,18.068745,74.97052,4,18,6,2014,13
2014-04-13 19:00:00,11.991207,77.964615,34.5,2.207668,0.206757,ENE,1.995709,17.320333,79.778206,4,19,6,2014,13
2014-04-13 20:00:00,23.07426,66.530106,34.5,2.021065,0.23928,ENE,2.206038,17.06077,80.616119,4,20,6,2014,13
2014-04-13 21:00:00,18.714022,73.045029,34.5,2.036545,0.242409,SE,1.622958,17.120701,78.666183,4,21,6,2014,13
2014-04-13 22:00:00,30.066164,59.282299,34.5,1.855559,0.362999,NO,1.934499,17.031088,79.613922,4,22,6,2014,13
2014-04-13 23:00:00,16.898482,71.011505,34.5,1.736787,0.272162,NO,1.945216,16.297276,86.397438,4,23,6,2014,13
2014-04-14 00:00:00,13.479168,74.156807,34.5,1.485553,0.257571,ONO,1.6702,16.551449,87.154076,4,0,0,2014,14
2014-04-14 01:00:00,6.691648,78.121223,39.5,1.389073,0.184627,O,2.15519,16.648855,87.116699,4,1,0,2014,14
2014-04-14 02:00:00,5.386127,68.362495,39.5,1.431053,0.18815,OSO,1.69909,16.438948,87.650177,4,2,0,2014,14
2014-04-14 03:00:00,3.529915,67.886955,39.5,1.327025,0.164154,OSO,2.035713,16.220249,88.343094,4,3,0,2014,14
2014-04-14 04:00:00,4.651906,56.205521,39.5,1.326053,0.152692,E,1.178313,16.041782,88.688026,4,4,0,2014,14
2014-04-14 05:00:00,9.934712,43.461647,39.5,1.320507,0.168034,SE,2.640609,16.029198,88.960075,4,5,0,2014,14
2014-04-14 06:00:00,19.025691,38.017704,39.5,1.239379,0.198183,SO,2.266554,16.347742,86.029739,4,6,0,2014,14
2014-04-14 07:00:00,27.380875,35.77095,39.5,1.407768,0.27066,OSO,2.267645,17.23914,76.078552,4,7,0,2014,14
2014-04-14 08:00:00,31.926061,34.934891,39.5,1.48904,0.339392,OSO,2.507173,17.846889,70.332275,4,8,0,2014,14
2014-04-14 09:00:00,18.673985,46.138027,39.5,1.427014,0.265664,O,2.445911,18.267529,71.261833,4,9,0,2014,14
2014-04-14 10:00:00,14.580286,53.191933,39.5,1.538977,0.244374,NO,2.795608,18.653128,71.082138,4,10,0,2014,14
2014-04-14 11:00:00,11.858617,58.230122,39.5,1.763826,0.222668,NO,3.67806,18.487106,72.406319,4,11,0,2014,14
2014-04-14 12:00:00,12.442013,68.193787,39.5,2.046021,0.204506,ONO,5.070064,17.807144,73.271599,4,12,0,2014,14
2014-04-14 13:00:00,11.427316,75.697052,39.5,4.535099,0.182561,ONO,5.444015,17.587769,72.705635,4,13,0,2014,14
2014-04-14 14:00:00,7.499855,78.66963200000001,39.5,3.034709,0.180678,O,4.790837,18.006271,70.862907,4,14,0,2014,14
2014-04-14 15:00:00,6.300777,79.296898,39.5,1.995993,0.173216,OSO,4.99805,17.832884,72.297409,4,15,0,2014,14
2014-04-14 16:00:00,7.374025,82.822754,39.5,1.691432,0.170515,SO,5.220915,17.746161,72.845703,4,16,0,2014,14
2014-04-14 17:00:00,7.216708,82.783836,39.5,1.733158,0.185337,SO,4.494137,17.673513,73.16893,4,17,0,2014,14
2014-04-14 18:00:00,10.009391,79.688034,39.5,1.525731,0.197712,SO,4.078856,17.489643,74.012779,4,18,0,2014,14
2014-04-14 19:00:00,13.96106,75.59642,39.5,1.305878,0.233304,SO,3.597507,16.7831,78.257088,4,19,0,2014,14
2014-04-14 20:00:00,19.676353,67.232086,39.5,1.312332,0.290398,SO,2.776099,16.238735,82.141998,4,20,0,2014,14
2014-04-14 21:00:00,18.413612,67.743057,39.5,1.189173,0.272884,SSO,3.086825,16.08441,82.686363,4,21,0,2014,14
2014-04-14 22:00:00,12.827372,69.445114,39.5,1.105909,0.231034,S,2.301035,15.806805,84.510239,4,22,0,2014,14
2014-04-14 23:00:00,11.483881,69.282814,39.5,0.887658,0.217294,S,2.292739,15.527333,84.970047,4,23,0,2014,14
2014-04-15 00:00:00,10.461946,63.706722,39.5,0.893716,0.20181,S,2.07254,15.378472,83.928795,4,0,1,2014,15
2014-04-15 01:00:00,9.208645,53.443508,,1.066216,0.178054,SSE,1.77831,14.782965,85.22744,4,1,1,2014,15
2014-04-15 02:00:00,8.136883,52.240635,30.79999,1.22855,0.16914,SSE,2.040791,14.559452,86.449661,4,2,1,2014,15
2014-04-15 03:00:00,6.201193,54.840954,30.79999,1.948641,0.155477,S,2.233502,14.320203,85.989624,4,3,1,2014,15
2014-04-15 04:00:00,3.882035,61.475098,30.79999,1.946443,0.167869,S,2.040528,14.177717,86.783234,4,4,1,2014,15
2014-04-15 05:00:00,4.46077,61.509636,30.79999,1.53497,0.158669,S,2.121228,14.072374,87.636948,4,5,1,2014,15
2014-04-15 06:00:00,10.806661,51.905247,30.79999,1.582899,0.183584,SSE,1.703611,13.827768,88.80175,4,6,1,2014,15
2014-04-15 07:00:00,31.989629,22.567722,30.79999,1.674229,0.291661,ESE,1.123195,13.20743,90.002365,4,7,1,2014,15
2014-04-15 08:00:00,48.344011,14.124686,30.79999,2.57761,0.428672,SE,1.921656,13.759223,91.134071,4,8,1,2014,15
2014-04-15 09:00:00,45.496909,22.466974,30.79999,3.476922,0.355927,SE,1.560353,14.798972,90.5541,4,9,1,2014,15
2014-04-15 10:00:00,34.034017,45.509445,30.79999,7.714506,0.260653,ESE,1.309043,15.98887,84.346207,4,10,1,2014,15
2014-04-15 11:00:00,16.707735,68.748703,30.79999,7.156647,0.192777,O,1.374883,17.584888,69.344688,4,11,1,2014,15
2014-04-15 12:00:00,12.469014,75.072144,30.79999,3.532527,0.217572,ONO,2.961627,17.791002,70.188766,4,12,1,2014,15
2014-04-15 13:00:00,7.204994,82.696609,30.79999,2.261383,0.170764,ONO,3.066043,18.106121,69.316772,4,13,1,2014,15
2014-04-15 14:00:00,4.73837,84.285072,30.79999,1.878788,0.148844,ONO,3.441872,18.387938,67.166183,4,14,1,2014,15
2014-04-15 15:00:00,3.471161,84.589813,30.79999,1.471012,0.142483,ONO,3.50972,18.346962,67.639297,4,15,1,2014,15
2014-04-15 16:00:00,3.693508,84.95079,30.79999,1.534462,0.145212,ONO,3.504553,18.472761,65.764305,4,16,1,2014,15
2014-04-15 17:00:00,3.786829,87.285637,30.79999,1.043431,0.137583,ONO,3.229243,18.42429,65.878906,4,17,1,2014,15
2014-04-15 18:00:00,4.560463,85.511703,30.79999,0.937848,0.153354,ONO,3.055915,17.75301,71.108215,4,18,1,2014,15
2014-04-15 19:00:00,6.705893,84.782707,30.79999,1.161875,0.170894,ONO,2.72351,17.10252,74.202202,4,19,1,2014,15
2014-04-15 20:00:00,9.465494,77.886253,30.79999,1.171828,0.16971,ONO,1.832527,16.32308,79.425888,4,20,1,2014,15
2014-04-15 21:00:00,12.368806,74.161522,30.79999,1.104117,0.180866,ONO,1.531513,15.978563,82.71106,4,21,1,2014,15
2014-04-15 22:00:00,11.310478,69.673111,30.79999,1.045254,0.178174,ONO,1.417776,15.74691,84.483208,4,22,1,2014,15
2014-04-15 23:00:00,7.039314,73.450119,30.79999,1.046723,0.157656,ONO,1.28571,15.651808,84.670326,4,23,1,2014,15
2014-04-16 00:00:00,5.530109,71.632919,30.79999,1.007193,0.140758,NO,1.465879,15.566609,85.254669,4,0,2,2014,16
2014-04-16 01:00:00,4.489327,71.680283,18.5,1.038926,0.130016,ONO,1.694148,15.756475,84.530212,4,1,2,2014,16
2014-04-16 02:00:00,2.230028,75.437553,18.5,0.902866,0.122494,NO,1.311733,15.758983,83.97049,4,2,2,2014,16
2014-04-16 03:00:00,1.518551,76.204369,18.5,0.906601,0.121116,OSO,1.325544,15.78422,83.749283,4,3,2,2014,16
2014-04-16 04:00:00,2.885741,76.35643,18.5,1.090484,0.124738,E,1.448195,15.610258,83.893593,4,4,2,2014,16
2014-04-16 05:00:00,3.129113,75.527771,18.5,1.031872,0.123545,ONO,0.878245,15.738432,82.055618,4,5,2,2014,16
2014-04-16 06:00:00,4.781666,73.026093,18.5,1.053256,0.13884,NO,0.884822,15.536964,84.250671,4,6,2,2014,16
2014-04-16 07:00:00,12.083162,67.886124,18.5,1.135815,0.160244,SSE,1.567531,15.736192,84.959839,4,7,2,2014,16
2014-04-16 08:00:00,15.809198,67.595901,18.5,0.959571,0.17448,E,1.970262,15.992363,83.232704,4,8,2,2014,16
2014-04-16 09:00:00,12.502531,71.79808,18.5,0.996804,0.165836,NNE,2.399598,16.537033,79.313797,4,9,2,2014,16
2014-04-16 10:00:00,13.081748,73.959946,18.5,2.341761,0.164641,S,2.042665,17.554293,71.876572,4,10,2,2014,16
2014-04-16 11:00:00,10.603115,78.294403,18.5,6.769406,0.150286,NO,2.415076,18.307785,67.037849,4,11,2,2014,16
2014-04-16 12:00:00,5.529024,81.72374,18.5,4.220114,0.129528,ONO,3.650387,18.119858,69.920929,4,12,2,2014,16
2014-04-16 13:00:00,3.175696,86.484436,18.5,2.227178,0.123521,ONO,3.6484,17.569321,70.274101,4,13,2,2014,16
2014-04-16 14:00:00,3.248144,86.903748,18.5,1.755493,0.124513,ONO,3.189946,18.04995,68.525665,4,14,2,2014,16
2014-04-16 15:00:00,2.659769,86.833923,18.5,1.393759,0.130093,NO,3.277649,18.393192,65.43663,4,15,2,2014,16
2014-04-16 16:00:00,2.98342,82.828308,18.5,1.432081,0.131575,NO,3.290731,18.04286,68.733994,4,16,2,2014,16
2014-04-16 17:00:00,4.053085,83.29689,18.5,1.122468,0.140373,NO,3.240902,17.191687,74.739929,4,17,2,2014,16
2014-04-16 18:00:00,5.402653,80.058655,18.5,0.945773,0.143233,ONO,2.788666,16.793747,77.524345,4,18,2,2014,16
2014-04-16 19:00:00,7.054434,75.464775,18.5,0.984693,0.154018,ONO,2.242938,16.430195,79.243347,4,19,2,2014,16
2014-04-16 20:00:00,7.085366,76.320137,18.5,1.087758,0.147503,NO,1.811159,15.97646,80.228806,4,20,2,2014,16
2014-04-16 21:00:00,7.487775,73.223648,18.5,1.028585,0.150698,ONO,1.387875,15.94831,81.688133,4,21,2,2014,16
2014-04-16 22:00:00,5.930134,73.863899,18.5,0.903058,0.157402,ESE,1.549927,15.820763,82.918358,4,22,2,2014,16
2014-04-16 23:00:00,5.485854,76.690529,18.5,0.932284,0.153738,OSO,1.617036,15.89316,82.961258,4,23,2,2014,16
2014-04-17 00:00:00,3.100344,80.737633,18.5,0.957163,0.134243,OSO,1.599148,15.800533,81.89856,4,0,3,2014,17
2014-04-17 01:00:00,2.431092,80.726364,26.79999,0.995536,0.125955,OSO,1.624825,15.74908,79.859001,4,1,3,2014,17
2014-04-17 02:00:00,3.099693,77.3368,26.79999,0.915305,0.121926,E,1.990055,15.57268,78.759087,4,2,3,2014,17
2014-04-17 03:00:00,6.366775,74.017426,26.79999,2.376086,0.114972,NNE,2.111379,15.442844,77.482704,4,3,3,2014,17
2014-04-17 04:00:00,6.670039,71.961746,26.79999,8.351752,0.120918,NNE,1.807718,15.269837,78.120224,4,4,3,2014,17
2014-04-17 05:00:00,8.096803,70.415703,26.79999,13.621414,0.118977,NNE,1.865999,15.259797,78.379112,4,5,3,2014,17
2014-04-17 06:00:00,10.175042,67.267776,26.79999,11.256258,0.133907,E,1.35895,15.232395,78.877861,4,6,3,2014,17
2014-04-17 07:00:00,11.765025,68.058746,26.79999,7.237727,0.147375,ONO,1.250305,15.287067,78.445053,4,7,3,2014,17
2014-04-17 08:00:00,15.996235,66.167572,26.79999,9.447144,0.174229,SO,1.025158,15.550532,77.475098,4,8,3,2014,17
2014-04-17 09:00:00,13.512234,72.327469,26.79999,4.057388,0.183579,OSO,1.515478,15.804672,76.880806,4,9,3,2014,17
2014-04-17 10:00:00,10.471579,76.782959,26.79999,2.418353,0.167153,OSO,1.735805,16.149734,75.509018,4,10,3,2014,17
2014-04-17 11:00:00,9.181081,79.74028,26.79999,1.929713,0.157886,SO,1.431339,16.540527,74.381149,4,11,3,2014,17
2014-04-17 12:00:00,8.663928,83.285477,26.79999,1.835641,0.174847,O,1.751729,17.14373,71.952553,4,12,3,2014,17
2014-04-17 13:00:00,9.713622,81.588203,26.79999,1.205097,0.181981,OSO,2.754665,17.347099,71.943153,4,13,3,2014,17
2014-04-17 14:00:00,8.400353,82.297363,26.79999,1.512387,0.168582,O,3.056135,17.650957,71.34214,4,14,3,2014,17
2014-04-17 15:00:00,8.685929,81.340225,26.79999,1.354355,0.156261,ONO,3.044097,17.360765,72.752228,4,15,3,2014,17
2014-04-17 16:00:00,5.902794,82.446564,26.79999,1.2977,0.146699,O,3.136537,17.258911,73.121353,4,16,3,2014,17
2014-04-17 17:00:00,5.472945,81.910828,26.79999,1.226462,0.136636,O,3.042967,16.993622,73.033409,4,17,3,2014,17
2014-04-17 18:00:00,6.748187,78.940567,26.79999,1.152364,0.148943,O,2.446463,16.486492,75.523933,4,18,3,2014,17
2014-04-17 19:00:00,9.389793,74.26062,26.79999,0.943674,0.165375,ONO,2.407006,16.193045,77.828949,4,19,3,2014,17
2014-04-17 20:00:00,12.60452,71.47583,26.79999,1.09977,0.198975,OSO,2.055497,16.141056,79.847809,4,20,3,2014,17
2014-04-17 21:00:00,7.757256,81.462036,26.79999,0.807739,0.162753,O,2.367708,15.968182,80.019768,4,21,3,2014,17
2014-04-17 22:00:00,10.890234,79.249657,26.79999,1.091704,0.190334,OSO,1.935533,16.173035,77.074203,4,22,3,2014,17
2014-04-17 23:00:00,6.759507,81.948318,26.79999,0.944697,0.165343,O,1.564667,16.281399,76.165817,4,23,3,2014,17
2014-04-18 00:00:00,4.015206,85.268784,26.79999,0.936866,0.126461,ONO,1.358717,16.366425,76.687416,4,0,4,2014,18
2014-04-18 01:00:00,2.066278,89.922638,,1.007757,0.11324,ONO,1.14296,16.275974,76.418594,4,1,4,2014,18
2014-04-18 02:00:00,2.681898,89.655907,,0.995985,0.117564,O,1.838755,16.25749,76.057411,4,2,4,2014,18
2014-04-18 03:00:00,2.707421,90.812836,,0.972337,0.122704,O,1.922651,15.76441,76.677544,4,3,4,2014,18
2014-04-18 04:00:00,3.065428,91.197784,20.79999,0.931841,0.137498,OSO,1.931371,15.705632,74.217911,4,4,4,2014,18
2014-04-18 05:00:00,3.313237,89.760429,20.79999,0.930794,0.126267,OSO,1.958406,15.602557,73.628601,4,5,4,2014,18
2014-04-18 06:00:00,5.605374,86.629211,20.79999,0.870546,0.108502,SO,1.340425,15.547075,73.421104,4,6,4,2014,18
2014-04-18 07:00:00,17.335189,74.168945,20.79999,0.840807,0.169868,SO,1.11325,15.730562,73.424454,4,7,4,2014,18
2014-04-18 08:00:00,12.634858,77.677032,20.79999,0.908545,0.153633,ONO,1.045645,15.911848,74.23748,4,8,4,2014,18
2014-04-18 09:00:00,7.475428,80.836769,20.79999,0.994743,0.126062,SO,1.194598,16.516785,69.145195,4,9,4,2014,18
2014-04-18 10:00:00,10.876657,78.797256,20.79999,0.816011,0.147502,ONO,2.091512,16.890036,68.738594,4,10,4,2014,18
2014-04-18 11:00:00,6.765728,81.159836,20.79999,0.881637,0.134367,ONO,2.472596,17.133694,69.675201,4,11,4,2014,18
2014-04-18 12:00:00,9.898372,77.952194,20.79999,0.761508,0.166608,ONO,2.97232,17.122877,73.141464,4,12,4,2014,18
2014-04-18 13:00:00,7.363405,82.426903,20.79999,0.337638,0.145756,ONO,3.37114,17.132133,73.126808,4,13,4,2014,18
2014-04-18 14:00:00,3.982381,83.692657,20.79999,0.923072,0.123657,ONO,3.842814,17.416389,69.840454,4,14,4,2014,18
2014-04-18 15:00:00,3.314089,84.175667,20.79999,1.034286,0.123335,ONO,3.931879,17.42514,70.015869,4,15,4,2014,18
2014-04-18 16:00:00,4.51023,80.12899,20.79999,1.141385,0.115472,ONO,3.571838,17.529133,68.873688,4,16,4,2014,18
2014-04-18 17:00:00,4.085486,78.283363,20.79999,1.047978,0.112382,ONO,3.525041,17.16188,68.92186,4,17,4,2014,18
2014-04-18 18:00:00,4.160394,77.360077,20.79999,1.089777,0.104878,ONO,2.612458,16.837673,68.497894,4,18,4,2014,18
2014-04-18 19:00:00,5.660703,75.208397,20.79999,1.038945,0.109989,ONO,2.420923,16.096355,71.220383,4,19,4,2014,18
2014-04-18 20:00:00,4.660263,77.364517,20.79999,1.157771,0.094136,ONO,1.786867,15.7909,69.837234,4,20,4,2014,18
2014-04-18 21:00:00,8.746866,74.945366,20.79999,0.976096,0.12392,ONO,1.939892,15.684538,69.972458,4,21,4,2014,18
2014-04-18 22:00:00,10.686102,69.927834,20.79999,1.020057,0.124628,ONO,1.397656,15.448785,73.315048,4,22,4,2014,18
2014-04-18 23:00:00,8.468352,70.890289,20.79999,0.903018,0.118866,ONO,1.490318,15.175853,73.231888,4,23,4,2014,18
2014-04-19 00:00:00,6.714834,72.454613,20.79999,0.955767,0.113303,ONO,1.650359,15.255795,73.221573,4,0,5,2014,19
2014-04-19 01:00:00,3.582298,77.938248,,0.933747,0.091568,ONO,1.59537,15.261292,72.443085,4,1,5,2014,19
2014-04-19 02:00:00,2.283716,80.387184,,0.843346,0.087842,ONO,1.935021,15.142378,72.774094,4,2,5,2014,19
2014-04-19 03:00:00,1.950904,82.169266,17.6,1.125995,0.091256,O,1.571337,15.021195,71.923721,4,3,5,2014,19
2014-04-19 04:00:00,2.063543,76.030991,17.6,1.013767,0.094308,SE,0.683958,14.854358,71.847267,4,4,5,2014,19
2014-04-19 05:00:00,0.951363,70.987442,17.6,1.018186,0.093407,OSO,0.625204,14.741993,73.700676,4,5,5,2014,19
2014-04-19 06:00:00,5.48119,73.861343,17.6,1.107663,0.102277,N,0.789492,14.889698,73.16526,4,6,5,2014,19
2014-04-19 07:00:00,18.827783,56.574818,17.6,1.105941,0.18782,S,1.509885,14.862395,72.413544,4,7,5,2014,19
2014-04-19 08:00:00,23.750495,56.275105,17.6,1.124361,0.201985,S,1.339901,14.988058,71.67392,4,8,5,2014,19
2014-04-19 09:00:00,18.141584,59.817017,17.6,1.242557,0.168864,SSO,1.800543,15.231,71.48687,4,9,5,2014,19
2014-04-19 10:00:00,8.124853,68.375885,17.6,1.286964,0.1238,OSO,1.860238,15.512409,71.36541,4,10,5,2014,19
2014-04-19 11:00:00,8.303613,69.017441,17.6,1.206797,0.151145,OSO,2.857279,15.915947,68.356796,4,11,5,2014,19
2014-04-19 12:00:00,6.233675,69.617035,17.6,1.252558,0.123854,OSO,3.439628,16.361786,65.33268,4,12,5,2014,19
2014-04-19 13:00:00,6.560762,67.439201,17.6,1.220911,0.13368,OSO,2.801306,16.507931,64.099365,4,13,5,2014,19
2014-04-19 14:00:00,5.376084,68.204941,17.6,1.174149,0.121339,OSO,3.026877,17.04636,62.570576,4,14,5,2014,19
2014-04-19 15:00:00,4.519169,66.826683,17.6,1.068288,0.125538,OSO,3.776794,16.799274,64.157806,4,15,5,2014,19
2014-04-19 16:00:00,4.171639,65.006119,17.6,1.110506,0.133332,OSO,3.464731,16.631149,66.005356,4,16,5,2014,19
2014-04-19 17:00:00,5.858816,65.044235,17.6,1.063498,0.128475,OSO,2.89393,16.733509,67.471497,4,17,5,2014,19
2014-04-19 18:00:00,6.328533,64.203415,17.6,1.176391,0.135806,OSO,2.134928,16.862801,64.152016,4,18,5,2014,19
2014-04-19 19:00:00,8.099571,60.506664,17.6,1.136419,0.149613,OSO,2.496784,16.296492,69.540314,4,19,5,2014,19
2014-04-19 20:00:00,14.52907,51.087284,17.6,1.084797,0.17774,SO,1.952286,15.716928,72.493484,4,20,5,2014,19
2014-04-19 21:00:00,17.378006,48.979919,17.6,1.092054,0.177673,SSO,1.402584,15.46462,73.793411,4,21,5,2014,19
2014-04-19 22:00:00,25.397359,37.138119,17.6,1.071423,0.250256,SSE,1.270952,15.209703,74.960815,4,22,5,2014,19
2014-04-19 23:00:00,32.313848,28.265396,17.6,1.309213,0.281379,SSE,1.605864,14.55613,78.117691,4,23,5,2014,19
2014-04-20 00:00:00,24.368261,29.420853,17.6,1.914297,0.208428,SE,1.71249,13.691182,81.239891,4,0,6,2014,20
2014-04-20 01:00:00,12.044026,42.281853,,1.953575,0.134014,SSE,2.547971,13.516653,82.541061,4,1,6,2014,20
2014-04-20 02:00:00,6.930794,42.668629,,2.81057,0.11465,S,3.019944,13.255288,82.098328,4,2,6,2014,20
2014-04-20 03:00:00,5.295622,41.370316,,2.667853,0.096213,SSE,3.072851,12.777093,83.673203,4,3,6,2014,20
2014-04-20 04:00:00,3.433462,43.975609,62.700001,1.985295,0.093143,SSE,3.405216,12.70197,85.010307,4,4,6,2014,20
2014-04-20 05:00:00,4.026116,42.181656,62.700001,2.074932,0.094782,SSE,3.607013,12.487078,86.470924,4,5,6,2014,20
2014-04-20 06:00:00,4.944956,42.007957,62.700001,2.140448,0.107307,SE,3.90675,12.490125,87.631828,4,6,6,2014,20
2014-04-20 07:00:00,12.361014,32.209385,62.700001,2.080392,0.120157,SE,3.533906,12.140141,88.05867,4,7,6,2014,20
2014-04-20 08:00:00,8.96865,41.84417,62.700001,2.054504,0.1241,SSE,4.102883,13.855847,85.072609,4,8,6,2014,20
2014-04-20 09:00:00,4.712554,56.0891,62.700001,1.930108,0.10214,SSE,6.161113,16.154861,73.067429,4,9,6,2014,20
2014-04-20 10:00:00,4.416069,63.536842,62.700001,1.896789,0.117377,SSE,6.739797,17.317692,66.237854,4,10,6,2014,20
2014-04-20 11:00:00,4.593556,66.993309,62.700001,1.712586,0.113915,S,6.431782,19.349367,56.300426,4,11,6,2014,20
2014-04-20 12:00:00,5.159107,69.35405,62.700001,1.615179,0.119291,S,6.041042,20.421032,51.252739,4,12,6,2014,20
2014-04-20 13:00:00,10.311114,68.490532,62.700001,2.053072,0.157473,SSO,5.350373,19.95051,58.617584,4,13,6,2014,20
2014-04-20 14:00:00,6.463547,74.30896,62.700001,2.026527,0.14038,SSO,6.469357,20.808672,52.680161,4,14,6,2014,20
2014-04-20 15:00:00,6.494791,74.183533,62.700001,1.962455,0.144623,SO,6.901292,19.467503,59.368671,4,15,6,2014,20
2014-04-20 16:00:00,5.730449,76.099388,62.700001,1.616004,0.130677,SSO,7.69656,17.142138,69.954987,4,16,6,2014,20
2014-04-20 17:00:00,6.374401,77.611664,62.700001,1.395505,0.125259,S,6.103289,17.763939,67.368134,4,17,6,2014,20
2014-04-20 18:00:00,6.723238,80.583237,62.700001,1.570419,0.139656,SSO,5.780153,18.673788,60.095398,4,18,6,2014,20
2014-04-20 19:00:00,7.915097,76.70594,62.700001,1.48397,0.147839,S,5.421849,17.354052,68.304161,4,19,6,2014,20
2014-04-20 20:00:00,12.876825,67.711182,62.700001,1.288411,0.166438,S,4.021505,16.486622,72.03923,4,20,6,2014,20
2014-04-20 21:00:00,15.684145,65.706673,62.700001,1.469426,0.176471,S,4.202991,16.30372,72.245811,4,21,6,2014,20
2014-04-20 22:00:00,8.957501,73.892357,62.700001,1.381936,0.145027,S,4.159247,15.802737,71.698303,4,22,6,2014,20
2014-04-20 23:00:00,9.446482,62.721615,62.700001,1.453545,0.126773,SSE,4.041185,15.314267,76.3685,4,23,6,2014,20
2014-04-21 00:00:00,4.205356,64.225037,62.700001,1.357137,0.121526,S,3.571958,15.142988,80.847672,4,0,0,2014,21
2014-04-21 01:00:00,1.920822,66.359261,20.200001,1.19227,0.107023,S,3.763225,15.019057,83.007141,4,1,0,2014,21
2014-04-21 02:00:00,1.720136,65.821732,20.200001,1.302196,0.100065,S,3.850269,14.492263,83.380707,4,2,0,2014,21
2014-04-21 03:00:00,2.665151,63.01371,20.200001,1.324141,0.096272,SSE,3.555343,14.225545,82.281403,4,3,0,2014,21
2014-04-21 04:00:00,1.86191,62.432705,20.200001,1.588319,0.089559,SSE,3.716664,13.897908,84.73526,4,4,0,2014,21
2014-04-21 05:00:00,3.797863,59.301399,20.200001,1.566615,0.083556,SSE,3.842648,13.651162,85.262177,4,5,0,2014,21
2014-04-21 06:00:00,8.290001,52.460472,20.200001,1.57235,0.110103,SSE,4.177895,13.539883,86.486084,4,6,0,2014,21
2014-04-21 07:00:00,20.920268,41.635643,20.200001,1.686658,0.182824,SSE,4.137162,13.61711,86.704819,4,7,0,2014,21
2014-04-21 08:00:00,20.95193,47.143162,20.200001,1.72891,0.198935,SSE,4.719023,14.377726,83.981949,4,8,0,2014,21
2014-04-21 09:00:00,11.718883,58.463608,20.200001,1.258021,0.154546,S,5.325998,15.75732,73.243553,4,9,0,2014,21
2014-04-21 10:00:00,9.883249,67.687714,20.200001,1.362613,0.142842,S,6.059821,16.287706,67.429245,4,10,0,2014,21
2014-04-21 11:00:00,11.011818,65.363106,20.200001,1.476032,0.146789,S,5.144727,16.95509,67.226456,4,11,0,2014,21
2014-04-21 12:00:00,9.555235,72.839249,20.200001,1.618634,0.136841,SSO,6.424327,17.752876,59.250603,4,12,0,2014,21
2014-04-21 13:00:00,10.193779,69.637299,20.200001,1.63459,0.147584,SSO,5.485785,17.068199,65.767426,4,13,0,2014,21
2014-04-21 14:00:00,12.22259,68.756859,20.200001,1.469654,0.158687,SSO,3.873145,15.802634,70.124947,4,14,0,2014,21
2014-04-21 15:00:00,18.286455,63.014534,20.200001,1.441383,0.163942,S,2.95651,14.802498,73.795715,4,15,0,2014,21
2014-04-21 16:00:00,15.193444,59.099373,20.200001,1.348948,0.176437,SSO,3.369325,15.111242,76.981369,4,16,0,2014,21
2014-04-21 17:00:00,16.916406,57.598846,20.200001,1.334664,0.17709,SSO,3.334216,15.212752,75.636742,4,17,0,2014,21
2014-04-21 18:00:00,19.281629,58.28315,20.200001,1.267657,0.186965,SSO,3.226202,15.432267,76.225098,4,18,0,2014,21
2014-04-21 19:00:00,18.255289,62.576004,20.200001,1.339283,0.197792,SO,2.973369,15.712618,76.514847,4,19,0,2014,21
2014-04-21 20:00:00,18.884988,58.460403,20.200001,1.14704,0.201663,SO,2.026306,14.75556,81.599945,4,20,0,2014,21
2014-04-21 21:00:00,30.223722,46.179214,20.200001,1.218169,0.273299,SO,1.717451,14.45353,84.274101,4,21,0,2014,21
2014-04-21 22:00:00,31.593762,38.760513,20.200001,1.197527,0.313078,S,1.576395,14.218048,83.08316,4,22,0,2014,21
2014-04-21 23:00:00,28.406189,24.895889,20.200001,1.150137,0.235255,SSE,1.760172,13.247385,86.085052,4,23,0,2014,21
2014-04-22 00:00:00,13.056055,30.504057,20.200001,1.36363,0.129147,SSE,2.449244,12.635085,88.787567,4,0,1,2014,22
2014-04-22 01:00:00,7.153445,36.709908,18.29999,1.501896,0.102391,SSE,2.586749,12.356428,89.916832,4,1,1,2014,22
2014-04-22 02:00:00,4.83705,37.918427,18.29999,1.421559,0.104674,SSE,2.514835,11.96703,90.194199,4,2,1,2014,22
2014-04-22 03:00:00,4.166646,38.560799,18.29999,1.538729,0.097167,SSE,2.759519,11.740567,90.527672,4,3,1,2014,22
2014-04-22 04:00:00,5.004345,38.216808,18.29999,1.240263,0.100289,SE,2.382605,11.881658,90.314194,4,4,1,2014,22
2014-04-22 05:00:00,12.32356,28.0282,18.29999,0.910876,0.104588,SE,1.856075,11.434975,90.381386,4,5,1,2014,22
2014-04-22 06:00:00,15.989253,25.7831,18.29999,1.052252,0.127744,SSE,2.216761,11.025265,90.821632,4,6,1,2014,22
2014-04-22 07:00:00,29.017733,15.452348,18.29999,1.162427,0.25026,SE,2.297421,10.985988,90.67276,4,7,1,2014,22
2014-04-22 08:00:00,27.52193,23.32382,18.29999,1.418117,0.275909,SE,3.268979,12.300975,89.696404,4,8,1,2014,22
2014-04-22 09:00:00,24.106737,38.187477,18.29999,1.463355,0.218549,SE,3.159044,14.721912,84.942612,4,9,1,2014,22
2014-04-22 10:00:00,18.202949,53.42976,18.29999,1.930778,0.162221,SSE,2.461142,16.479267,71.957085,4,10,1,2014,22
2014-04-22 11:00:00,13.448348,64.743568,18.29999,1.864544,0.146677,SO,2.207493,17.030251,65.52906,4,11,1,2014,22
2014-04-22 12:00:00,12.254734,66.981956,18.29999,1.55178,0.172814,O,2.974683,17.014477,67.032669,4,12,1,2014,22
2014-04-22 13:00:00,8.285668,72.153252,18.29999,1.448152,0.135884,ONO,3.569984,17.640812,63.56057,4,13,1,2014,22
2014-04-22 14:00:00,7.562454,71.550087,18.29999,1.457964,0.136725,O,3.343278,18.106493,59.051922,4,14,1,2014,22
2014-04-22 15:00:00,7.160891,70.612061,18.29999,1.14186,0.131931,O,3.807458,18.069965,57.958305,4,15,1,2014,22
2014-04-22 16:00:00,5.423523,69.595757,18.29999,1.247533,0.118478,ONO,3.681529,17.879864,61.620537,4,16,1,2014,22
2014-04-22 17:00:00,6.896985,69.60453,18.29999,1.12497,0.126211,ONO,3.46385,17.615988,65.562103,4,17,1,2014,22
2014-04-22 18:00:00,4.436695,74.561615,18.29999,1.091768,0.101086,ONO,2.953144,16.94915,69.413467,4,18,1,2014,22
2014-04-22 19:00:00,6.32924,69.131737,18.29999,1.126516,0.116318,ONO,2.483209,16.382982,74.095131,4,19,1,2014,22
2014-04-22 20:00:00,7.666379,66.063721,18.29999,0.947559,0.12349,ONO,1.176872,15.690437,79.485199,4,20,1,2014,22
2014-04-22 21:00:00,10.251823,60.533142,18.29999,0.987249,0.133973,ONO,0.966879,15.37125,81.825462,4,21,1,2014,22
2014-04-22 22:00:00,10.558841,53.507034,18.29999,1.127837,0.127261,N,0.930838,15.153908,82.199333,4,22,1,2014,22
2014-04-22 23:00:00,7.927891,56.834801,18.29999,1.102099,0.109133,NNE,1.181797,14.982158,82.636307,4,23,1,2014,22
2014-04-23 00:00:00,8.165541,53.966888,18.29999,1.061103,0.117165,NNE,1.23725,14.822716,84.191086,4,0,2,2014,23
2014-04-23 01:00:00,11.631766,41.870316,,1.660497,0.146926,NNE,0.854258,14.343505,85.841606,4,1,2,2014,23
2014-04-23 02:00:00,12.982115,35.19096,,1.656094,0.152818,N,0.0,13.773872,87.518951,4,2,2,2014,23
2014-04-23 03:00:00,17.525975,29.46875,33.400002,1.914051,0.138298,N,0.219453,13.74569,88.953934,4,3,2,2014,23
2014-04-23 04:00:00,23.145474,20.631975,33.400002,1.783146,0.151139,N,0.276371,13.530487,90.024452,4,4,2,2014,23
2014-04-23 05:00:00,30.403498,11.760888,33.400002,1.664889,0.188026,N,0.175694,13.134918,91.61351,4,5,2,2014,23
2014-04-23 06:00:00,34.029241,7.532374,33.400002,1.772154,0.451819,ONO,0.630096,12.607138,92.540184,4,6,2,2014,23
2014-04-23 07:00:00,42.386521,7.755568,33.400002,4.826986,1.073002,ONO,0.480956,12.610394,92.787064,4,7,2,2014,23
2014-04-23 08:00:00,51.015755,11.71498,33.400002,4.681682,0.690886,O,0.828783,14.081497,92.040558,4,8,2,2014,23
2014-04-23 09:00:00,29.621191,40.566605,33.400002,5.750411,0.238943,NNE,1.655715,15.639937,84.041962,4,9,2,2014,23
2014-04-23 10:00:00,27.006265,45.315563,33.400002,20.627801,0.198696,SO,2.078106,17.083298,69.909637,4,10,2,2014,23
2014-04-23 11:00:00,13.511405,62.804371,33.400002,14.895317,0.118129,ONO,2.432781,17.435993,69.959503,4,11,2,2014,23
2014-04-23 12:00:00,8.802841,65.654839,33.400002,11.588217,0.083987,NO,2.404123,17.905975,68.077621,4,12,2,2014,23
2014-04-23 13:00:00,5.121033,70.119827,33.400002,7.190407,0.07427,NO,2.316959,18.761921,64.4748,4,13,2,2014,23
2014-04-23 14:00:00,3.954374,72.789169,33.400002,3.35961,0.055736,ONO,2.520994,18.833298,60.127895,4,14,2,2014,23
2014-04-23 15:00:00,3.44338,74.212746,33.400002,2.399689,0.061031,SO,2.617208,18.984695,62.179417,4,15,2,2014,23
2014-04-23 16:00:00,4.005671,66.564003,33.400002,2.160818,0.064163,ONO,2.586505,18.731138,60.729984,4,16,2,2014,23
2014-04-23 17:00:00,4.286653,66.302475,33.400002,1.597616,0.059313,ONO,3.100052,18.09486,63.130951,4,17,2,2014,23
2014-04-23 18:00:00,3.626825,65.286514,33.400002,1.545423,0.05734,NO,2.579152,17.730862,67.728355,4,18,2,2014,23
2014-04-23 19:00:00,5.239928,67.278801,33.400002,1.387287,0.059697,N,1.954901,16.955429,71.218826,4,19,2,2014,23
2014-04-23 20:00:00,7.450734,58.198082,33.400002,1.360296,0.072679,ONO,1.700867,16.351398,75.694534,4,20,2,2014,23
2014-04-23 21:00:00,5.516391,58.831448,33.400002,0.874764,0.072095,NO,1.685966,16.07288,78.592049,4,21,2,2014,23
2014-04-23 22:00:00,5.886534,60.34124,33.400002,1.135567,0.083138,S,1.503193,15.811997,79.713364,4,22,2,2014,23
2014-04-23 23:00:00,7.066245,56.871803,33.400002,1.178276,0.080633,N,1.321917,15.571322,80.962822,4,23,2,2014,23
2014-04-24 00:00:00,7.921283,53.511501,33.400002,1.152473,0.079221,SE,1.041173,15.267735,81.995811,4,0,3,2014,24
2014-04-24 01:00:00,3.799347,57.587639,21.200001,1.175374,0.070108,NO,1.027457,15.280285,82.453186,4,1,3,2014,24
2014-04-24 02:00:00,4.206217,57.619518,21.200001,1.120879,0.064218,ONO,1.33709,15.202208,83.255463,4,2,3,2014,24
2014-04-24 03:00:00,2.298609,57.142788,21.200001,1.041986,0.062247,NO,1.092683,14.889632,83.826508,4,3,3,2014,24
2014-04-24 04:00:00,2.352851,57.717701,21.200001,1.001616,0.057158,ONO,1.188505,14.855815,82.984055,4,4,3,2014,24
2014-04-24 05:00:00,3.889872,57.430328,21.200001,0.869229,0.052049,ONO,0.927653,14.40598,82.556335,4,5,3,2014,24
2014-04-24 06:00:00,8.878213,52.003025,21.200001,0.978993,0.073283,ONO,0.761809,14.227643,82.572578,4,6,3,2014,24
2014-04-24 07:00:00,27.129795,26.674927,21.200001,0.981868,0.254782,SSO,0.709206,14.060907,83.699966,4,7,3,2014,24
2014-04-24 08:00:00,43.561725,16.258415,21.200001,1.960397,0.423878,ESE,1.394801,15.015532,84.828583,4,8,3,2014,24
2014-04-24 09:00:00,46.486558,26.955923,21.200001,3.811294,0.352131,S,1.031923,16.226051,75.883629,4,9,3,2014,24
2014-04-24 10:00:00,14.871879,60.124439,21.200001,3.904357,0.113852,ONO,1.896572,17.203766,65.135765,4,10,3,2014,24
2014-04-24 11:00:00,7.964696,70.783989,21.200001,2.68814,0.086484,ONO,2.289213,17.852623,62.056599,4,11,3,2014,24
2014-04-24 12:00:00,5.375918,70.255028,21.200001,2.080536,0.07859,NO,2.677461,18.63237,60.364632,4,12,3,2014,24
2014-04-24 13:00:00,6.293104,70.540543,21.200001,1.606518,0.09287,ONO,3.413414,18.023054,64.814499,4,13,3,2014,24
2014-04-24 14:00:00,6.085611,72.668442,21.200001,1.468914,0.099195,ONO,3.306327,18.321291,66.107376,4,14,3,2014,24
2014-04-24 15:00:00,5.931554,74.983147,21.200001,1.166379,0.10372,ONO,3.781707,18.177345,69.047615,4,15,3,2014,24
2014-04-24 16:00:00,4.119841,79.870392,21.200001,1.152754,0.084556,ONO,4.340235,17.2561,72.517395,4,16,3,2014,24
2014-04-24 17:00:00,3.997901,92.005615,21.200001,1.03965,0.079381,NO,3.142781,17.137085,70.870468,4,17,3,2014,24
2014-04-24 18:00:00,4.99126,92.246376,21.200001,1.157557,0.074295,ONO,2.689267,16.8298,64.416588,4,18,3,2014,24
2014-04-24 19:00:00,5.710527,91.620026,21.200001,0.876585,0.076436,SO,2.38588,16.431753,64.972412,4,19,3,2014,24
2014-04-24 20:00:00,8.26545,91.493057,21.200001,1.051334,0.079548,ONO,2.303224,15.432535,66.276993,4,20,3,2014,24
2014-04-24 21:00:00,7.970924,87.918182,21.200001,1.06427,0.084935,ONO,1.85128,15.182772,68.165443,4,21,3,2014,24
2014-04-24 22:00:00,7.414654,86.653534,21.200001,0.7745,0.089923,NO,1.33137,14.927687,69.340179,4,22,3,2014,24
2014-04-24 23:00:00,5.955829,85.349777,21.200001,0.899299,0.073056,ONO,1.310286,14.688203,69.502838,4,23,3,2014,24
2014-04-25 00:00:00,4.540872,89.855331,21.200001,0.740426,0.075168,N,1.206017,14.43274,69.401329,4,0,4,2014,25
2014-04-25 01:00:00,3.601334,88.249634,22.5,0.847557,0.074196,E,1.745167,14.53778,69.062729,4,1,4,2014,25
2014-04-25 02:00:00,6.434261,82.48822,22.5,1.211392,0.061972,E,1.768954,14.482903,69.713303,4,2,4,2014,25
2014-04-25 03:00:00,10.907049,68.31881,22.5,3.19771,0.090936,NNE,1.430186,13.934775,71.478355,4,3,4,2014,25
2014-04-25 04:00:00,17.221273,52.701958,22.5,7.787269,0.101292,NNE,1.301058,13.281912,74.558533,4,4,4,2014,25
2014-04-25 05:00:00,15.642311,46.263084,22.5,9.395968,0.109378,NNE,0.98778,12.551923,78.051041,4,5,4,2014,25
2014-04-25 06:00:00,28.031674,31.173935,22.5,3.899249,0.15742,OSO,0.683461,11.662592,81.377319,4,6,4,2014,25
2014-04-25 07:00:00,35.558736,33.189644,22.5,2.342706,0.157197,ENE,1.52921,11.364022,84.168732,4,7,4,2014,25
2014-04-25 08:00:00,32.168396,52.44838,22.5,2.191795,0.202932,NE,2.340543,13.621317,74.484459,4,8,4,2014,25
2014-04-25 09:00:00,34.643675,57.262009,22.5,9.462125,0.206313,NNE,3.093831,15.129318,69.399696,4,9,4,2014,25
2014-04-25 10:00:00,15.1706,78.455414,22.5,11.649966,0.115669,N,3.371102,16.273399,67.640717,4,10,4,2014,25
2014-04-25 11:00:00,8.976324,87.176346,22.5,9.877593,0.091871,S,3.774926,17.49843,60.754402,4,11,4,2014,25
2014-04-25 12:00:00,6.511358,95.23735,22.5,3.311331,0.099602,O,3.690546,18.073965,59.511181,4,12,4,2014,25
2014-04-25 13:00:00,4.98812,93.556381,22.5,2.200013,0.088547,OSO,3.220915,18.405022,58.866432,4,13,4,2014,25
2014-04-25 14:00:00,4.303352,94.426979,22.5,1.729234,0.085683,NO,3.156711,18.416019,58.137566,4,14,4,2014,25
2014-04-25 15:00:00,5.572415,96.004059,22.5,1.563293,0.085518,NO,3.310446,18.215366,60.026249,4,15,4,2014,25
2014-04-25 16:00:00,5.884716,96.369095,22.5,1.518523,0.088579,ONO,3.09577,18.183283,60.094624,4,16,4,2014,25
2014-04-25 17:00:00,6.514475,96.9142,22.5,1.377832,0.090884,NO,3.016413,17.673651,62.275028,4,17,4,2014,25
2014-04-25 18:00:00,6.965684,99.142151,22.5,1.207972,0.091834,S,4.041392,17.031708,60.186844,4,18,4,2014,25
2014-04-25 19:00:00,9.285698,95.627518,22.5,1.294437,0.102837,S,3.826439,15.92853,61.154892,4,19,4,2014,25
2014-04-25 20:00:00,11.519233,88.903709,22.5,1.244463,0.102564,S,3.991026,15.032896,65.040253,4,20,4,2014,25
2014-04-25 21:00:00,11.061812,91.654663,22.5,1.209443,0.110765,N,3.98787,14.780693,67.192535,4,21,4,2014,25
2014-04-25 22:00:00,9.946654,87.319229,22.5,1.280778,0.093541,S,3.736213,14.611107,69.047653,4,22,4,2014,25
2014-04-25 23:00:00,12.120606,90.535721,22.5,1.326485,0.08674,N,3.476807,14.486362,69.518173,4,23,4,2014,25
2014-04-26 00:00:00,9.585994,94.22699,22.5,1.729696,0.077649,E,3.365579,14.456076,68.02401,4,0,5,2014,26
2014-04-26 01:00:00,9.326601,86.73243,25.4,2.92291,0.083511,NNE,2.812072,14.11718,68.943863,4,1,5,2014,26
2014-04-26 02:00:00,17.453608,64.22052,25.4,8.783625,0.122832,NNE,2.036222,12.99172,72.452072,4,2,5,2014,26
2014-04-26 03:00:00,17.418739,58.144306,25.4,7.137954,0.118591,NNE,1.434754,12.540524,74.558502,4,3,5,2014,26
2014-04-26 04:00:00,17.369765,54.305592,25.4,7.558404,0.12586,NNE,1.323472,12.056602,77.758804,4,4,5,2014,26
2014-04-26 05:00:00,22.050491,44.655495,25.4,6.27587,0.134867,NE,1.503324,11.666527,80.959969,4,5,5,2014,26
2014-04-26 06:00:00,25.471449,33.924202,25.4,3.322908,0.140382,E,1.062368,10.216014,85.110977,4,6,5,2014,26
2014-04-26 07:00:00,30.446626,34.927158,25.4,2.111538,0.156511,NE,1.173039,11.17643,86.081116,4,7,5,2014,26
2014-04-26 08:00:00,41.038762,44.109535,25.4,2.694396,0.336983,NE,2.111085,13.681858,79.463814,4,8,5,2014,26
2014-04-26 09:00:00,22.834326,69.694077,25.4,7.954977,0.182528,NNE,2.968328,16.22707,72.728592,4,9,5,2014,26
2014-04-26 10:00:00,12.53533,83.448975,25.4,6.332936,0.126174,E,3.743861,17.257322,68.321899,4,10,5,2014,26
2014-04-26 11:00:00,9.404097,86.234688,25.4,3.815032,0.122126,N,3.211598,18.072548,65.389832,4,11,5,2014,26
2014-04-26 12:00:00,8.198476,89.236847,25.4,2.888315,0.125196,S,2.910645,18.786085,62.636913,4,12,5,2014,26
2014-04-26 13:00:00,6.539729,92.36058,25.4,2.25693,0.112889,OSO,3.447034,19.231853,60.587769,4,13,5,2014,26
2014-04-26 14:00:00,6.365166,96.1922,25.4,1.81273,0.097801,NO,3.194757,19.096592,59.900955,4,14,5,2014,26
2014-04-26 15:00:00,7.306011,99.916237,25.4,1.785627,0.093624,NO,2.906694,19.638845,58.912663,4,15,5,2014,26
2014-04-26 16:00:00,5.312166,101.581161,25.4,1.587868,0.101126,NNO,3.26508,19.481878,59.972179,4,16,5,2014,26
2014-04-26 17:00:00,5.227292,101.209511,25.4,1.395203,0.095742,NNO,3.19636,19.115822,61.571358,4,17,5,2014,26
2014-04-26 18:00:00,6.073613,104.584816,25.4,1.393396,0.110104,E,3.214659,18.193863,66.416962,4,18,5,2014,26
2014-04-26 19:00:00,8.013032,97.115723,25.4,1.480034,0.113143,O,3.331074,17.102047,69.453194,4,19,5,2014,26
2014-04-26 20:00:00,11.174218,85.764709,25.4,1.345079,0.113867,E,3.10719,16.099915,72.335571,4,20,5,2014,26
2014-04-26 21:00:00,17.217224,76.730858,25.4,1.597362,0.130911,O,2.77451,15.860497,73.606697,4,21,5,2014,26
2014-04-26 22:00:00,18.26434,70.553062,25.4,1.773126,0.124956,E,2.397938,15.576275,77.823349,4,22,5,2014,26
2014-04-26 23:00:00,13.674874,75.601776,25.4,1.910129,0.12633,S,2.195531,15.259254,80.90554,4,23,5,2014,26
2014-04-27 00:00:00,14.100499,75.582245,25.4,1.669677,0.133167,N,1.771663,15.112058,83.459488,4,0,6,2014,27
2014-04-27 01:00:00,13.722246,73.198822,,1.721979,0.127642,O,1.448836,14.834551,84.979164,4,1,6,2014,27
2014-04-27 02:00:00,4.762052,79.340271,16.6,1.308524,0.109182,O,2.124504,15.009356,85.281509,4,2,6,2014,27
2014-04-27 03:00:00,8.386046,71.859299,16.6,1.453043,0.115581,NNE,2.160784,15.107648,84.813416,4,3,6,2014,27
2014-04-27 04:00:00,12.435695,61.191154,16.6,3.892174,0.132741,NNE,1.972652,14.669104,85.530922,4,4,6,2014,27
2014-04-27 05:00:00,13.771902,52.212986,16.6,8.104468,0.157678,NNE,1.68758,13.871655,86.942276,4,5,6,2014,27
2014-04-27 06:00:00,14.541545,46.95311,16.6,4.49317,0.177602,NE,1.44737,13.397192,88.522141,4,6,6,2014,27
2014-04-27 07:00:00,24.058253,40.589146,16.6,2.518085,0.222079,NE,1.313607,13.324409,89.432068,4,7,6,2014,27
2014-04-27 08:00:00,20.59222,56.071896,16.6,3.543595,0.195927,NNE,2.164904,15.047275,86.710609,4,8,6,2014,27
2014-04-27 09:00:00,10.523853,65.584702,16.6,8.994555,0.130553,NNE,3.055643,16.796665,78.335495,4,9,6,2014,27
2014-04-27 10:00:00,8.687581,62.098293,16.6,7.181403,0.110522,E,3.605322,17.259018,75.54731,4,10,6,2014,27
2014-04-27 11:00:00,5.762287,60.564812,16.6,5.583673,0.088696,NNE,3.835806,18.344147,69.002975,4,11,6,2014,27
2014-04-27 12:00:00,5.820419,64.475876,16.6,3.624306,0.101193,SSE,3.123175,18.929409,68.090012,4,12,6,2014,27
2014-04-27 13:00:00,3.4779,71.156044,16.6,2.483573,0.10371,NNO,3.204142,18.968348,69.300163,4,13,6,2014,27
2014-04-27 14:00:00,2.977235,66.317894,16.6,2.011706,0.077302,NNO,3.381038,19.15856,66.356628,4,14,6,2014,27
2014-04-27 15:00:00,3.190172,66.547424,16.6,1.613633,0.078096,NO,3.139645,18.924433,67.58696,4,15,6,2014,27
2014-04-27 16:00:00,3.726507,70.046135,16.6,1.701943,0.077822,NO,3.118009,18.763109,68.102768,4,16,6,2014,27
2014-04-27 17:00:00,4.014257,71.420326,16.6,1.635629,0.077787,ONO,3.106042,18.161373,70.293243,4,17,6,2014,27
2014-04-27 18:00:00,4.627909,70.778069,16.6,1.463836,0.094878,OSO,2.796935,17.627487,73.513397,4,18,6,2014,27
2014-04-27 19:00:00,4.957646,71.207993,16.6,1.383717,0.10418,OSO,2.305948,16.512032,77.572411,4,19,6,2014,27
2014-04-27 20:00:00,8.680163,73.712051,16.6,1.348489,0.110056,S,2.610897,15.701223,76.936165,4,20,6,2014,27
2014-04-27 21:00:00,18.466217,63.569363,16.6,1.614349,0.121519,E,2.583388,15.521362,80.432198,4,21,6,2014,27
2014-04-27 22:00:00,11.810399,64.636475,16.6,1.655221,0.117988,S,2.174496,15.199732,82.542725,4,22,6,2014,27
2014-04-27 23:00:00,7.683043,65.223427,16.6,1.47745,0.12015,N,1.867296,14.88804,84.651703,4,23,6,2014,27
2014-04-28 00:00:00,8.95472,61.478493,16.6,1.586677,0.12295,E,1.520851,14.546767,85.860764,4,0,0,2014,28
2014-04-28 01:00:00,11.085762,56.53223,32.0,2.114338,0.128882,E,1.208617,14.226223,86.716614,4,1,0,2014,28
2014-04-28 02:00:00,13.552804,49.562752,32.0,2.312711,0.12789,S,0.85042,13.934672,87.518677,4,2,0,2014,28
2014-04-28 03:00:00,10.807456,47.403656,32.0,2.518189,0.125036,NE,0.898859,13.396687,88.738838,4,3,0,2014,28
2014-04-28 04:00:00,19.613229,31.792456,32.0,3.291026,0.17239,N,0.568372,12.637255,90.573357,4,4,0,2014,28
2014-04-28 05:00:00,33.141885,15.0652,32.0,2.82894,0.211618,SE,0.884256,11.871183,91.253204,4,5,0,2014,28
2014-04-28 06:00:00,45.367814,8.231892,32.0,2.188022,0.283907,N,0.106546,11.834417,90.279236,4,6,0,2014,28
2014-04-28 07:00:00,63.983469,10.772352,32.0,2.422926,0.902443,N,0.0,12.920563,84.7062,4,7,0,2014,28
2014-04-28 08:00:00,59.063498,23.709656,32.0,5.018017,0.469215,NE,1.210193,15.500267,75.911438,4,8,0,2014,28
2014-04-28 09:00:00,44.197194,47.216385,32.0,10.564274,0.315883,ESE,1.837468,17.685247,72.392586,4,9,0,2014,28
2014-04-28 10:00:00,22.2311,65.372711,32.0,9.365986,0.192567,O,1.815771,18.802771,69.52961,4,10,0,2014,28
2014-04-28 11:00:00,15.823413,74.051529,32.0,16.15466,0.177742,NO,2.023412,19.175785,68.193558,4,11,0,2014,28
2014-04-28 12:00:00,10.920826,84.9767,32.0,5.749842,0.159176,ONO,2.700981,19.09136,69.270065,4,12,0,2014,28
2014-04-28 13:00:00,7.810509,85.595985,32.0,3.820864,0.15654,NO,2.884971,19.580109,70.366768,4,13,0,2014,28
2014-04-28 14:00:00,9.685095,86.683723,32.0,3.458673,0.154775,NO,2.62138,20.442369,66.977676,4,14,0,2014,28
2014-04-28 15:00:00,7.663474,93.290649,32.0,2.548203,0.155309,ONO,2.88513,20.059217,68.503006,4,15,0,2014,28
2014-04-28 16:00:00,7.521467,90.260735,32.0,2.33774,0.157175,ONO,2.761476,19.991484,67.375557,4,16,0,2014,28
2014-04-28 17:00:00,7.430166,90.584999,32.0,1.955909,0.150964,ONO,3.29291,19.147873,70.543877,4,17,0,2014,28
2014-04-28 18:00:00,7.210303,83.125046,32.0,1.83126,0.142964,ONO,2.968453,18.66744,73.294022,4,18,0,2014,28
2014-04-28 19:00:00,9.812358,85.010529,32.0,1.818761,0.153829,NO,2.156844,17.556973,79.489449,4,19,0,2014,28
2014-04-28 20:00:00,12.241482,70.858299,32.0,1.55237,0.170895,SSE,1.479857,16.648109,82.972244,4,20,0,2014,28
2014-04-28 21:00:00,18.594301,58.922165,32.0,1.470302,0.20206,N,1.599862,16.330477,84.573212,4,21,0,2014,28
2014-04-28 22:00:00,17.025575,59.217415,32.0,1.50497,0.189335,NNE,1.468062,16.031775,85.489349,4,22,0,2014,28
2014-04-28 23:00:00,20.942277,50.474701,32.0,1.992704,0.192813,S,0.984163,15.712382,84.669952,4,23,0,2014,28
2014-04-29 00:00:00,24.678355,45.614941,32.0,3.807887,0.199617,ONO,0.85449,15.711705,83.665741,4,0,1,2014,29
2014-04-29 01:00:00,16.921834,47.885723,27.29999,3.561772,0.19288,N,0.476485,15.37976,86.053383,4,1,1,2014,29
2014-04-29 02:00:00,12.255908,48.379082,27.29999,2.444425,0.181571,N,0.368409,14.91351,89.012611,4,2,1,2014,29
2014-04-29 03:00:00,16.172165,38.795979,27.29999,2.032917,0.194244,N,0.119092,14.277502,91.182838,4,3,1,2014,29
2014-04-29 04:00:00,22.398843,32.09631,27.29999,1.72293,0.191841,N,0.236847,14.388548,92.488258,4,4,1,2014,29
2014-04-29 05:00:00,32.279476,20.366499,27.29999,1.778818,0.241903,N,0.105564,13.77306,93.111099,4,5,1,2014,29
2014-04-29 06:00:00,50.8634,8.48722,27.29999,1.776183,0.510291,N,0.27989,13.473505,93.761459,4,6,1,2014,29
2014-04-29 07:00:00,42.80362,8.377758,27.29999,2.177457,0.703242,N,0.273844,13.845236,94.274002,4,7,1,2014,29
2014-04-29 08:00:00,21.564694,43.294182,27.29999,1.629426,0.266426,ONO,1.047117,15.876438,94.343201,4,8,1,2014,29
2014-04-29 09:00:00,9.872564,57.00251,27.29999,1.528818,0.190201,NO,1.964689,16.678295,93.474655,4,9,1,2014,29
2014-04-29 10:00:00,7.645988,64.541122,27.29999,1.385028,0.171632,ONO,2.224791,17.844112,86.18708,4,10,1,2014,29
2014-04-29 11:00:00,4.587033,75.842041,27.29999,1.476361,0.151501,ONO,2.124184,19.031631,74.299042,4,11,1,2014,29
2014-04-29 12:00:00,6.310652,77.29052,27.29999,1.503464,0.153685,ONO,2.654486,19.052629,74.694641,4,12,1,2014,29
2014-04-29 13:00:00,3.984378,80.460083,27.29999,1.561184,0.131567,NO,2.46891,20.083397,69.60524,4,13,1,2014,29
2014-04-29 14:00:00,4.633196,82.312752,27.29999,1.735377,0.128594,ONO,2.937039,19.48897,70.086784,4,14,1,2014,29
2014-04-29 15:00:00,5.066537,81.891022,27.29999,1.841544,0.121693,NO,2.522234,20.044355,67.023293,4,15,1,2014,29
2014-04-29 16:00:00,5.783648,81.289307,27.29999,0.95711,0.122816,ONO,2.958308,19.421818,68.765625,4,16,1,2014,29
2014-04-29 17:00:00,4.431756,86.013596,27.29999,1.483545,0.121725,ONO,3.03314,18.900749,69.645264,4,17,1,2014,29
2014-04-29 18:00:00,5.664474,79.290939,27.29999,1.475597,0.120973,ONO,2.878542,18.191549,71.039604,4,18,1,2014,29
2014-04-29 19:00:00,7.467307,76.497726,27.29999,1.28266,0.128027,ONO,2.59267,17.494629,75.752701,4,19,1,2014,29
2014-04-29 20:00:00,9.945712,69.605316,27.29999,1.5541,0.150291,ONO,1.30531,16.54236,81.549446,4,20,1,2014,29
2014-04-29 21:00:00,7.397514,66.940445,27.29999,1.302111,0.154348,ONO,1.026765,16.146244,83.577667,4,21,1,2014,29
2014-04-29 22:00:00,9.083217,66.055954,27.29999,1.07573,0.165854,ONO,1.058969,15.829565,85.551643,4,22,1,2014,29
2014-04-29 23:00:00,9.196655,58.417473,27.29999,1.220631,0.153847,ONO,1.192405,15.645497,87.399193,4,23,1,2014,29
2014-04-30 00:00:00,6.057082,66.320572,27.29999,1.321677,0.134435,ONO,1.158907,15.489178,87.705048,4,0,2,2014,30
2014-04-30 01:00:00,5.239966,64.425186,,1.344398,0.128658,ONO,1.355685,15.32363,87.368225,4,1,2,2014,30
2014-04-30 02:00:00,3.609566,67.865616,,1.314182,0.118826,ONO,1.070594,15.162018,86.817017,4,2,2,2014,30
2014-04-30 03:00:00,3.93244,70.216263,,1.204926,0.109918,ONO,0.784931,14.827903,86.640007,4,3,2,2014,30
2014-04-30 04:00:00,4.284375,66.17836,19.700001,1.336236,0.117675,ONO,0.692997,14.476152,87.842422,4,4,2,2014,30
2014-04-30 05:00:00,10.942528,55.50518,19.700001,1.382545,0.129617,SSE,0.613431,14.449154,88.635086,4,5,2,2014,30
2014-04-30 06:00:00,16.161139,54.105537,19.700001,2.606243,0.135435,N,0.798257,14.496608,87.580246,4,6,2,2014,30
2014-04-30 07:00:00,19.847716,49.075653,19.700001,3.128228,0.205183,N,0.70928,14.602153,87.002365,4,7,2,2014,30
2014-04-30 08:00:00,15.449844,65.456856,19.700001,2.618167,0.190031,NE,0.894504,15.663441,84.442535,4,8,2,2014,30
2014-04-30 09:00:00,22.204642,64.336975,19.700001,2.358539,0.264007,SE,1.012586,17.097776,75.509689,4,9,2,2014,30
2014-04-30 10:00:00,19.539322,71.770599,19.700001,2.713879,0.243639,O,2.337914,17.84696,71.983376,4,10,2,2014,30
2014-04-30 11:00:00,15.100118,77.179916,19.700001,2.203994,0.213566,O,2.683353,18.268818,70.443153,4,11,2,2014,30
2014-04-30 12:00:00,12.683543,80.010239,19.700001,2.019807,0.215456,OSO,3.03632,18.519936,69.395531,4,12,2,2014,30
2014-04-30 13:00:00,10.302811,77.453262,19.700001,1.873352,0.196206,O,3.578981,18.921345,68.381973,4,13,2,2014,30
2014-04-30 14:00:00,6.159215,77.800285,19.700001,1.6931,0.165663,ONO,3.970564,18.733683,73.080589,4,14,2,2014,30
2014-04-30 15:00:00,6.388906,79.503151,19.700001,1.601004,0.169337,ONO,3.818917,18.548496,77.144279,4,15,2,2014,30
2014-04-30 16:00:00,7.213527,83.58831,19.700001,1.538251,0.179395,ONO,3.094054,19.350697,75.721718,4,16,2,2014,30
2014-04-30 17:00:00,5.731996,85.990662,19.700001,1.528388,,ONO,3.077342,19.198334,75.501144,4,17,2,2014,30
2014-04-30 18:00:00,7.478219,86.337555,19.700001,1.502529,,ONO,2.920002,18.540798,78.521057,4,18,2,2014,30
2014-04-30 19:00:00,9.680065,88.264168,19.700001,1.525019,,ONO,2.351522,17.827562,81.915779,4,19,2,2014,30
2014-04-30 20:00:00,11.554872,87.245941,19.700001,1.155309,,ONO,1.551413,17.055077,85.771118,4,20,2,2014,30
2014-04-30 21:00:00,8.412877,90.88102,19.700001,1.20036,0.182545,ONO,1.534732,16.660587,87.708885,4,21,2,2014,30
2014-04-30 22:00:00,8.563187,90.213669,19.700001,1.160908,0.176549,ONO,1.419277,16.533403,88.531876,4,22,2,2014,30
2014-04-30 23:00:00,7.495787,88.493095,19.700001,1.206004,0.171786,SO,0.95632,16.413237,89.490799,4,23,2,2014,30
2014-05-01 00:00:00,6.4951,84.269188,19.700001,1.175398,0.170355,SO,0.762347,16.103712,90.615585,5,0,3,2014,1
2014-05-01 01:00:00,6.411717,85.94854,29.0,1.254561,0.168145,SSE,0.771405,16.008917,91.346146,5,1,3,2014,1
2014-05-01 02:00:00,6.037734,82.897156,29.0,1.195591,0.169831,N,0.272912,15.634408,91.767967,5,2,3,2014,1
2014-05-01 03:00:00,11.602024,66.28479,29.0,1.41258,,ESE,0.809474,15.033506,92.318939,5,3,3,2014,1
2014-05-01 04:00:00,23.4979,30.360126,29.0,1.534492,,ESE,1.267232,14.294055,93.473877,5,4,3,2014,1
2014-05-01 05:00:00,22.068642,26.222397,29.0,2.362259,,SE,1.236106,14.064335,94.637863,5,5,3,2014,1
2014-05-01 06:00:00,16.77612,22.957722,29.0,2.586723,,ESE,1.052179,13.59449,95.460281,5,6,3,2014,1
2014-05-01 07:00:00,27.440238,11.218412,29.0,2.543047,,ESE,1.172125,13.49864,96.040665,5,7,3,2014,1
2014-05-01 08:00:00,27.26728,33.889614,29.0,2.649198,0.412294,SSO,0.865416,14.835873,96.006134,5,8,3,2014,1
2014-05-01 09:00:00,20.19071,59.892685,29.0,2.302082,0.354635,SO,0.919509,16.590002,94.634079,5,9,3,2014,1
2014-05-01 10:00:00,15.877006,69.684631,29.0,2.619369,0.266299,ONO,1.694727,19.501682,76.155266,5,10,3,2014,1
2014-05-01 11:00:00,10.639697,77.161224,29.0,3.775922,0.187424,ONO,2.708016,19.997284,69.919601,5,11,3,2014,1
2014-05-01 12:00:00,8.38319,77.006577,29.0,2.835554,0.18256,ONO,3.927737,19.158245,74.947861,5,12,3,2014,1
2014-05-01 13:00:00,7.733876,71.560875,29.0,2.264104,0.15658,ONO,3.791443,19.760132,76.16317,5,13,3,2014,1
2014-05-01 14:00:00,10.050882,69.693512,29.0,1.911779,0.160579,NO,3.11052,20.593946,71.943047,5,14,3,2014,1
2014-05-01 15:00:00,5.962246,82.046638,29.0,1.981039,0.160296,NO,2.542851,21.059517,70.532593,5,15,3,2014,1
2014-05-01 16:00:00,9.827011,90.635277,29.0,1.834789,0.172956,ONO,2.438969,19.922293,73.71553,5,16,3,2014,1
2014-05-01 17:00:00,9.513743,102.460693,29.0,1.89488,0.181139,NO,2.151471,19.656521,74.279472,5,17,3,2014,1
2014-05-01 18:00:00,9.37369,99.3741,29.0,1.759917,0.181054,ONO,2.308544,18.878061,78.773132,5,18,3,2014,1
2014-05-01 19:00:00,9.353734,98.229355,29.0,1.610112,0.183602,SO,2.209618,18.536283,80.855484,5,19,3,2014,1
2014-05-01 20:00:00,16.433729,94.038658,29.0,1.313328,0.211922,S,2.431425,17.684227,82.820816,5,20,3,2014,1
2014-05-01 21:00:00,21.296579,88.325241,29.0,1.356582,0.23435,S,1.986336,17.547647,81.383392,5,21,3,2014,1
2014-05-01 22:00:00,19.088256,90.601959,29.0,1.604667,0.231848,N,1.505615,17.335361,81.997993,5,22,3,2014,1
2014-05-01 23:00:00,27.571187,71.434052,29.0,1.553943,0.272189,SSE,0.759232,16.986156,83.246803,5,23,3,2014,1
2014-05-02 00:00:00,21.361574,71.442039,29.0,1.562575,0.264187,N,0.515146,16.583904,86.650719,5,0,4,2014,2
2014-05-02 01:00:00,16.317697,74.56855,30.9,1.699941,0.223131,ONO,0.865815,16.106121,90.059685,5,1,4,2014,2
2014-05-02 02:00:00,11.340698,67.085922,30.9,1.537533,,ONO,0.865018,15.886543,90.915512,5,2,4,2014,2
2014-05-02 03:00:00,11.657532,51.475842,30.9,1.500839,,N,0.43933,15.459295,91.150795,5,3,4,2014,2
2014-05-02 04:00:00,28.935031,26.24614,30.9,1.481831,,N,0.0,15.110937,92.032722,5,4,4,2014,2
2014-05-02 05:00:00,34.646039,20.999487,30.9,1.667407,,N,0.142996,15.165274,92.567215,5,5,4,2014,2
2014-05-02 06:00:00,21.66517,40.715408,30.9,1.686807,,N,0.590953,15.356563,93.263214,5,6,4,2014,2
2014-05-02 07:00:00,37.711618,26.379513,30.9,1.850863,,N,0.672587,15.516581,93.824203,5,7,4,2014,2
2014-05-02 08:00:00,34.338294,36.923016,30.9,1.591739,,SSO,0.923156,16.935591,93.431412,5,8,4,2014,2
2014-05-02 09:00:00,24.402883,50.085953,30.9,1.592319,0.326411,SO,1.881173,17.30555,91.750778,5,9,4,2014,2
2014-05-02 10:00:00,17.683616,63.767769,30.9,1.467411,0.275662,OSO,1.647143,18.963802,81.776787,5,10,4,2014,2
2014-05-02 11:00:00,12.867832,75.560043,30.9,1.719322,0.251213,ONO,3.742398,19.745995,75.351707,5,11,4,2014,2
2014-05-02 12:00:00,7.323438,86.123642,30.9,1.750658,0.190156,ONO,3.183367,20.138271,74.413345,5,12,4,2014,2
2014-05-02 13:00:00,7.605106,99.724396,30.9,1.739468,0.18418,NO,2.896919,21.358223,65.068306,5,13,4,2014,2
2014-05-02 14:00:00,8.384955,102.729561,30.9,1.629619,0.190944,S,3.063798,22.887321,56.46048,5,14,4,2014,2
2014-05-02 15:00:00,11.663079,102.95298,30.9,1.878398,0.213323,S,3.035017,23.952139,50.918694,5,15,4,2014,2
2014-05-02 16:00:00,10.407901,105.276001,30.9,2.081949,,OSO,2.494828,23.42592,51.496056,5,16,4,2014,2
2014-05-02 17:00:00,9.875177,112.656311,30.9,2.006203,,OSO,2.554703,22.529131,55.751221,5,17,4,2014,2
2014-05-02 18:00:00,11.589486,108.596428,30.9,1.942193,0.18818,N,2.044063,21.636311,60.136032,5,18,4,2014,2
2014-05-02 19:00:00,13.452811,104.873718,30.9,1.906174,0.207903,OSO,1.752627,20.378235,66.501244,5,19,4,2014,2
2014-05-02 20:00:00,19.802823,94.927208,30.9,1.867209,0.2382,ONO,1.268442,19.138548,72.090927,5,20,4,2014,2
2014-05-02 21:00:00,20.305491,93.417313,30.9,1.794096,0.253566,ONO,1.509439,18.39522,77.396553,5,21,4,2014,2
2014-05-02 22:00:00,28.771522,77.62149,30.9,1.620573,0.320975,SSO,2.570487,18.204815,77.103241,5,22,4,2014,2
2014-05-02 23:00:00,29.517435,71.953506,30.9,1.720927,0.356342,SO,2.552624,18.679075,70.47998,5,23,4,2014,2
2014-05-03 00:00:00,14.207176,81.209648,30.9,1.671209,0.262103,SSO,2.188055,17.775532,75.165344,5,0,5,2014,3
2014-05-03 01:00:00,7.8501,86.623779,33.099991,1.795474,0.220646,SSO,2.131608,17.219738,79.586243,5,1,5,2014,3
2014-05-03 02:00:00,5.510386,89.581139,33.099991,1.69734,0.215275,SO,2.21374,16.934738,84.159393,5,2,5,2014,3
2014-05-03 03:00:00,5.09018,84.788185,33.099991,1.586816,0.239646,OSO,1.985964,16.626911,87.195618,5,3,5,2014,3
2014-05-03 04:00:00,5.15724,83.364952,33.099991,1.608806,,ONO,1.506394,16.621281,87.003418,5,4,5,2014,3
2014-05-03 05:00:00,14.118257,53.726883,33.099991,1.72026,,ESE,1.29784,15.441931,88.870087,5,5,5,2014,3
2014-05-03 06:00:00,43.345736,19.265524,33.099991,1.813456,,SE,1.6333,14.461975,90.621002,5,6,5,2014,3
2014-05-03 07:00:00,37.377897,27.008881,33.099991,1.75968,,SSE,2.235845,14.339773,89.577118,5,7,5,2014,3
2014-05-03 08:00:00,36.495729,48.378716,33.099991,2.037149,,S,1.983246,17.079527,77.522812,5,8,5,2014,3
2014-05-03 09:00:00,20.149609,70.912758,33.099991,2.331209,0.297888,SO,1.921299,19.143122,70.289886,5,9,5,2014,3
2014-05-03 10:00:00,10.902237,82.72731,33.099991,2.243371,0.236577,OSO,2.874096,19.40988,71.999626,5,10,5,2014,3
2014-05-03 11:00:00,8.669864,87.905319,33.099991,1.938073,0.283886,OSO,4.171287,19.682703,72.06665,5,11,5,2014,3
2014-05-03 12:00:00,9.599893,87.846649,33.099991,1.94847,0.228159,SO,5.039552,19.856289,72.987007,5,12,5,2014,3
2014-05-03 13:00:00,8.625621,90.193932,33.099991,1.921458,,OSO,4.315282,19.731918,75.121811,5,13,5,2014,3
2014-05-03 14:00:00,7.23066,91.842384,33.099991,1.76082,0.200034,O,3.586155,19.817696,75.472786,5,14,5,2014,3
2014-05-03 15:00:00,5.044413,91.476852,33.099991,1.695402,,ONO,2.868665,20.418898,73.0252,5,15,5,2014,3
2014-05-03 16:00:00,5.683308,94.089478,33.099991,1.824171,,ONO,3.217096,20.593708,72.839462,5,16,5,2014,3
2014-05-03 17:00:00,7.993386,102.705597,33.099991,1.865566,0.217398,OSO,2.374654,21.138241,67.675346,5,17,5,2014,3
2014-05-03 18:00:00,8.311174,95.595001,33.099991,1.717405,0.191958,NO,2.326,21.158894,65.604256,5,18,5,2014,3
2014-05-03 19:00:00,8.710973,91.520348,33.099991,1.638376,0.195718,ONO,2.227412,19.674465,74.002068,5,19,5,2014,3
2014-05-03 20:00:00,10.540581,89.778862,33.099991,1.549099,0.199204,ONO,1.841606,18.357441,80.63723,5,20,5,2014,3
2014-05-03 21:00:00,13.656112,81.026588,33.099991,1.630201,0.228476,NO,0.957733,17.615038,84.824005,5,21,5,2014,3
2014-05-03 22:00:00,15.538091,76.357651,33.099991,1.692711,0.24611,ESE,1.370617,17.245689,85.751869,5,22,5,2014,3
2014-05-03 23:00:00,18.75329,66.770546,33.099991,1.710255,0.246648,SO,0.775159,16.913094,86.604698,5,23,5,2014,3
2014-05-04 00:00:00,13.896512,73.042244,33.099991,1.631215,0.233428,ONO,0.961819,16.760851,87.247246,5,0,6,2014,4
2014-05-04 01:00:00,14.078971,68.2883,32.400002,1.611185,,ONO,0.709511,16.391396,88.580627,5,1,6,2014,4
2014-05-04 02:00:00,9.42257,74.560425,32.400002,1.600678,,O,1.235649,16.390713,88.837708,5,2,6,2014,4
2014-05-04 03:00:00,7.455345,71.691856,32.400002,1.616247,,OSO,1.353706,16.363007,88.631012,5,3,6,2014,4
2014-05-04 04:00:00,8.842742,65.012032,32.400002,1.441533,,OSO,1.064484,16.195356,89.015633,5,4,6,2014,4
2014-05-04 05:00:00,21.451882,23.55398,32.400002,1.654121,,SE,1.235616,14.118231,90.100891,5,5,6,2014,4
2014-05-04 06:00:00,23.532827,17.123829,32.400002,1.827925,,SE,1.213137,13.200951,91.798805,5,6,6,2014,4
2014-05-04 07:00:00,33.463346,15.433658,32.400002,1.808671,,SE,1.531312,14.077967,92.631653,5,7,6,2014,4
2014-05-04 08:00:00,20.3175,30.72653,32.400002,1.736774,,SE,2.189976,14.864363,91.898651,5,8,6,2014,4
2014-05-04 09:00:00,10.360438,61.233566,32.400002,1.858536,,SO,1.785447,16.889629,86.717323,5,9,6,2014,4
2014-05-04 10:00:00,7.217548,77.683678,32.400002,1.997718,,OSO,2.065259,18.4674,76.912285,5,10,6,2014,4
2014-05-04 11:00:00,7.90976,81.954094,32.400002,1.862955,,OSO,2.522207,19.348383,72.537506,5,11,6,2014,4
2014-05-04 12:00:00,8.050452,84.615402,32.400002,1.729709,,OSO,3.108894,19.787092,70.844627,5,12,6,2014,4
2014-05-04 13:00:00,6.105661,82.068588,32.400002,1.732638,,OSO,3.327596,19.666527,72.690338,5,13,6,2014,4
2014-05-04 14:00:00,6.521823,84.687027,32.400002,1.689707,,OSO,3.371379,20.123249,71.765945,5,14,6,2014,4
2014-05-04 15:00:00,6.175045,89.989258,32.400002,1.791936,,ONO,3.247447,19.920189,74.036316,5,15,6,2014,4
2014-05-04 16:00:00,6.2774,86.794785,32.400002,1.895561,,ONO,2.570915,20.528316,72.930672,5,16,6,2014,4
2014-05-04 17:00:00,6.231252,83.125854,32.400002,1.654999,,ONO,2.412944,20.366804,74.141083,5,17,6,2014,4
2014-05-04 18:00:00,8.02701,83.847778,32.400002,1.858248,,ONO,2.471137,20.565317,70.489349,5,18,6,2014,4
2014-05-04 19:00:00,9.7373,78.455711,32.400002,1.770667,,ONO,2.098644,19.717978,76.195862,5,19,6,2014,4
2014-05-04 20:00:00,15.784172,82.430412,32.400002,1.866733,,N,1.011388,18.445763,79.07811,5,20,6,2014,4
2014-05-04 21:00:00,33.334678,61.974419,32.400002,1.833679,,N,0.759627,18.461735,74.229706,5,21,6,2014,4
2014-05-04 22:00:00,24.781114,69.894562,32.400002,1.849824,,ONO,1.549258,18.231508,82.131287,5,22,6,2014,4
2014-05-04 23:00:00,16.634839,74.52317,32.400002,1.771281,,O,1.060167,17.602592,88.170593,5,23,6,2014,4
2014-05-05 00:00:00,8.968061,77.62709,32.400002,1.691565,,N,0.620318,17.112564,89.317284,5,0,0,2014,5
2014-05-05 01:00:00,8.385399,73.951515,40.200001,1.88423,,O,0.473339,16.905905,90.902283,5,1,0,2014,5
2014-05-05 02:00:00,7.984239,76.205513,40.200001,1.813579,,OSO,1.310259,16.837944,92.067039,5,2,0,2014,5
2014-05-05 03:00:00,3.884974,81.025742,40.200001,1.855578,,O,1.744064,16.635393,92.910797,5,3,0,2014,5
2014-05-05 04:00:00,6.128666,67.583427,40.200001,1.714655,,O,0.814373,16.347366,93.653358,5,4,0,2014,5
2014-05-05 05:00:00,10.606726,53.903282,40.200001,1.601463,,SSO,0.670605,15.80341,93.938164,5,5,0,2014,5
2014-05-05 06:00:00,39.640073,31.243242,40.200001,1.799743,,NNO,0.444473,15.603136,94.056908,5,6,0,2014,5
2014-05-05 07:00:00,41.166356,30.809464,40.200001,1.758905,,N,0.31899,15.935488,93.657265,5,7,0,2014,5
2014-05-05 08:00:00,33.334426,39.046612,40.200001,1.899684,,E,0.666613,16.560297,92.717232,5,8,0,2014,5
2014-05-05 09:00:00,54.717141,32.093151,40.200001,1.871929,,SE,1.27261,17.435486,89.096733,5,9,0,2014,5
2014-05-05 10:00:00,36.403134,48.234085,40.200001,1.726505,,SSO,1.052891,19.275909,76.858932,5,10,0,2014,5
2014-05-05 11:00:00,26.656334,70.625427,40.200001,2.035384,,OSO,2.448617,21.334587,64.372124,5,11,0,2014,5
2014-05-05 12:00:00,12.34294,86.84655,40.200001,1.783608,,OSO,3.050132,20.760174,64.632195,5,12,0,2014,5
2014-05-05 13:00:00,11.285357,86.052109,40.200001,1.900207,,ONO,3.465298,20.785027,66.706619,5,13,0,2014,5
2014-05-05 14:00:00,8.769501,86.269623,40.200001,1.939897,,O,3.771941,20.299986,70.25206,5,14,0,2014,5
2014-05-05 15:00:00,8.564287,88.450157,40.200001,2.002449,,ONO,2.996964,20.376574,70.604897,5,15,0,2014,5
2014-05-05 16:00:00,9.978529,83.544342,40.200001,1.830277,,ONO,1.646312,21.564571,65.986191,5,16,0,2014,5
2014-05-05 17:00:00,12.197846,86.477859,40.200001,1.709646,,ONO,2.352044,21.582882,60.628979,5,17,0,2014,5
2014-05-05 18:00:00,16.623923,79.073166,40.200001,1.671086,,ONO,2.240128,20.386715,70.945282,5,18,0,2014,5
2014-05-05 19:00:00,15.727069,79.612167,40.200001,1.709727,,ONO,2.222288,19.34832,78.620842,5,19,0,2014,5
2014-05-05 20:00:00,17.331856,69.979607,40.200001,1.600751,,ONO,1.327215,18.840517,84.048523,5,20,0,2014,5
2014-05-05 21:00:00,23.024715,61.907803,40.200001,1.697792,,ONO,0.970191,18.667545,84.959564,5,21,0,2014,5
2014-05-05 22:00:00,35.5607,42.686066,40.200001,1.921353,,O,0.767879,18.572748,85.13559,5,22,0,2014,5
2014-05-05 23:00:00,30.03181,44.319736,40.200001,1.730718,,NO,0.4373,18.205633,88.345848,5,23,0,2014,5
2014-05-06 00:00:00,16.962335,63.303417,40.200001,1.698523,,OSO,1.258761,17.972281,90.326416,5,0,1,2014,6
2014-05-06 01:00:00,4.959388,71.238983,35.700001,1.544096,,SO,1.676184,17.472795,92.131897,5,1,1,2014,6
2014-05-06 02:00:00,3.286266,83.909035,35.700001,1.546387,,SO,1.74329,17.281706,94.411606,5,2,1,2014,6
2014-05-06 03:00:00,3.879718,85.74173,35.700001,1.694192,,OSO,1.444598,17.106022,94.895966,5,3,1,2014,6
2014-05-06 04:00:00,2.958401,87.012924,35.700001,1.58901,,SO,1.381231,17.031233,95.058647,5,4,1,2014,6
2014-05-06 05:00:00,4.438196,77.018036,35.700001,1.651043,,S,1.615154,16.929377,95.234604,5,5,1,2014,6
2014-05-06 06:00:00,14.680428,58.332825,35.700001,1.568243,,SSE,1.43486,16.521193,95.508987,5,6,1,2014,6
2014-05-06 07:00:00,34.892567,39.26466,35.700001,1.653502,,SSE,1.429051,16.46509,95.862053,5,7,1,2014,6
2014-05-06 08:00:00,31.221775,49.976349,35.700001,1.584447,,S,1.610423,16.959942,95.543716,5,8,1,2014,6
2014-05-06 09:00:00,15.733458,75.713341,35.700001,1.552375,,OSO,2.061187,17.585806,93.896896,5,9,1,2014,6
2014-05-06 10:00:00,12.606797,86.76107,35.700001,1.525328,,OSO,2.721432,19.063286,81.60611,5,10,1,2014,6
2014-05-06 11:00:00,12.220443,88.100342,35.700001,1.545578,0.238824,SO,2.768332,20.290897,74.060669,5,11,1,2014,6
2014-05-06 12:00:00,11.392663,87.425163,35.700001,1.384868,,SO,3.894235,20.414623,72.846283,5,12,1,2014,6
2014-05-06 13:00:00,9.951363,84.306046,35.700001,0.936914,,OSO,3.990954,20.359545,73.480118,5,13,1,2014,6
2014-05-06 14:00:00,9.570303,86.346779,35.700001,1.538313,0.249018,OSO,3.536769,20.377623,73.762955,5,14,1,2014,6
2014-05-06 15:00:00,10.284097,85.268097,35.700001,1.599602,,OSO,3.805958,20.054909,75.786392,5,15,1,2014,6
2014-05-06 16:00:00,10.822442,82.039024,35.700001,1.512002,,SSO,4.476384,19.547474,78.962143,5,16,1,2014,6
2014-05-06 17:00:00,10.281656,89.137978,35.700001,1.53073,0.223781,SO,5.204257,19.029802,79.77977,5,17,1,2014,6
2014-05-06 18:00:00,12.694368,90.160416,35.700001,1.616023,0.243358,SO,4.50631,18.94359,79.476456,5,18,1,2014,6
2014-05-06 19:00:00,14.265436,86.979797,35.700001,1.442059,0.260616,SO,4.226419,18.525467,82.676941,5,19,1,2014,6
2014-05-06 20:00:00,16.658484,91.295013,35.700001,1.570788,0.274849,SO,2.456793,17.985846,84.853775,5,20,1,2014,6
2014-05-06 21:00:00,12.25841,92.72522,35.700001,1.529843,0.235532,SO,2.053399,17.774679,85.106392,5,21,1,2014,6
2014-05-06 22:00:00,10.70415,92.337189,35.700001,1.289597,0.215354,SSO,2.078951,17.776682,84.743958,5,22,1,2014,6
2014-05-06 23:00:00,11.503259,94.431061,35.700001,1.34855,0.245263,O,3.206447,17.896585,83.4459,5,23,1,2014,6
2014-05-07 00:00:00,3.535765,102.937637,35.700001,1.351314,0.171194,SO,1.582039,17.542257,85.033165,5,0,2,2014,7
2014-05-07 01:00:00,3.288928,100.964226,30.200001,1.446302,0.167437,ONO,0.971146,17.376945,84.786591,5,1,2,2014,7
2014-05-07 02:00:00,2.820348,94.912132,30.200001,1.348083,0.162827,N,0.0,17.183756,85.105408,5,2,2,2014,7
2014-05-07 03:00:00,5.240878,86.574394,30.200001,1.504102,0.186208,OSO,0.749353,17.176769,83.636917,5,3,2,2014,7
2014-05-07 04:00:00,6.345922,86.072868,30.200001,1.358031,0.228753,OSO,1.133312,17.445391,82.886101,5,4,2,2014,7
2014-05-07 05:00:00,10.021806,73.824028,30.200001,1.329284,0.244297,O,1.025322,16.99362,84.824951,5,5,2,2014,7
2014-05-07 06:00:00,14.260304,77.16893,30.200001,1.402853,0.237922,O,1.435673,17.230732,85.731819,5,6,2,2014,7
2014-05-07 07:00:00,28.833292,65.807404,30.200001,1.301638,0.316557,OSO,1.374571,17.317215,87.037872,5,7,2,2014,7
2014-05-07 08:00:00,22.949271,80.075722,30.200001,1.323567,0.298887,O,1.62688,17.725847,85.855476,5,8,2,2014,7
2014-05-07 09:00:00,10.979711,81.321869,30.200001,1.425129,0.209064,O,1.959267,18.259792,82.678909,5,9,2,2014,7
2014-05-07 10:00:00,9.81261,72.341171,30.200001,1.405149,0.191486,O,2.083564,19.452785,76.778717,5,10,2,2014,7
2014-05-07 11:00:00,6.210988,76.419456,30.200001,1.174779,0.158047,ONO,2.676175,19.968658,73.963806,5,11,2,2014,7
2014-05-07 12:00:00,7.019538,83.683105,30.200001,1.346022,0.167822,ONO,3.200085,19.875795,74.04113,5,12,2,2014,7
2014-05-07 13:00:00,5.978537,94.217743,30.200001,1.362773,0.181334,ONO,3.811223,19.955395,73.65889,5,13,2,2014,7
2014-05-07 14:00:00,4.243678,91.740967,30.200001,1.284225,0.172629,ONO,4.255706,19.507351,76.688507,5,14,2,2014,7
2014-05-07 15:00:00,3.763183,92.639069,30.200001,1.448809,0.169106,ONO,3.590776,19.682432,75.581459,5,15,2,2014,7
2014-05-07 16:00:00,4.765977,90.041031,30.200001,1.294889,0.179918,NO,2.673981,20.239853,74.204544,5,16,2,2014,7
2014-05-07 17:00:00,5.083427,95.843529,30.200001,1.123926,0.178949,ONO,3.304174,19.312832,76.10611,5,17,2,2014,7
2014-05-07 18:00:00,5.351316,108.386169,30.200001,1.358555,0.161018,ONO,2.751337,19.104319,74.476593,5,18,2,2014,7
2014-05-07 19:00:00,7.06699,95.43679,30.200001,1.365876,0.162545,ONO,2.791346,18.461498,79.178909,5,19,2,2014,7
2014-05-07 20:00:00,7.479585,77.898567,30.200001,1.217245,0.163746,ONO,1.795355,17.855577,83.114876,5,20,2,2014,7
2014-05-07 21:00:00,8.813559,77.429451,30.200001,1.353674,0.167332,ONO,1.38237,17.519194,84.634644,5,21,2,2014,7
2014-05-07 22:00:00,7.994659,69.131081,30.200001,1.222241,0.174979,SO,1.227564,17.404278,86.596352,5,22,2,2014,7
2014-05-07 23:00:00,13.930898,59.98373,30.200001,0.940991,0.211694,SE,0.962939,17.403772,86.744637,5,23,2,2014,7
2014-05-08 00:00:00,9.812715,66.737839,30.200001,1.278861,0.205887,ONO,1.940671,17.532993,85.744881,5,0,3,2014,8
2014-05-08 01:00:00,4.413395,78.948227,,1.216113,0.167563,ONO,2.919147,17.150076,88.687653,5,1,3,2014,8
2014-05-08 02:00:00,3.064253,82.628799,,1.077876,0.164095,ONO,2.454678,16.837227,89.364632,5,2,3,2014,8
2014-05-08 03:00:00,3.160964,80.516312,,1.232266,0.160674,SO,1.244597,16.698818,89.428429,5,3,3,2014,8
2014-05-08 04:00:00,3.734463,82.148323,,1.368754,0.152588,ONO,1.138064,16.529194,89.641861,5,4,3,2014,8
2014-05-08 05:00:00,6.389046,75.781464,,1.249186,0.162522,O,0.952991,16.365177,90.034386,5,5,3,2014,8
2014-05-08 06:00:00,9.379036,73.897026,,1.285367,0.185554,ONO,1.097934,16.392447,89.882889,5,6,3,2014,8
2014-05-08 07:00:00,14.718698,66.495155,,1.338329,0.214856,N,0.525106,16.507488,89.340584,5,7,3,2014,8
2014-05-08 08:00:00,18.291191,69.329544,,1.360221,0.238451,ONO,1.456042,17.417614,85.715767,5,8,3,2014,8
2014-05-08 09:00:00,9.863866,80.9673,,1.269155,0.187726,ONO,1.833233,18.391632,78.726059,5,9,3,2014,8
2014-05-08 10:00:00,5.667281,80.841728,,1.259554,0.164005,ONO,3.056064,18.666656,77.247528,5,10,3,2014,8
2014-05-08 11:00:00,4.221652,77.767593,,1.241262,0.155562,ONO,3.357436,18.786762,77.002274,5,11,3,2014,8
2014-05-08 12:00:00,4.524078,79.123596,,1.317223,0.153565,ONO,2.985289,19.697556,73.797478,5,12,3,2014,8
2014-05-08 13:00:00,5.351684,83.640472,,1.490354,0.1597,ONO,2.724105,20.629112,70.638245,5,13,3,2014,8
2014-05-08 14:00:00,4.489529,80.357185,,1.348823,0.148554,ONO,4.003685,19.994188,74.1259,5,14,3,2014,8
2014-05-08 15:00:00,3.778295,78.061157,,1.514702,0.140245,ONO,3.997743,19.346893,76.198952,5,15,3,2014,8
2014-05-08 16:00:00,4.193533,75.746063,,1.169297,0.142788,SO,2.804643,19.48148,76.048294,5,16,3,2014,8
2014-05-08 17:00:00,5.139657,73.163734,,1.375472,0.145029,ONO,3.829252,18.165781,80.680435,5,17,3,2014,8
2014-05-08 18:00:00,5.51455,76.373627,,1.282676,0.152189,ONO,2.798015,17.841433,82.050903,5,18,3,2014,8
2014-05-08 19:00:00,5.896747,74.377136,,1.349407,0.151979,ONO,2.753796,17.44912,82.566879,5,19,3,2014,8
2014-05-08 20:00:00,7.283204,72.707825,,1.331372,0.162166,OSO,1.537361,17.35062,82.149193,5,20,3,2014,8
2014-05-08 21:00:00,11.810655,67.167191,,1.347405,0.182918,ONO,0.963745,17.0352,83.083466,5,21,3,2014,8
2014-05-08 22:00:00,9.72589,69.819275,,1.17817,0.173326,ONO,1.445809,16.902905,83.594559,5,22,3,2014,8
2014-05-08 23:00:00,5.477307,76.094147,,1.371435,0.14797,ONO,1.795375,16.794081,83.210754,5,23,3,2014,8
2014-05-09 00:00:00,3.3268,75.411575,,1.265823,0.148299,ONO,1.632449,16.659777,82.354828,5,0,4,2014,9
2014-05-09 01:00:00,2.400522,79.401924,,1.224849,0.13089,ONO,1.829802,16.354084,82.39032,5,1,4,2014,9
2014-05-09 02:00:00,1.342539,79.706047,,1.202758,0.126649,SO,0.917377,16.17107,83.01519,5,2,4,2014,9
2014-05-09 03:00:00,1.2084,81.801514,,1.363614,0.127262,SO,1.017363,16.056057,83.329224,5,3,4,2014,9
2014-05-09 04:00:00,2.431585,81.695671,,1.260398,0.130664,ONO,1.174097,16.116798,82.122528,5,4,4,2014,9
2014-05-09 05:00:00,5.870561,73.350456,,1.192134,0.165976,SSE,0.774838,16.063925,81.416122,5,5,4,2014,9
2014-05-09 06:00:00,4.369581,65.206696,,1.290948,0.173539,E,0.879934,15.197932,83.743034,5,6,4,2014,9
2014-05-09 07:00:00,33.645133,41.133495,,1.315592,0.332969,SSO,1.215296,15.717335,83.681076,5,7,4,2014,9
2014-05-09 08:00:00,18.515515,65.91272,,1.294045,0.282883,ONO,1.382329,16.957428,78.727745,5,8,4,2014,9
2014-05-09 09:00:00,10.912437,79.624252,,1.544299,0.219253,ONO,2.355752,17.50169,75.582306,5,9,4,2014,9
2014-05-09 10:00:00,7.937496,87.980827,,1.711337,0.219261,ONO,2.497306,18.19698,72.336143,5,10,4,2014,9
2014-05-09 11:00:00,5.869692,90.204681,,1.272175,0.218173,ONO,2.845896,18.647324,71.024139,5,11,4,2014,9
2014-05-09 12:00:00,5.252127,90.68911,,1.195113,0.200485,ONO,2.645472,19.437212,68.662727,5,12,4,2014,9
2014-05-09 13:00:00,5.177189,83.908463,,1.781312,0.20323,ONO,3.432398,19.680126,71.357918,5,13,4,2014,9
2014-05-09 14:00:00,3.775743,80.379639,,1.582205,0.193334,ONO,3.737426,19.566641,74.007561,5,14,4,2014,9
2014-05-09 15:00:00,3.60248,77.81192,,1.587101,0.189892,ONO,3.463189,19.44705,75.125961,5,15,4,2014,9
2014-05-09 16:00:00,4.413015,74.785889,,1.286219,0.188913,ONO,3.646944,19.373043,76.216682,5,16,4,2014,9
2014-05-09 17:00:00,4.775955,72.895081,,1.12325,0.187096,ONO,3.88869,18.636028,79.326309,5,17,4,2014,9
2014-05-09 18:00:00,5.495801,73.130112,,1.20593,0.207928,ONO,2.842591,18.343029,82.445999,5,18,4,2014,9
2014-05-09 19:00:00,8.329076,76.079536,,1.350622,0.213739,NO,1.936948,18.396515,82.647629,5,19,4,2014,9
2014-05-09 20:00:00,10.989239,73.563408,,1.434126,0.226355,ONO,1.567845,17.942883,84.430534,5,20,4,2014,9
2014-05-09 21:00:00,10.528661,69.110962,,1.288256,0.239105,SSE,1.15305,17.698339,86.311989,5,21,4,2014,9
2014-05-09 22:00:00,9.897161,68.569321,,1.274527,0.241807,ONO,0.84833,17.62077,87.535194,5,22,4,2014,9
2014-05-09 23:00:00,10.525139,68.66674,,1.202734,0.242486,OSO,0.88837,17.504372,88.167747,5,23,4,2014,9
2014-05-10 00:00:00,4.927242,78.004089,,1.289466,0.196666,ONO,1.521054,17.571735,87.855316,5,0,5,2014,10
2014-05-10 01:00:00,5.921855,75.697174,,1.438959,0.192621,ONO,1.351205,17.358803,87.588379,5,1,5,2014,10
2014-05-10 02:00:00,6.792718,70.788742,,1.365326,0.191942,ONO,1.385798,17.109848,88.729034,5,2,5,2014,10
2014-05-10 03:00:00,5.642323,70.050491,,1.465859,0.196561,ONO,1.299344,16.918663,89.501656,5,3,5,2014,10
2014-05-10 04:00:00,4.644595,68.928391,,1.501611,0.191609,ONO,0.930033,16.556606,90.319016,5,4,5,2014,10
2014-05-10 05:00:00,4.053354,71.385918,,1.528305,0.189239,N,0.555835,16.535063,90.251175,5,5,5,2014,10
2014-05-10 06:00:00,7.757637,68.882538,,1.476465,0.200827,ONO,1.047306,16.483139,88.534424,5,6,5,2014,10
2014-05-10 07:00:00,14.005724,63.578575,,1.312746,0.237698,NNO,0.593898,16.883455,86.811279,5,7,5,2014,10
2014-05-10 08:00:00,9.192566,73.350037,,1.327281,0.239927,O,0.939758,18.130508,80.814232,5,8,5,2014,10
2014-05-10 09:00:00,11.280775,74.980186,,1.381426,0.250273,O,1.956342,18.696737,76.646957,5,9,5,2014,10
2014-05-10 10:00:00,7.15843,74.073219,,1.420915,0.210978,ONO,2.672949,18.927883,75.688202,5,10,5,2014,10
2014-05-10 11:00:00,7.369361,74.395416,,1.404092,0.226782,O,2.8267,19.358192,75.125893,5,11,5,2014,10
2014-05-10 12:00:00,5.500261,80.515732,,0.856063,0.202508,ONO,3.270562,19.41361,76.275642,5,12,5,2014,10
2014-05-10 13:00:00,6.194974,83.084641,,0.831729,0.256125,ONO,3.365215,19.954138,75.463562,5,13,5,2014,10
2014-05-10 14:00:00,5.74902,86.839294,,1.530201,0.229322,ONO,3.622192,19.945927,75.893188,5,14,5,2014,10
2014-05-10 15:00:00,5.90267,90.225578,,1.580138,0.230151,ONO,3.191897,20.286087,74.644653,5,15,5,2014,10
2014-05-10 16:00:00,7.491033,87.505798,,1.324181,0.248916,ONO,3.42192,20.077288,76.05101,5,16,5,2014,10
2014-05-10 17:00:00,5.943628,89.936684,,1.371213,0.216675,ONO,3.294254,19.926529,78.179344,5,17,5,2014,10
2014-05-10 18:00:00,5.875571,82.072128,,1.402604,0.212251,ONO,3.135518,19.756405,80.490906,5,18,5,2014,10
2014-05-10 19:00:00,9.023463,82.615158,,1.490776,0.234255,ONO,2.303261,19.442942,80.26458,5,19,5,2014,10
2014-05-10 20:00:00,8.002409,90.426575,,1.549043,0.225068,ONO,2.20839,18.578547,85.116592,5,20,5,2014,10
2014-05-10 21:00:00,9.405514,103.696732,,1.408425,0.237046,NO,1.417745,18.20092,86.169754,5,21,5,2014,10
2014-05-10 22:00:00,11.74569,102.525543,,1.403694,0.257903,O,1.3109,18.028553,84.258636,5,22,5,2014,10
2014-05-10 23:00:00,18.838871,91.161507,,1.442342,0.268973,OSO,0.931738,17.960884,83.043137,5,23,5,2014,10
2014-05-11 00:00:00,15.545388,94.037567,,1.432962,0.270756,ONO,1.060817,17.848557,83.856461,5,0,6,2014,11
2014-05-11 01:00:00,12.834825,97.553238,,1.480697,0.268748,ONO,1.422062,17.75898,86.153877,5,1,6,2014,11
2014-05-11 02:00:00,6.766072,84.805771,,1.300143,0.241309,ONO,1.42977,17.39489,88.899841,5,2,6,2014,11
2014-05-11 03:00:00,5.148433,71.686951,,1.419124,0.211217,SO,0.934197,17.154789,90.574341,5,3,6,2014,11
2014-05-11 04:00:00,4.443487,68.115837,,1.358464,0.189948,ONO,0.800282,17.00491,91.586006,5,4,6,2014,11
2014-05-11 05:00:00,6.806211,62.003624,,1.354438,0.197666,ONO,0.681652,16.796558,91.923721,5,5,6,2014,11
2014-05-11 06:00:00,21.197135,38.547611,,1.466409,0.297358,N,0.225858,16.264616,92.087357,5,6,6,2014,11
2014-05-11 07:00:00,31.909293,30.454201,,1.490608,0.353319,N,0.564918,16.43881,92.288353,5,7,6,2014,11
2014-05-11 08:00:00,8.482672,62.882587,,1.53729,0.204064,ONO,0.845964,17.423174,91.341949,5,8,6,2014,11
2014-05-11 09:00:00,10.833384,67.24205,,1.494594,0.222184,NO,1.2238,18.915848,83.751045,5,9,6,2014,11
2014-05-11 10:00:00,8.328215,71.979904,,1.302514,0.212699,ONO,2.17625,19.809345,76.501854,5,10,6,2014,11
2014-05-11 11:00:00,9.810277,70.289108,,1.586629,0.23338,ONO,2.0556,21.242737,70.33889,5,11,6,2014,11
2014-05-11 12:00:00,10.624283,73.071175,,1.765279,0.241416,ONO,2.875182,21.215164,69.862671,5,12,6,2014,11
2014-05-11 13:00:00,8.41275,73.666618,,2.324713,0.210328,ONO,3.330822,21.173779,71.244461,5,13,6,2014,11
2014-05-11 14:00:00,4.112845,73.493492,,2.353536,0.186642,ONO,3.483128,21.240288,75.241135,5,14,6,2014,11
2014-05-11 15:00:00,5.361996,69.029968,,2.027841,0.195613,ONO,3.664468,21.303755,76.126099,5,15,6,2014,11
2014-05-11 16:00:00,3.76222,67.207825,,1.790094,0.186455,ONO,2.527317,21.848389,72.290802,5,16,6,2014,11
2014-05-11 17:00:00,4.483924,77.954559,,1.337219,0.185612,ONO,3.102335,21.274139,71.999321,5,17,6,2014,11
2014-05-11 18:00:00,4.872851,73.765678,,1.76934,0.191304,NO,2.20128,21.114124,74.706955,5,18,6,2014,11
2014-05-11 19:00:00,6.231197,62.575642,,1.741174,0.197355,NO,1.899792,20.201395,79.279495,5,19,6,2014,11
2014-05-11 20:00:00,10.019079,55.309872,,1.644514,0.210006,NO,1.694737,18.923546,85.807144,5,20,6,2014,11
2014-05-11 21:00:00,13.948991,50.95575,,1.560564,0.253211,SO,1.097504,18.471157,88.170464,5,21,6,2014,11
2014-05-11 22:00:00,17.228554,47.666008,,1.543548,0.26546,NNE,1.625937,18.2929,88.29483,5,22,6,2014,11
2014-05-11 23:00:00,31.406164,26.86524,,1.707211,0.352198,NNE,0.986705,18.17548,88.44912,5,23,6,2014,11
2014-05-12 00:00:00,32.586128,26.621712,,2.01291,0.369139,SO,0.553126,18.077055,86.614166,5,0,0,2014,12
2014-05-12 01:00:00,24.257205,25.842716,,2.059718,0.278031,N,0.231424,17.947964,89.011597,5,1,0,2014,12
2014-05-12 02:00:00,39.287653,11.845544,,2.132753,0.295041,N,0.243453,17.316336,90.85762,5,2,0,2014,12
2014-05-12 03:00:00,17.659359,38.247818,,2.265522,0.214523,ONO,1.005038,17.3974,91.592316,5,3,0,2014,12
2014-05-12 04:00:00,8.361185,45.980255,,1.979968,,NO,0.983131,17.472454,92.638474,5,4,0,2014,12
2014-05-12 05:00:00,12.440806,36.246559,,2.133907,,NE,1.047699,17.164217,93.242294,5,5,0,2014,12
2014-05-12 06:00:00,10.43635,31.436716,,2.368124,,ENE,0.585442,16.503117,93.915031,5,6,0,2014,12
2014-05-12 07:00:00,26.25772,20.753519,,2.076376,,ESE,0.704164,17.121216,94.382813,5,7,0,2014,12
2014-05-12 08:00:00,46.218605,24.156055,,2.34874,,S,1.166349,18.355406,93.048088,5,8,0,2014,12
2014-05-12 09:00:00,48.8804,31.327244,,3.544006,0.45783,O,1.387365,21.057384,75.167572,5,9,0,2014,12
2014-05-12 10:00:00,31.558366,52.152901,,5.712121,0.351192,NO,1.711886,22.620193,62.883255,5,10,0,2014,12
2014-05-12 11:00:00,12.944622,63.82782,,3.918594,0.25975,ONO,2.263669,21.856327,68.614021,5,11,0,2014,12
2014-05-12 12:00:00,9.412944,72.050499,,2.815651,0.229822,ONO,2.793087,22.550493,65.407669,5,12,0,2014,12
2014-05-12 13:00:00,7.905542,81.91214,,2.39302,0.218815,ONO,2.700176,23.018272,63.882065,5,13,0,2014,12
2014-05-12 14:00:00,10.749058,85.237793,,2.201973,0.230414,NO,2.633608,24.094219,57.971436,5,14,0,2014,12
2014-05-12 15:00:00,,67.732758,,3.086007,,ONO,2.638212,24.534758,55.378841,5,15,0,2014,12
2014-05-12 16:00:00,9.719039,21.16596,,2.005664,0.21296,ONO,2.879607,23.379892,62.678635,5,16,0,2014,12
2014-05-12 17:00:00,9.850624,72.402649,,1.430284,0.214556,ONO,2.478694,22.574883,68.829567,5,17,0,2014,12
2014-05-12 18:00:00,10.332196,86.551529,,1.276092,0.220094,ONO,2.427513,21.85273,71.619141,5,18,0,2014,12
2014-05-12 19:00:00,13.366802,86.230186,,1.318465,0.234103,SO,1.701602,20.953564,75.383423,5,19,0,2014,12
2014-05-12 20:00:00,18.231136,78.69622,,1.143219,0.259186,SSE,1.309992,20.234663,78.522247,5,20,0,2014,12
2014-05-12 21:00:00,22.331602,73.354172,,1.049032,0.254446,NNE,1.63923,19.657501,82.088821,5,21,0,2014,12
2014-05-12 22:00:00,33.601392,53.198162,,1.197346,0.294727,N,1.104523,19.614161,82.383286,5,22,0,2014,12
2014-05-12 23:00:00,44.76142,34.6497,,2.720169,0.405826,E,0.942101,19.494705,83.936028,5,23,0,2014,12
2014-05-13 00:00:00,46.439869,31.530277,,3.163443,0.321016,OSO,0.814504,19.344318,84.49176,5,0,1,2014,13
2014-05-13 01:00:00,19.314143,55.078033,,2.35525,0.184164,E,0.91498,19.023083,88.07946,5,1,1,2014,13
2014-05-13 02:00:00,22.020694,48.223934,37.400002,1.786801,0.185075,N,0.366429,18.907131,90.070473,5,2,1,2014,13
2014-05-13 03:00:00,15.20594,55.27634,37.400002,1.493689,0.158192,NO,1.049928,18.680401,91.682465,5,3,1,2014,13
2014-05-13 04:00:00,9.327342,56.094887,37.400002,1.276466,0.154116,NO,0.684932,18.398582,92.994812,5,4,1,2014,13
2014-05-13 05:00:00,17.331251,50.711292,37.400002,1.190791,0.142596,SSE,0.66358,18.377483,93.6185,5,5,1,2014,13
2014-05-13 06:00:00,14.625645,59.488258,37.400002,1.157773,0.15003,OSO,1.315575,18.458651,93.847336,5,6,1,2014,13
2014-05-13 07:00:00,18.912657,54.593651,37.400002,1.252027,0.175006,S,1.497011,18.422323,93.858292,5,7,1,2014,13
2014-05-13 08:00:00,25.840694,51.351353,37.400002,1.064932,0.251399,N,1.574166,18.927074,93.391975,5,8,1,2014,13
2014-05-13 09:00:00,27.011209,58.46954,37.400002,1.318572,0.247376,E,1.830498,21.063385,80.212585,5,9,1,2014,13
2014-05-13 10:00:00,16.603591,79.699646,37.400002,1.63541,0.215403,S,2.371823,23.074883,61.163879,5,10,1,2014,13
2014-05-13 11:00:00,12.998952,84.687866,37.400002,1.836592,0.196476,SO,2.312865,23.326479,57.641457,5,11,1,2014,13
2014-05-13 12:00:00,15.707938,95.470879,37.400002,2.42739,0.199805,S,2.604451,24.214653,47.283234,5,12,1,2014,13
2014-05-13 13:00:00,11.517565,106.848221,37.400002,2.146771,0.173651,ONO,2.694308,23.678673,52.289307,5,13,1,2014,13
2014-05-13 14:00:00,8.579158,106.081184,37.400002,1.595234,0.164596,NO,2.586726,23.491211,59.177753,5,14,1,2014,13
2014-05-13 15:00:00,11.479026,103.745163,37.400002,1.276252,0.189609,ONO,2.420009,24.064404,57.859413,5,15,1,2014,13
2014-05-13 16:00:00,14.01111,103.812271,37.400002,1.363705,0.195178,ONO,2.696676,23.875313,57.50267,5,16,1,2014,13
2014-05-13 17:00:00,9.586206,111.18898,37.400002,1.509551,0.175779,ONO,2.395168,23.318607,58.741756,5,17,1,2014,13
2014-05-13 18:00:00,12.221208,102.42421,37.400002,1.363131,0.193414,ONO,2.467835,22.140886,68.398926,5,18,1,2014,13
2014-05-13 19:00:00,16.003419,95.895012,37.400002,1.112512,0.211165,SSE,1.653617,21.531364,72.755318,5,19,1,2014,13
2014-05-13 20:00:00,33.888142,71.86161,37.400002,1.215982,0.226514,ESE,1.504292,20.239071,80.160187,5,20,1,2014,13
2014-05-13 21:00:00,50.774171,46.189926,37.400002,3.304598,0.295421,E,0.858691,19.909878,80.757011,5,21,1,2014,13
2014-05-13 22:00:00,47.968487,46.095047,37.400002,4.466333,0.340447,ONO,1.001789,20.01899,80.799911,5,22,1,2014,13
2014-05-13 23:00:00,30.120378,48.556389,37.400002,2.282933,0.257533,S,0.881425,19.159296,88.324409,5,23,1,2014,13
2014-05-14 00:00:00,34.24309,43.497116,37.400002,1.669402,0.259825,ONO,0.809235,19.019222,89.712753,5,0,2,2014,14
2014-05-14 01:00:00,16.640042,58.678196,,1.31301,0.172694,ONO,1.029831,18.825695,91.775169,5,1,2,2014,14
2014-05-14 02:00:00,21.400324,48.893902,,1.288713,0.169345,E,0.74161,18.363068,93.057106,5,2,2,2014,14
2014-05-14 03:00:00,12.894618,60.221455,,1.247878,0.147936,SO,0.666548,18.271019,93.779129,5,3,2,2014,14
2014-05-14 04:00:00,15.276468,50.149986,92.0,1.180791,0.168859,ENE,0.93235,17.873688,94.369446,5,4,2,2014,14
2014-05-14 05:00:00,16.283232,43.091042,92.0,1.212209,0.169771,N,0.466453,17.823696,94.827217,5,5,2,2014,14
2014-05-14 06:00:00,30.773073,14.438264,92.0,1.996306,0.477227,ESE,1.214223,16.339157,95.150925,5,6,2,2014,14
2014-05-14 07:00:00,46.12287,9.335824,92.0,2.463796,0.645209,SE,0.903014,16.635218,95.248871,5,7,2,2014,14
2014-05-14 08:00:00,62.212691,15.368896,92.0,2.110304,0.673986,SE,0.620799,18.393936,94.17836,5,8,2,2014,14
2014-05-14 09:00:00,103.548565,25.105286,92.0,4.048631,1.088877,ESE,1.303999,22.077696,72.614731,5,9,2,2014,14
2014-05-14 10:00:00,153.513289,40.278481,92.0,9.07442,1.379539,E,1.364417,26.39628,50.356186,5,10,2,2014,14
2014-05-14 11:00:00,98.00205,62.61084,92.0,15.068151,0.6377,ONO,1.905544,26.621552,52.721706,5,11,2,2014,14
2014-05-14 12:00:00,52.103372,73.459618,92.0,10.79048,0.413008,ONO,2.213224,25.728592,57.878845,5,12,2,2014,14
2014-05-14 13:00:00,55.201946,87.685303,92.0,18.545105,0.47328,NO,1.962422,28.32712,42.184631,5,13,2,2014,14
2014-05-14 14:00:00,47.628934,88.038033,92.0,9.7045,0.394932,SSE,1.794433,29.72422,35.775398,5,14,2,2014,14
2014-05-14 15:00:00,57.779878,92.74929,92.0,10.218691,,S,1.948845,31.451424,29.47995,5,15,2,2014,14
2014-05-14 16:00:00,36.102653,149.64505,92.0,6.084434,,SSE,2.135223,30.155739,37.99596,5,16,2,2014,14
2014-05-14 17:00:00,63.142197,84.664902,92.0,5.119183,,OSO,1.818932,29.479065,41.030556,5,17,2,2014,14
2014-05-14 18:00:00,56.539115,66.135773,92.0,6.794753,,E,1.791784,28.453527,43.028553,5,18,2,2014,14
2014-05-14 19:00:00,99.373179,24.508789,92.0,83.096103,,SSE,0.966261,27.499319,45.374641,5,19,2,2014,14
2014-05-14 20:00:00,113.050557,9.576618,92.0,77.654475,0.78096,SSE,0.831725,25.809551,52.322708,5,20,2,2014,14
2014-05-14 21:00:00,101.180701,6.626236,92.0,13.506163,0.834407,N,0.659515,24.250946,60.092049,5,21,2,2014,14
2014-05-14 22:00:00,46.580617,25.910027,92.0,3.274592,0.617528,S,2.104039,24.31362,60.987404,5,22,2,2014,14
2014-05-14 23:00:00,27.214408,33.285263,92.0,2.19654,0.528882,SO,2.145619,23.083055,68.003357,5,23,2,2014,14
2014-05-15 00:00:00,12.525453,50.903473,92.0,1.94179,0.409485,SSO,2.43832,21.379559,77.74955,5,0,3,2014,15
2014-05-15 01:00:00,12.461629,42.33017,46.599991,1.791824,0.382663,SSO,2.096062,21.222214,78.708244,5,1,3,2014,15
2014-05-15 02:00:00,12.86365,34.590492,46.599991,1.696134,0.377782,SSE,2.06733,20.994673,77.641975,5,2,3,2014,15
2014-05-15 03:00:00,14.894984,20.715076,46.599991,1.66286,0.440646,SSE,1.382205,20.654995,71.378098,5,3,3,2014,15
2014-05-15 04:00:00,17.192867,16.314745,46.599991,1.684938,0.421553,SSE,0.98871,20.611614,62.190437,5,4,3,2014,15
2014-05-15 05:00:00,21.754605,14.233932,46.599991,1.500054,0.454754,OSO,0.907639,20.574341,59.062431,5,5,3,2014,15
2014-05-15 06:00:00,16.170465,28.030281,46.599991,1.622468,0.426105,OSO,1.743498,19.625685,72.502037,5,6,3,2014,15
2014-05-15 07:00:00,26.349442,23.60557,46.599991,1.552941,0.52666,OSO,1.564697,18.049309,85.24704,5,7,3,2014,15
2014-05-15 08:00:00,26.930793,30.101677,46.599991,1.756855,0.523652,OSO,1.764692,17.672703,89.846313,5,8,3,2014,15
2014-05-15 09:00:00,21.585694,45.427086,46.599991,1.680415,0.447296,O,1.700215,18.757046,87.536041,5,9,3,2014,15
2014-05-15 10:00:00,24.102828,57.783714,46.599991,1.748281,0.461902,ONO,1.785825,21.043816,75.842354,5,10,3,2014,15
2014-05-15 11:00:00,17.408647,90.501991,46.599991,1.624639,0.422988,OSO,2.451303,22.404827,68.217094,5,11,3,2014,15
2014-05-15 12:00:00,17.60824,45.491776,46.599991,1.573012,0.388439,O,2.479758,22.835125,67.516953,5,12,3,2014,15
2014-05-15 13:00:00,15.663681,58.668556,46.599991,1.22043,0.330029,O,2.514831,23.547785,63.304947,5,13,3,2014,15
2014-05-15 14:00:00,10.915438,58.184006,46.599991,1.154268,0.314169,OSO,3.586186,22.874775,69.883057,5,14,3,2014,15
2014-05-15 15:00:00,9.704577,57.340736,46.599991,1.135805,0.27133,OSO,3.918746,22.337326,73.947449,5,15,3,2014,15
2014-05-15 16:00:00,7.863743,55.874329,46.599991,1.06447,0.257457,OSO,4.232857,21.743481,77.21994,5,16,3,2014,15
2014-05-15 17:00:00,9.270468,51.852741,46.599991,0.989838,0.257186,OSO,3.591966,21.250774,78.611069,5,17,3,2014,15
2014-05-15 18:00:00,11.23966,52.977169,46.599991,1.104229,0.258627,OSO,2.462552,20.927374,78.856766,5,18,3,2014,15
2014-05-15 19:00:00,15.304027,51.851761,46.599991,0.986901,0.277126,OSO,2.202972,20.089832,82.400253,5,19,3,2014,15
2014-05-15 20:00:00,14.856545,50.59787,46.599991,0.947722,0.24996,OSO,2.348175,19.108866,86.712112,5,20,3,2014,15
2014-05-15 21:00:00,15.354391,49.277931,46.599991,1.204923,0.262383,SO,1.687321,18.962921,87.251823,5,21,3,2014,15
2014-05-15 22:00:00,18.475163,46.720112,46.599991,1.06073,0.277819,SSO,1.694852,19.080172,86.358559,5,22,3,2014,15
2014-05-15 23:00:00,15.294561,52.574837,46.599991,1.114052,0.228933,OSO,2.396741,18.638405,87.90432,5,23,3,2014,15
2014-05-16 00:00:00,4.246066,56.818024,46.599991,1.147296,0.200675,SO,2.268918,18.464272,89.462418,5,0,4,2014,16
2014-05-16 01:00:00,2.233101,59.79454,31.200001,1.048255,0.171911,SO,2.413609,18.252535,89.973267,5,1,4,2014,16
2014-05-16 02:00:00,1.596397,61.515991,31.200001,1.11492,0.172058,SO,2.350106,18.020985,90.223839,5,2,4,2014,16
2014-05-16 03:00:00,1.858743,63.98745,31.200001,1.059849,0.178001,OSO,2.256638,17.821463,89.930702,5,3,4,2014,16
2014-05-16 04:00:00,1.696647,66.877068,31.200001,0.804767,0.17778,OSO,2.050253,17.576609,87.85466,5,4,4,2014,16
2014-05-16 05:00:00,1.848813,67.990547,31.200001,1.054549,0.169964,SO,1.874408,17.549038,85.507118,5,5,4,2014,16
2014-05-16 06:00:00,3.975037,70.765991,31.200001,1.12874,0.179777,SO,1.768913,17.61124,83.364532,5,6,4,2014,16
2014-05-16 07:00:00,11.83846,67.625725,31.200001,1.075268,0.224653,SSO,1.701939,17.704815,80.80542,5,7,4,2014,16
2014-05-16 08:00:00,16.198979,69.335762,31.200001,1.141551,0.272804,SSO,1.945431,18.248568,77.744232,5,8,4,2014,16
2014-05-16 09:00:00,13.853831,72.890022,31.200001,1.116525,0.234043,SSO,2.061106,19.289103,72.392578,5,9,4,2014,16
2014-05-16 10:00:00,12.021318,76.245804,31.200001,1.044827,0.23174,SO,2.834734,20.510376,67.087029,5,10,4,2014,16
2014-05-16 11:00:00,8.245438,79.188171,31.200001,1.099138,0.261102,SO,3.630842,20.284111,69.509727,5,11,4,2014,16
2014-05-16 12:00:00,8.707122,77.270004,31.200001,1.137364,0.232264,OSO,4.416819,20.354658,69.372566,5,12,4,2014,16
2014-05-16 13:00:00,5.907127,80.543518,31.200001,1.191103,0.208718,OSO,5.006587,20.082952,70.157471,5,13,4,2014,16
2014-05-16 14:00:00,5.350917,81.111832,31.200001,1.141988,0.199471,OSO,5.636625,19.976051,72.10849,5,14,4,2014,16
2014-05-16 15:00:00,5.77423,82.566185,31.200001,1.129632,0.197657,OSO,5.217078,19.516815,73.26088,5,15,4,2014,16
2014-05-16 16:00:00,6.740539,82.767365,31.200001,1.1574,0.211655,OSO,4.886423,19.246773,74.471748,5,16,4,2014,16
2014-05-16 17:00:00,8.10866,86.202087,31.200001,1.133551,0.215776,OSO,4.277419,18.880642,76.036392,5,17,4,2014,16
2014-05-16 18:00:00,10.763184,81.282661,31.200001,1.220078,0.23219,OSO,3.927228,18.833735,76.684799,5,18,4,2014,16
2014-05-16 19:00:00,14.185329,76.401054,31.200001,1.164011,0.275183,OSO,3.509003,18.563145,77.791809,5,19,4,2014,16
2014-05-16 20:00:00,14.025685,79.818542,31.200001,1.060252,0.274005,OSO,3.579145,18.388344,78.132576,5,20,4,2014,16
2014-05-16 21:00:00,11.888224,83.368134,31.200001,1.153774,0.240076,OSO,2.981533,18.33234,77.803413,5,21,4,2014,16
2014-05-16 22:00:00,9.125447,87.513519,31.200001,1.046971,0.227065,OSO,2.911042,18.25071,77.674088,5,22,4,2014,16
2014-05-16 23:00:00,6.876873,92.015045,31.200001,0.894538,0.212347,OSO,2.813773,18.229982,78.642883,5,23,4,2014,16
2014-05-17 00:00:00,4.840249,100.529213,31.200001,1.120185,0.194321,OSO,3.085828,18.028917,81.345566,5,0,5,2014,17
2014-05-17 01:00:00,5.111162,102.610504,27.9,1.069199,0.19183,OSO,2.56662,17.770372,81.588585,5,1,5,2014,17
2014-05-17 02:00:00,4.438404,103.702072,27.9,1.028391,0.183217,O,2.756121,17.421886,81.09713,5,2,5,2014,17
2014-05-17 03:00:00,4.129955,100.057205,27.9,0.965563,0.172392,ONO,2.670679,17.182564,79.558907,5,3,5,2014,17
2014-05-17 04:00:00,4.00023,99.654945,27.9,1.047815,0.171475,ONO,2.686908,17.016615,77.77462,5,4,5,2014,17
2014-05-17 05:00:00,4.383723,102.026062,27.9,0.993277,0.176785,ONO,2.499583,17.163944,76.362831,5,5,5,2014,17
2014-05-17 06:00:00,8.822466,96.66597,27.9,0.99092,0.188334,O,2.993387,17.192879,76.473434,5,6,5,2014,17
2014-05-17 07:00:00,14.51141,94.378296,27.9,1.068852,0.226757,O,2.888856,17.331398,75.704071,5,7,5,2014,17
2014-05-17 08:00:00,16.007104,93.492645,27.9,1.082183,0.253216,OSO,3.542007,17.574478,74.558838,5,8,5,2014,17
2014-05-17 09:00:00,9.697446,99.067337,27.9,0.947287,0.216854,OSO,4.255767,17.938396,72.319489,5,9,5,2014,17
2014-05-17 10:00:00,9.122712,99.723839,27.9,1.001808,0.229802,OSO,3.562075,18.251965,70.876976,5,10,5,2014,17
2014-05-17 11:00:00,7.867293,101.98864,27.9,1.11689,0.272465,OSO,4.22398,18.621822,68.90744,5,11,5,2014,17
2014-05-17 12:00:00,7.672764,103.610268,27.9,1.067287,0.217724,OSO,4.133715,19.046396,66.028046,5,12,5,2014,17
2014-05-17 13:00:00,6.36432,100.273773,27.9,1.310612,0.222967,OSO,5.14929,19.394405,65.52977,5,13,5,2014,17
2014-05-17 14:00:00,5.940424,100.015182,27.9,1.052744,0.211894,OSO,5.14011,19.461494,67.499588,5,14,5,2014,17
2014-05-17 15:00:00,6.570891,94.463699,27.9,1.058126,0.212372,OSO,4.762601,19.487919,69.454071,5,15,5,2014,17
2014-05-17 16:00:00,8.057852,90.139343,27.9,1.060764,0.212035,O,4.214614,19.232357,72.147697,5,16,5,2014,17
2014-05-17 17:00:00,6.821777,83.912857,27.9,0.12832,0.201542,ONO,3.994744,19.167168,74.898521,5,17,5,2014,17
2014-05-17 18:00:00,5.524358,89.491547,27.9,0.938436,0.200222,ONO,4.647792,19.007385,76.759254,5,18,5,2014,17
2014-05-17 19:00:00,5.527532,87.438675,27.9,1.146007,0.190263,ONO,3.468567,18.55789,79.584038,5,19,5,2014,17
2014-05-17 20:00:00,7.845461,87.349876,27.9,1.05637,0.200789,ONO,2.519457,18.151188,81.11087,5,20,5,2014,17
2014-05-17 21:00:00,8.799909,89.04081,27.9,0.896015,0.202274,ONO,1.91636,17.944168,80.933449,5,21,5,2014,17
2014-05-17 22:00:00,10.142883,84.15554,27.9,1.030489,0.210737,ONO,0.828177,17.755085,82.081589,5,22,5,2014,17
2014-05-17 23:00:00,10.473817,75.152779,27.9,0.977775,0.215601,OSO,0.582354,17.103615,82.585869,5,23,5,2014,17
2014-05-18 00:00:00,14.49876,77.720009,27.9,1.059582,0.241192,O,1.2054,17.608463,81.820168,5,0,6,2014,18
2014-05-18 01:00:00,7.515562,86.305389,23.4,1.085745,0.213276,ONO,1.338133,17.408318,84.786758,5,1,6,2014,18
2014-05-18 02:00:00,6.185988,88.790573,23.4,1.114517,,O,1.621295,17.321522,85.251549,5,2,6,2014,18
2014-05-18 03:00:00,4.16228,94.64653,23.4,1.008504,,O,1.899121,17.253216,86.022446,5,3,6,2014,18
2014-05-18 04:00:00,4.367459,96.178406,23.4,1.162008,,O,1.889182,17.310368,85.917313,5,4,6,2014,18
2014-05-18 05:00:00,3.678276,100.21051,23.4,0.88079,,ONO,1.544608,17.123213,85.820236,5,5,6,2014,18
2014-05-18 06:00:00,4.990603,82.406433,23.4,0.906425,,N,0.228757,16.431686,87.176056,5,6,6,2014,18
2014-05-18 07:00:00,16.457567,77.856262,23.4,1.084762,0.219996,OSO,0.671886,16.919098,86.112534,5,7,6,2014,18
2014-05-18 08:00:00,9.038022,92.980423,23.4,1.104576,0.204777,OSO,1.118597,18.335602,77.019638,5,8,6,2014,18
2014-05-18 09:00:00,7.287129,96.961929,23.4,0.901349,0.210086,S,1.325817,18.987108,71.179985,5,9,6,2014,18
2014-05-18 10:00:00,8.433049,98.97847,23.4,1.088927,0.217251,SSO,1.558985,20.204716,65.121887,5,10,6,2014,18
2014-05-18 11:00:00,7.974042,97.690651,23.4,1.120185,0.219404,ONO,3.520688,20.196508,66.96788,5,11,6,2014,18
2014-05-18 12:00:00,7.27379,97.089218,23.4,1.276877,0.209033,O,3.476441,20.338213,66.098259,5,12,6,2014,18
2014-05-18 13:00:00,7.212848,98.914452,23.4,1.194638,0.237418,O,3.862151,20.626637,64.986191,5,13,6,2014,18
2014-05-18 14:00:00,7.035093,98.210571,23.4,1.13184,0.212033,O,4.0441,20.703796,64.864868,5,14,6,2014,18
2014-05-18 15:00:00,6.179606,100.753242,23.4,1.181878,,OSO,4.346961,20.687893,64.607643,5,15,6,2014,18
2014-05-18 16:00:00,5.798691,103.761414,23.4,1.183715,,O,4.528029,20.465263,67.299202,5,16,6,2014,18
2014-05-18 17:00:00,7.504296,105.520905,23.4,1.30571,,O,4.037698,20.640717,67.103943,5,17,6,2014,18
2014-05-18 18:00:00,5.553086,99.365814,23.4,1.077454,,ONO,3.514242,20.394888,70.092041,5,18,6,2014,18
2014-05-18 19:00:00,6.397111,96.711754,23.4,1.099928,,ONO,2.638988,20.00156,73.924019,5,19,6,2014,18
2014-05-18 20:00:00,9.451233,92.874901,23.4,1.058871,0.238361,ONO,2.53301,18.876404,81.307961,5,20,6,2014,18
2014-05-18 21:00:00,9.268196,90.217674,23.4,1.070067,0.223396,ONO,1.385889,18.416664,83.210274,5,21,6,2014,18
2014-05-18 22:00:00,11.880857,83.996834,23.4,1.025566,0.270825,OSO,0.928111,18.244535,84.597435,5,22,6,2014,18
2014-05-18 23:00:00,9.635402,75.0681,23.4,0.911642,0.257117,ENE,0.494238,17.669649,86.429596,5,23,6,2014,18
2014-05-19 00:00:00,16.37118,72.631073,23.4,0.990527,0.292346,S,1.182441,17.656313,86.447525,5,0,0,2014,19
2014-05-19 01:00:00,4.895859,84.449127,29.200001,0.955219,,S,1.578367,17.503555,87.114731,5,1,0,2014,19
2014-05-19 02:00:00,2.866268,86.948456,29.200001,1.16554,,S,1.713749,17.05508,89.016747,5,2,0,2014,19
2014-05-19 03:00:00,3.73901,76.287598,29.200001,1.138982,,SSE,2.209392,16.68498,89.40435,5,3,0,2014,19
2014-05-19 04:00:00,4.509384,68.562187,29.200001,0.926335,,SSE,1.975218,16.16707,89.474121,5,4,0,2014,19
2014-05-19 05:00:00,3.682675,73.748489,29.200001,1.01978,,S,2.335028,16.284729,88.918831,5,5,0,2014,19
2014-05-19 06:00:00,8.68057,69.195457,29.200001,1.250372,,S,2.288869,16.57498,86.651901,5,6,0,2014,19
2014-05-19 07:00:00,23.937255,55.183624,29.200001,1.175892,,SSE,2.217193,16.97761,86.152275,5,7,0,2014,19
2014-05-19 08:00:00,23.545414,64.372971,29.200001,1.166526,0.303816,S,2.466986,17.661777,83.346626,5,8,0,2014,19
2014-05-19 09:00:00,19.235481,80.810898,29.200001,1.195124,0.259352,SSO,2.424656,18.77499,74.001488,5,9,0,2014,19
2014-05-19 10:00:00,13.672605,85.712997,29.200001,0.959553,0.23176,OSO,3.408072,19.2428,70.632202,5,10,0,2014,19
2014-05-19 11:00:00,7.838644,92.765144,29.200001,0.9546,0.199525,OSO,4.588058,19.337296,70.979538,5,11,0,2014,19
2014-05-19 12:00:00,8.591012,94.519806,29.200001,1.046432,0.210727,OSO,4.823906,19.549646,68.058464,5,12,0,2014,19
2014-05-19 13:00:00,8.4981,95.249046,29.200001,1.150711,,OSO,6.13461,19.567865,66.177711,5,13,0,2014,19
2014-05-19 14:00:00,6.499762,97.33329,29.200001,1.065143,,OSO,5.84555,19.869656,66.759491,5,14,0,2014,19
2014-05-19 15:00:00,6.061293,96.633263,29.200001,1.066804,,OSO,5.723129,19.618292,67.7034,5,15,0,2014,19
2014-05-19 16:00:00,6.704528,94.591995,29.200001,1.126585,,OSO,5.465647,19.502266,67.394928,5,16,0,2014,19
2014-05-19 17:00:00,7.424793,93.668114,29.200001,1.156479,,SO,5.356326,19.369514,67.941795,5,17,0,2014,19
2014-05-19 18:00:00,9.211024,91.618973,29.200001,1.19852,,OSO,4.90496,19.267326,67.202919,5,18,0,2014,19
2014-05-19 19:00:00,10.683174,89.912895,29.200001,0.947482,,SO,3.951737,18.7213,67.333984,5,19,0,2014,19
2014-05-19 20:00:00,13.272753,86.228195,29.200001,0.916269,,SO,3.160461,18.012407,69.613335,5,20,0,2014,19
2014-05-19 21:00:00,15.964991,81.863319,29.200001,0.974577,,SSO,2.687246,17.707531,70.558975,5,21,0,2014,19
2014-05-19 22:00:00,14.556784,78.45018,29.200001,0.984811,,S,2.288183,17.29283,71.023056,5,22,0,2014,19
2014-05-19 23:00:00,9.285133,84.289764,29.200001,1.019486,,SO,2.317808,17.436703,71.74189,5,23,0,2014,19
2014-05-20 00:00:00,4.276738,92.796043,29.200001,1.077497,,SO,2.238002,17.482628,70.461533,5,0,1,2014,20
2014-05-20 01:00:00,2.386745,96.866913,,0.789725,,SO,2.076213,17.385189,65.195282,5,1,1,2014,20
2014-05-20 02:00:00,5.755324,75.913544,,1.013196,,SSE,2.041186,16.961363,68.936066,5,2,1,2014,20
2014-05-20 03:00:00,3.138166,77.278984,,0.973365,,SSE,2.468221,16.538013,69.57444,5,3,1,2014,20
2014-05-20 04:00:00,5.049253,73.174301,30.1,0.977244,,SSE,2.375206,16.053387,68.663658,5,4,1,2014,20
2014-05-20 05:00:00,6.406182,69.641022,30.1,1.300413,,SSE,2.646188,15.879422,68.219269,5,5,1,2014,20
2014-05-20 06:00:00,11.266803,71.286331,30.1,1.643737,,SSE,2.831747,15.884405,65.603104,5,6,1,2014,20
2014-05-20 07:00:00,30.173506,52.344109,30.1,1.673196,,SSE,2.827717,16.000099,67.350967,5,7,1,2014,20
2014-05-20 08:00:00,26.666212,68.181931,30.1,1.622936,,SSE,3.475411,17.324781,61.883156,5,8,1,2014,20
2014-05-20 09:00:00,19.122698,78.642868,30.1,1.175347,,S,3.599685,18.164658,60.579361,5,9,1,2014,20
2014-05-20 10:00:00,18.672724,81.135933,30.1,1.803211,,S,3.364695,19.099438,51.561348,5,10,1,2014,20
2014-05-20 11:00:00,14.312791,86.086594,30.1,3.057169,,SO,3.519461,19.177858,56.19352,5,11,1,2014,20
2014-05-20 12:00:00,10.528033,92.988617,30.1,2.11413,,OSO,4.614534,18.950809,60.125862,5,12,1,2014,20
2014-05-20 13:00:00,7.817172,85.914078,30.1,2.327759,,OSO,5.621232,19.195221,59.545105,5,13,1,2014,20
2014-05-20 14:00:00,6.116657,84.454308,30.1,1.590717,,OSO,5.888792,19.201323,60.715168,5,14,1,2014,20
2014-05-20 15:00:00,5.731522,84.807213,30.1,1.398383,,OSO,5.780492,19.028864,63.203667,5,15,1,2014,20
2014-05-20 16:00:00,6.151386,85.892319,30.1,1.344073,,OSO,5.280868,18.835566,61.984154,5,16,1,2014,20
2014-05-20 17:00:00,6.420133,84.439262,30.1,1.264117,,SO,5.226448,18.834824,59.099743,5,17,1,2014,20
2014-05-20 18:00:00,8.862667,83.639954,30.1,1.25498,,SO,5.3513,18.624773,57.862259,5,18,1,2014,20
2014-05-20 19:00:00,10.179931,83.954422,30.1,0.721893,,SO,5.281466,18.10113,59.595062,5,19,1,2014,20
2014-05-20 20:00:00,13.458943,79.447388,30.1,1.054426,,SSO,4.328182,17.67572,61.814205,5,20,1,2014,20
2014-05-20 21:00:00,12.552353,80.208618,30.1,1.107014,,SSO,4.062198,17.463299,60.073696,5,21,1,2014,20
2014-05-20 22:00:00,11.516862,76.545952,30.1,0.977418,,S,3.416389,16.890854,62.932606,5,22,1,2014,20
2014-05-20 23:00:00,11.036572,72.164825,30.1,1.194061,,SSE,3.815881,16.571083,65.715401,5,23,1,2014,20
2014-05-21 00:00:00,7.170875,75.21492,30.1,1.634627,,SSE,3.730975,16.099607,67.701561,5,0,2,2014,21
2014-05-21 01:00:00,3.802485,76.798111,19.4,1.606827,,SSE,4.189506,15.591778,68.622643,5,1,2,2014,21
2014-05-21 02:00:00,1.769605,80.990517,19.4,1.453834,,SSE,5.001154,15.681212,67.367989,5,2,2,2014,21
2014-05-21 03:00:00,1.485842,78.204994,19.4,1.320937,,SSE,5.374699,15.819253,69.345917,5,3,2,2014,21
2014-05-21 04:00:00,1.890789,76.604507,19.4,1.324761,,SSE,5.132018,15.389598,73.75824,5,4,2,2014,21
2014-05-21 05:00:00,2.621206,70.964737,19.4,1.229911,,SSE,4.386498,15.018414,78.86145,5,5,2,2014,21
2014-05-21 06:00:00,6.440293,58.486679,19.4,1.251613,,SSE,4.489901,14.807623,85.126778,5,6,2,2014,21
2014-05-21 07:00:00,18.682468,44.848389,19.4,1.242199,,SSE,3.827019,14.721373,88.434265,5,7,2,2014,21
2014-05-21 08:00:00,23.583968,53.390076,19.4,1.175409,,S,2.94853,14.344895,89.73674,5,8,2,2014,21
2014-05-21 09:00:00,21.445685,64.766914,19.4,1.109591,,S,3.481998,14.695595,91.769699,5,9,2,2014,21
2014-05-21 10:00:00,15.454601,75.170433,19.4,0.656895,,S,3.905844,16.323524,81.507988,5,10,2,2014,21
2014-05-21 11:00:00,18.468804,76.229401,19.4,0.980344,0.263943,SSO,3.390687,16.903603,72.844017,5,11,2,2014,21
2014-05-21 12:00:00,20.377942,78.619339,19.4,0.988309,0.244092,S,3.503869,17.120834,68.138535,5,12,2,2014,21
2014-05-21 13:00:00,13.633395,85.907089,19.4,1.113564,0.203398,SO,4.238832,17.061993,67.422775,5,13,2,2014,21
2014-05-21 14:00:00,7.753776,90.935776,19.4,1.017118,0.18003,SO,4.858516,17.990768,61.82024,5,14,2,2014,21
2014-05-21 15:00:00,7.012773,89.003647,19.4,0.9394,0.171848,SO,5.170459,18.385015,57.002945,5,15,2,2014,21
2014-05-21 16:00:00,6.822854,87.954506,19.4,1.007743,0.173738,OSO,4.943146,18.471603,55.868225,5,16,2,2014,21
2014-05-21 17:00:00,7.634831,85.385223,19.4,1.101084,0.165701,OSO,4.612138,18.159813,55.711842,5,17,2,2014,21
2014-05-21 18:00:00,9.221942,84.778656,19.4,1.00246,0.178111,SO,4.019062,17.759115,56.501656,5,18,2,2014,21
2014-05-21 19:00:00,10.550276,81.368179,19.4,1.031707,0.191388,SO,3.865077,17.635326,53.877514,5,19,2,2014,21
2014-05-21 20:00:00,14.557131,81.857101,19.4,0.918774,0.201594,SO,3.042015,17.068333,58.944809,5,20,2,2014,21
2014-05-21 21:00:00,17.345787,72.25354,19.4,0.899662,0.217834,SO,2.519608,16.734966,60.789749,5,21,2,2014,21
2014-05-21 22:00:00,13.688593,73.241653,19.4,0.869178,0.213816,OSO,2.393529,16.677923,60.346523,5,22,2,2014,21
2014-05-21 23:00:00,12.902835,71.909592,19.4,0.843205,0.204312,SO,1.778444,16.366566,59.741039,5,23,2,2014,21
2014-05-22 00:00:00,16.13847,59.964752,19.4,0.76715,0.21519,S,1.261077,15.820372,62.956177,5,0,3,2014,22
2014-05-22 01:00:00,19.965199,41.27137,,0.898655,0.22283,SE,1.333705,15.05701,69.412392,5,1,3,2014,22
2014-05-22 02:00:00,19.778901,36.21714,,1.994845,0.184832,SE,1.50964,14.176704,73.180054,5,2,3,2014,22
2014-05-22 03:00:00,19.419889,35.450081,21.1,2.634687,0.15705,SSE,1.2465,14.105885,74.014313,5,3,3,2014,22
2014-05-22 04:00:00,14.560537,36.917141,21.1,2.773417,,SE,1.252452,14.093368,74.727158,5,4,3,2014,22
2014-05-22 05:00:00,18.412817,28.064543,21.1,2.873102,0.184272,SE,1.344749,13.734429,78.096832,5,5,3,2014,22
2014-05-22 06:00:00,32.364038,16.500492,21.1,2.876621,0.218965,SE,1.696694,13.267667,80.299202,5,6,3,2014,22
2014-05-22 07:00:00,37.981228,19.268408,21.1,2.279553,0.32751,SE,1.737708,13.917138,77.564911,5,7,3,2014,22
2014-05-22 08:00:00,37.068968,39.038845,21.1,3.08369,0.308055,SSE,1.711822,16.122643,64.541405,5,8,3,2014,22
2014-05-22 09:00:00,10.100204,70.640228,21.1,2.671429,0.181579,O,1.506077,17.508272,56.849297,5,9,3,2014,22
2014-05-22 10:00:00,10.809167,72.922737,21.1,2.027011,0.186255,SO,2.127257,18.303379,52.419678,5,10,3,2014,22
2014-05-22 11:00:00,9.519585,74.469933,21.1,1.584506,0.23641,O,3.644355,18.424049,53.915543,5,11,3,2014,22
2014-05-22 12:00:00,8.577965,75.585037,21.1,1.309176,0.187121,O,4.137961,18.310299,58.06678,5,12,3,2014,22
2014-05-22 13:00:00,5.472501,75.414932,21.1,1.088033,0.160601,ONO,4.353801,18.395802,57.45034,5,13,3,2014,22
2014-05-22 14:00:00,6.843288,76.916199,21.1,1.100163,0.168353,ONO,4.374496,18.613653,56.988663,5,14,3,2014,22
2014-05-22 15:00:00,4.12803,75.049126,21.1,0.863011,0.149867,ONO,4.214832,18.3613,61.884102,5,15,3,2014,22
2014-05-22 16:00:00,5.493517,71.347275,21.1,0.949433,0.16601,ONO,4.056968,18.295542,61.684326,5,16,3,2014,22
2014-05-22 17:00:00,3.971654,75.597076,21.1,0.958591,0.14075,ONO,4.019414,18.215973,60.588589,5,17,3,2014,22
2014-05-22 18:00:00,5.020278,79.906609,21.1,0.534844,0.146923,ONO,3.336981,18.049549,61.485344,5,18,3,2014,22
2014-05-22 19:00:00,4.84771,79.598114,21.1,0.772255,0.148523,ONO,3.258613,17.370163,64.947968,5,19,3,2014,22
2014-05-22 20:00:00,6.535903,75.768967,21.1,0.870316,0.143526,ONO,2.172362,16.719975,66.396584,5,20,3,2014,22
2014-05-22 21:00:00,7.488758,78.047066,21.1,0.728267,0.145309,ONO,1.755213,16.355848,64.067146,5,21,3,2014,22
2014-05-22 22:00:00,7.296647,78.954826,21.1,0.740484,0.133731,ONO,1.400928,16.160387,65.163376,5,22,3,2014,22
2014-05-22 23:00:00,6.753445,80.251884,21.1,0.606696,0.144864,SO,1.116426,15.918425,64.755928,5,23,3,2014,22
2014-05-23 00:00:00,4.201557,81.874046,21.1,0.646615,0.13409,O,1.448091,15.762308,64.494873,5,0,4,2014,23
2014-05-23 01:00:00,3.957235,81.236107,,0.840415,0.132678,OSO,1.201082,15.669849,64.068504,5,1,4,2014,23
2014-05-23 02:00:00,1.763354,80.640839,,0.876006,0.120698,NO,1.191224,15.585228,65.044769,5,2,4,2014,23
2014-05-23 03:00:00,1.324633,81.366798,13.0,0.810014,0.118662,NNO,1.220248,15.426737,64.523056,5,3,4,2014,23
2014-05-23 04:00:00,2.255439,79.187645,13.0,0.817188,,SO,1.339907,15.406862,65.354286,5,4,4,2014,23
2014-05-23 05:00:00,9.965828,59.334713,13.0,1.077497,0.167262,ENE,1.239695,15.088313,67.928772,5,5,4,2014,23
2014-05-23 06:00:00,22.065699,38.582314,13.0,0.462409,0.171402,ESE,0.882618,14.284082,72.448105,5,6,4,2014,23
2014-05-23 07:00:00,26.91029,35.338242,13.0,1.005495,0.194348,E,0.749631,14.157303,73.863029,5,7,4,2014,23
2014-05-23 08:00:00,35.471952,45.413059,13.0,2.435264,0.265212,NE,1.755731,15.822475,66.823593,5,8,4,2014,23
2014-05-23 09:00:00,17.622707,66.277649,13.0,6.06003,0.175079,NO,1.992646,16.848921,61.275845,5,9,4,2014,23
2014-05-23 10:00:00,4.610192,81.024292,13.0,3.714568,0.135258,NO,2.568437,17.49769,57.96085,5,10,4,2014,23
2014-05-23 11:00:00,3.568745,85.049515,13.0,1.922897,0.133472,ONO,3.313347,17.626915,55.7038,5,11,4,2014,23
2014-05-23 12:00:00,3.119282,85.786758,13.0,1.465312,0.134155,NO,2.897376,18.532827,52.561012,5,12,4,2014,23
2014-05-23 13:00:00,2.763585,86.319748,13.0,1.297051,0.130971,NO,3.75373,18.377962,51.962147,5,13,4,2014,23
2014-05-23 14:00:00,2.57013,87.986267,13.0,1.118348,,ONO,4.652436,18.084278,50.651031,5,14,4,2014,23
2014-05-23 15:00:00,2.748555,87.577011,13.0,1.092492,,ONO,4.34525,18.408447,48.222656,5,15,4,2014,23
2014-05-23 16:00:00,2.907413,84.884705,13.0,1.029405,,NO,3.523235,18.992058,48.281776,5,16,4,2014,23
2014-05-23 17:00:00,3.131966,82.502029,13.0,0.921604,,ONO,4.1653,18.115553,55.213943,5,17,4,2014,23
2014-05-23 18:00:00,4.074328,80.980949,13.0,1.05995,,ONO,3.409472,18.013018,58.331291,5,18,4,2014,23
2014-05-23 19:00:00,5.706373,77.813148,13.0,0.932487,,ONO,3.333789,17.290693,62.77401,5,19,4,2014,23
2014-05-23 20:00:00,6.400074,71.472839,13.0,1.133578,,ONO,2.720741,16.704275,66.333397,5,20,4,2014,23
2014-05-23 21:00:00,7.209232,75.844482,13.0,0.90748,,NO,2.55891,16.422728,68.709671,5,21,4,2014,23
2014-05-23 22:00:00,6.379879,77.908737,13.0,0.896979,,ONO,2.045195,16.23151,69.403976,5,22,4,2014,23
2014-05-23 23:00:00,5.312917,75.071365,13.0,0.434468,,ONO,1.891994,15.942539,69.481293,5,23,4,2014,23
2014-05-24 00:00:00,3.668193,78.355858,13.0,0.763916,,ONO,1.749245,15.85809,69.953156,5,0,5,2014,24
2014-05-24 01:00:00,2.602109,82.257248,11.8,0.888448,,OSO,1.724054,15.866842,69.578339,5,1,5,2014,24
2014-05-24 02:00:00,1.963379,83.853386,11.8,0.976379,,N,1.595661,15.792698,68.754395,5,2,5,2014,24
2014-05-24 03:00:00,1.780414,86.253548,11.8,1.056346,,NO,1.897768,15.737991,67.400589,5,3,5,2014,24
2014-05-24 04:00:00,2.396723,85.744278,11.8,1.030711,,ONO,1.569047,15.614975,67.792053,5,4,5,2014,24
2014-05-24 05:00:00,2.850207,90.009232,11.8,0.873795,,ONO,1.509562,15.665712,66.423889,5,5,5,2014,24
2014-05-24 06:00:00,4.029945,91.811493,11.8,0.851263,,ONO,1.677434,15.533338,66.284462,5,6,5,2014,24
2014-05-24 07:00:00,7.225692,90.648674,11.8,0.887591,,ONO,1.994721,16.007425,64.933556,5,7,5,2014,24
2014-05-24 08:00:00,4.327428,95.884689,11.8,0.947345,,ONO,2.500555,16.701939,62.17799,5,8,5,2014,24
2014-05-24 09:00:00,5.381826,94.21109,11.8,0.710097,,ONO,2.770291,16.369722,64.605507,5,9,5,2014,24
2014-05-24 10:00:00,3.87101,96.692368,11.8,0.91161,,ONO,2.882978,17.001793,62.079597,5,10,5,2014,24
2014-05-24 11:00:00,2.961946,98.369186,11.8,0.692563,,ONO,3.293655,16.990835,59.259151,5,11,5,2014,24
2014-05-24 12:00:00,2.950471,99.393951,11.8,0.790285,,ONO,4.110446,17.528652,57.455837,5,12,5,2014,24
2014-05-24 13:00:00,4.472649,100.783897,11.8,0.83696,,ONO,4.01747,17.718758,54.671844,5,13,5,2014,24
2014-05-24 14:00:00,4.275414,101.41375,11.8,1.032366,,ONO,4.298699,17.839802,54.980972,5,14,5,2014,24
2014-05-24 15:00:00,4.321906,98.824501,11.8,1.036507,,ONO,4.628707,17.523666,55.06522,5,15,5,2014,24
2014-05-24 16:00:00,3.947462,99.426224,11.8,0.945978,,ONO,4.438981,17.426161,54.910217,5,16,5,2014,24
2014-05-24 17:00:00,4.308971,95.452896,11.8,0.922859,,ONO,4.776352,16.993917,58.565659,5,17,5,2014,24
2014-05-24 18:00:00,7.019422,93.908722,11.8,0.979943,,ONO,4.078883,16.713158,54.423409,5,18,5,2014,24
2014-05-24 19:00:00,7.996192,97.651047,11.8,1.040873,0.154273,ONO,3.605118,16.252813,52.830513,5,19,5,2014,24
2014-05-24 20:00:00,9.707649,97.229446,11.8,0.890872,0.151278,ONO,3.423616,15.559418,54.39312,5,20,5,2014,24
2014-05-24 21:00:00,8.898134,97.260193,11.8,0.751031,0.142484,ONO,3.02232,15.316607,57.115761,5,21,5,2014,24
2014-05-24 22:00:00,8.433666,95.479675,11.8,0.774102,0.137383,ONO,2.706228,15.131048,57.296223,5,22,5,2014,24
2014-05-24 23:00:00,8.510314,93.980553,11.8,0.728387,0.135401,ONO,2.240264,15.019295,58.367279,5,23,5,2014,24
2014-05-25 00:00:00,6.062506,95.359894,11.8,0.620054,0.119468,ONO,1.908172,14.87101,58.658253,5,0,6,2014,25
2014-05-25 01:00:00,5.91807,93.305618,,0.816187,0.11972,NO,1.59706,14.697593,61.686295,5,1,6,2014,25
2014-05-25 02:00:00,3.939463,95.847664,,0.816187,,ONO,1.876094,14.638208,62.174015,5,2,6,2014,25
2014-05-25 03:00:00,2.504167,98.077713,,0.837611,,ONO,1.548836,14.695018,62.52845,5,3,6,2014,25
2014-05-25 04:00:00,2.241062,97.303902,,0.826205,,ONO,1.375809,14.671477,61.685318,5,4,6,2014,25
2014-05-25 05:00:00,2.333701,95.103104,,0.866874,,NO,1.082441,14.737752,62.220276,5,5,6,2014,25
2014-05-25 06:00:00,13.389325,61.719795,,1.124791,,ESE,1.086724,13.345643,66.391769,5,6,6,2014,25
2014-05-25 07:00:00,22.22834,52.838058,,1.146562,,ESE,1.271086,12.99762,67.865952,5,7,6,2014,25
2014-05-25 08:00:00,,,,,,,,,,5,8,6,2014,25
2014-05-25 09:00:00,,,,,,,,,,5,9,6,2014,25
2014-05-25 10:00:00,,,,,,,,,,5,10,6,2014,25
2014-05-25 11:00:00,,,,,,,,,,5,11,6,2014,25
2014-05-25 12:00:00,,,,,,,,,,5,12,6,2014,25
2014-05-25 13:00:00,,,,,,,,,,5,13,6,2014,25
2014-05-25 14:00:00,,,,,,,,,,5,14,6,2014,25
2014-05-25 15:00:00,,,,,,,,,,5,15,6,2014,25
2014-05-25 16:00:00,,,,,,,,,,5,16,6,2014,25
2014-05-25 17:00:00,,,,,,,,,,5,17,6,2014,25
2014-05-25 18:00:00,,,,,,,,,,5,18,6,2014,25
2014-05-25 19:00:00,,,,,,,,,,5,19,6,2014,25
2014-05-25 20:00:00,,,,,,,,,,5,20,6,2014,25
2014-05-25 21:00:00,,,,,,,,,,5,21,6,2014,25
2014-05-25 22:00:00,,,,,,,,,,5,22,6,2014,25
2014-05-25 23:00:00,,,,,,,,,,5,23,6,2014,25
2014-05-26 00:00:00,,,,,,,,,,5,0,0,2014,26
2014-05-26 01:00:00,,,,,,,,,,5,1,0,2014,26
2014-05-26 02:00:00,,,,,,,,,,5,2,0,2014,26
2014-05-26 03:00:00,,,,,,,,,,5,3,0,2014,26
2014-05-26 04:00:00,,,,,,,,,,5,4,0,2014,26
2014-05-26 05:00:00,,,,,,,,,,5,5,0,2014,26
2014-05-26 06:00:00,,,,,,,,,,5,6,0,2014,26
2014-05-26 07:00:00,,,,,,,,,,5,7,0,2014,26
2014-05-26 08:00:00,,,,,,,,,,5,8,0,2014,26
2014-05-26 09:00:00,,,,,,,,,,5,9,0,2014,26
2014-05-26 10:00:00,,,,,,,,,,5,10,0,2014,26
2014-05-26 11:00:00,,,,,,,,,,5,11,0,2014,26
2014-05-26 12:00:00,,,,,,,,,,5,12,0,2014,26
2014-05-26 13:00:00,,,,,,,,,,5,13,0,2014,26
2014-05-26 14:00:00,,,,,,,,,,5,14,0,2014,26
2014-05-26 15:00:00,,,,,,,,,,5,15,0,2014,26
2014-05-26 16:00:00,,,,,,,,,,5,16,0,2014,26
2014-05-26 17:00:00,,,,,,,,,,5,17,0,2014,26
2014-05-26 18:00:00,,,,,,,,,,5,18,0,2014,26
2014-05-26 19:00:00,,,,,,,,,,5,19,0,2014,26
2014-05-26 20:00:00,,,,,,,,,,5,20,0,2014,26
2014-05-26 21:00:00,,,,,,,,,,5,21,0,2014,26
2014-05-26 22:00:00,,,,,,,,,,5,22,0,2014,26
2014-05-26 23:00:00,,,,,,,,,,5,23,0,2014,26
2014-05-27 00:00:00,,,,,,,,,,5,0,1,2014,27
2014-05-27 01:00:00,,,,,,,,,,5,1,1,2014,27
2014-05-27 02:00:00,,,,,,,,,,5,2,1,2014,27
2014-05-27 03:00:00,,,,,,,,,,5,3,1,2014,27
2014-05-27 04:00:00,,,,,,,,,,5,4,1,2014,27
2014-05-27 05:00:00,,,11.4,,,,,,,5,5,1,2014,27
2014-05-27 06:00:00,,,11.4,,,,,,,5,6,1,2014,27
2014-05-27 07:00:00,,,11.4,,,,,,,5,7,1,2014,27
2014-05-27 08:00:00,,,11.4,,,,,,,5,8,1,2014,27
2014-05-27 09:00:00,,,11.4,,,,,,,5,9,1,2014,27
2014-05-27 10:00:00,,,11.4,,,,,,,5,10,1,2014,27
2014-05-27 11:00:00,,,11.4,,,,,,,5,11,1,2014,27
2014-05-27 12:00:00,,,11.4,,,,,,,5,12,1,2014,27
2014-05-27 13:00:00,,,11.4,,,,,,,5,13,1,2014,27
2014-05-27 14:00:00,,,11.4,,,,,,,5,14,1,2014,27
2014-05-27 15:00:00,,,11.4,,,,,,,5,15,1,2014,27
2014-05-27 16:00:00,3.668741,7.256542,11.4,0.062692,0.241219,,3.85738,17.736006,60.773457,5,16,1,2014,27
2014-05-27 17:00:00,5.112537,13.313392,11.4,0.154614,0.278804,,4.034113,17.694408,58.011566,5,17,1,2014,27
2014-05-27 18:00:00,5.280955,8.04573,11.4,0.259644,0.273074,,4.442639,17.346792,57.671204,5,18,1,2014,27
2014-05-27 19:00:00,9.371971,5.61374,11.4,0.159573,0.291334,,3.723613,17.141285,63.227066,5,19,1,2014,27
2014-05-27 20:00:00,7.426991,4.839402,11.4,0.179029,0.260952,,2.99798,16.376404,67.232224,5,20,1,2014,27
2014-05-27 21:00:00,7.663061,4.222368,11.4,0.164384,0.257904,,2.568286,16.256302,68.433411,5,21,1,2014,27
2014-05-27 22:00:00,4.597926,3.490296,11.4,0.115202,0.25172,,1.966032,16.168461,68.281708,5,22,1,2014,27
2014-05-27 23:00:00,4.907758,3.563372,11.4,0.123453,0.260346,,2.275298,16.051888,65.750916,5,23,1,2014,27
2014-05-28 00:00:00,4.093105,3.505804,11.4,0.174135,0.253477,,1.649709,15.861887,67.384811,5,0,2,2014,28
2014-05-28 01:00:00,3.020573,3.481286,,0.030884,0.25174,,2.115005,15.929417,67.168762,5,1,2,2014,28
2014-05-28 02:00:00,1.991272,3.639842,,0.181018,0.248104,,1.737076,15.78985,68.235771,5,2,2,2014,28
2014-05-28 03:00:00,1.500769,3.715926,,0.186286,0.25193,,1.002058,15.695862,70.384674,5,3,2,2014,28
2014-05-28 04:00:00,1.625658,3.615478,,0.171441,0.251036,,1.097998,15.813388,71.059692,5,4,2,2014,28
2014-05-28 05:00:00,3.910868,3.481136,15.525001,0.247418,0.262103,,1.169731,15.35558,72.627388,5,5,2,2014,28
2014-05-28 06:00:00,17.90006,3.501622,15.525001,0.182489,0.312779,,1.570108,14.315523,75.656998,5,6,2,2014,28
2014-05-28 07:00:00,36.967834,3.633152,15.525001,0.88565,0.41991,,2.081018,14.493927,75.261627,5,7,2,2014,28
2014-05-28 08:00:00,31.731319,3.562706,15.525001,3.027924,0.406386,,2.204031,15.497282,71.889183,5,8,2,2014,28
2014-05-28 09:00:00,17.227862,3.677692,15.525001,2.910965,0.364065,,1.907884,16.749075,67.616806,5,9,2,2014,28
2014-05-28 10:00:00,8.109274,4.376036,15.525001,1.342617,0.331305,,3.438001,17.271667,67.139389,5,10,2,2014,28
2014-05-28 11:00:00,6.128483,5.682534,15.525001,0.851653,0.305332,,4.265888,17.714754,65.113983,5,11,2,2014,28
2014-05-28 12:00:00,5.856822,6.268746,15.525001,0.566379,0.300818,,4.127513,17.648891,63.899773,5,12,2,2014,28
2014-05-28 13:00:00,5.745777,6.929464,15.525001,0.380149,0.300122,,4.424351,17.804125,62.973511,5,13,2,2014,28
2014-05-28 14:00:00,4.362721,7.840456,15.525001,0.328971,0.29074,,4.023479,17.75359,62.748028,5,14,2,2014,28
2014-05-28 15:00:00,4.940318,6.677254,15.525001,0.295978,0.299918,,3.712049,17.984425,60.090858,5,15,2,2014,28
2014-05-28 16:00:00,6.466977,7.724238,15.525001,0.230573,0.307074,,3.851964,18.09503,57.548294,5,16,2,2014,28
2014-05-28 17:00:00,5.816888,6.887966,15.525001,0.2807,0.314735,,4.238798,17.806332,56.734665,5,17,2,2014,28
2014-05-28 18:00:00,7.427828,7.163798,15.525001,0.187084,0.319429,,3.836756,17.475376,59.616737,5,18,2,2014,28
2014-05-28 19:00:00,9.206968,5.481946,15.525001,0.224021,0.335743,,3.21311,17.211533,64.209846,5,19,2,2014,28
2014-05-28 20:00:00,14.0455,4.649608,15.525001,0.31137,0.355394,,2.712841,16.997725,68.77478,5,20,2,2014,28
2014-05-28 21:00:00,11.783281,4.34797,15.525001,0.106565,0.370091,,2.744932,17.215843,72.839203,5,21,2,2014,28
2014-05-28 22:00:00,10.641387,4.004002,15.525001,0.06612,0.374302,,2.674826,17.245365,73.80249,5,22,2,2014,28
2014-05-28 23:00:00,5.220324,4.314536,15.525001,0.055127,0.293412,,2.913494,16.76602,78.169434,5,23,2,2014,28
2014-05-29 00:00:00,3.876649,3.96171,15.525001,0.117921,0.27288,,1.79288,15.99219,87.14875,5,0,3,2014,29
2014-05-29 01:00:00,2.744135,4.602052,,0.099628,0.249841,,2.949,15.624027,84.183212,5,1,3,2014,29
2014-05-29 02:00:00,1.793755,4.292862,,0.15352,0.262985,,2.820796,15.937693,75.610626,5,2,3,2014,29
2014-05-29 03:00:00,1.903472,4.353496,,0.107401,0.266162,,2.704637,15.727304,72.971405,5,3,3,2014,29
2014-05-29 04:00:00,2.007742,4.395486,,0.209224,0.267588,,2.264905,15.510509,71.429482,5,4,3,2014,29
2014-05-29 05:00:00,2.307845,4.589334,20.924999,0.167687,0.264108,,2.404329,15.514477,69.059181,5,5,3,2014,29
2014-05-29 06:00:00,4.490589,4.20308,20.924999,0.15399,0.27012,,2.174493,15.560539,68.284958,5,6,3,2014,29
2014-05-29 07:00:00,8.881135,4.229266,20.924999,0.070322,0.293524,,1.840474,15.796328,67.22171,5,7,3,2014,29
2014-05-29 08:00:00,8.220598,4.027034,20.924999,0.065057,0.287574,,1.449361,16.046797,67.117722,5,8,3,2014,29
2014-05-29 09:00:00,10.424123,4.224596,20.924999,0.096553,0.313383,,1.415806,16.514473,65.147942,5,9,3,2014,29
2014-05-29 10:00:00,9.925347,4.262902,20.924999,0.136902,0.303111,,2.093249,16.322882,68.702682,5,10,3,2014,29
2014-05-29 11:00:00,7.583067,4.312342,20.924999,0.073628,0.290144,,2.151188,16.32349,71.315628,5,11,3,2014,29
2014-05-29 12:00:00,5.418912,4.900298,20.924999,0.128918,0.287369,,2.329218,16.682232,67.980789,5,12,3,2014,29
2014-05-29 13:00:00,4.435175,5.133722,20.924999,0.143972,0.281513,,3.098331,17.076679,66.336372,5,13,3,2014,29
2014-05-29 14:00:00,2.58516,8.415876,20.924999,0.139203,0.264934,,3.939968,17.385557,63.535263,5,14,3,2014,29
2014-05-29 15:00:00,2.436167,9.070544,20.924999,0.183357,0.259946,,4.376227,17.428394,61.79287,5,15,3,2014,29
2014-05-29 16:00:00,2.962696,10.747768,20.924999,0.141406,0.265258,,4.188527,17.356667,61.884716,5,16,3,2014,29
2014-05-29 17:00:00,2.791052,8.99523,20.924999,0.131484,0.273577,,3.978446,17.127285,61.448608,5,17,3,2014,29
2014-05-29 18:00:00,3.801148,5.980292,20.924999,0.069428,0.27758,,3.02316,17.040857,62.753761,5,18,3,2014,29
2014-05-29 19:00:00,5.366364,5.329808,20.924999,0.089624,0.284461,,2.829694,16.304193,65.315659,5,19,3,2014,29
2014-05-29 20:00:00,6.816505,4.77396,20.924999,0.059258,0.291778,,2.119495,15.70957,68.03653,5,20,3,2014,29
2014-05-29 21:00:00,6.813123,4.223334,20.924999,0.162656,0.289998,,1.888912,15.36348,69.058739,5,21,3,2014,29
2014-05-29 22:00:00,6.013705,4.338926,20.924999,0.071254,0.29058,,2.207766,15.220657,68.343231,5,22,3,2014,29
2014-05-29 23:00:00,4.459903,4.481022,20.924999,0.057135,0.284693,,1.952071,15.234053,69.771194,5,23,3,2014,29
2014-05-30 00:00:00,4.103669,4.092392,20.924999,0.126395,0.28077,,1.491484,15.152892,70.455055,5,0,4,2014,30
2014-05-30 01:00:00,3.554703,3.789372,,0.171003,0.282366,,1.395529,15.178432,72.086006,5,1,4,2014,30
2014-05-30 02:00:00,2.32379,3.829606,,0.038675,0.271859,,1.310738,15.567695,72.444267,5,2,4,2014,30
2014-05-30 03:00:00,2.37401,3.635586,,0.136795,0.272066,,1.376073,15.678635,73.316399,5,3,4,2014,30
2014-05-30 04:00:00,12.045375,3.896012,,0.243248,0.341891,,1.894031,15.06342,74.169067,5,4,4,2014,30
2014-05-30 05:00:00,24.541437,4.387624,16.125,0.715397,0.410605,,1.346975,13.49474,77.478432,5,5,4,2014,30
2014-05-30 06:00:00,21.536549,4.304948,16.125,0.765922,0.342207,,1.062921,12.128372,82.291229,5,6,4,2014,30
2014-05-30 07:00:00,43.359095,3.99587,16.125,0.542168,0.520856,,1.16618,12.706209,82.29673,5,7,4,2014,30
2014-05-30 08:00:00,43.996532,3.952286,,0.419791,0.494051,,0.906241,15.06291,75.105782,5,8,4,2014,30
2014-05-30 09:00:00,43.047787,3.963376,,0.620852,0.536146,,1.612056,16.932297,72.289139,5,9,4,2014,30
2014-05-30 10:00:00,13.201882,3.923488,,0.751728,0.33841,,2.559535,17.689186,72.896042,5,10,4,2014,30
2014-05-30 11:00:00,4.699788,3.872204,,0.798682,0.288601,,3.116131,18.811283,68.460991,5,11,4,2014,30
2014-05-30 12:00:00,3.34207,5.342842,,0.661436,0.279902,,3.960421,18.199764,69.61293,5,12,4,2014,30
2014-05-30 13:00:00,2.432565,4.822582,,0.573062,0.272423,,3.670893,18.53656,66.759048,5,13,4,2014,30
2014-05-30 14:00:00,2.413111,4.78935,,0.372991,0.267843,,4.661048,18.426908,68.735909,5,14,4,2014,30
2014-05-30 15:00:00,2.78032,4.876274,,0.306524,0.271898,,4.65308,18.437309,67.722488,5,15,4,2014,30
2014-05-30 16:00:00,2.384673,5.239456,,0.180492,0.269766,,4.502785,18.469841,68.74263,5,16,4,2014,30
2014-05-30 17:00:00,3.268824,5.686792,,0.328039,0.276039,,4.18721,18.099951,68.632607,5,17,4,2014,30
2014-05-30 18:00:00,4.159984,4.709006,,0.29841,0.280278,,3.310159,17.81773,69.017975,5,18,4,2014,30
2014-05-30 19:00:00,5.03752,4.228032,,0.123138,0.287835,,3.235799,17.388882,71.193146,5,19,4,2014,30
2014-05-30 20:00:00,6.611711,4.398308,,0.167684,0.287358,,3.411211,16.792252,71.775093,5,20,4,2014,30
2014-05-30 21:00:00,6.413067,4.556038,,0.125383,0.281183,,2.515965,16.589298,71.995041,5,21,4,2014,30
2014-05-30 22:00:00,5.363412,4.316494,,0.149344,0.288415,,2.813046,16.5119,73.915573,5,22,4,2014,30
2014-05-30 23:00:00,4.731967,5.585564,,0.135316,0.295181,,3.45103,15.949965,74.269836,5,23,4,2014,30
2014-05-31 00:00:00,3.572844,5.64876,,0.050615,0.292807,,3.07599,15.69278,72.419739,5,0,5,2014,31
2014-05-31 01:00:00,2.809302,5.23952,15.9,0.080549,0.284118,,3.048756,15.599408,69.823395,5,1,5,2014,31
2014-05-31 02:00:00,1.978319,5.561102,15.9,0.128035,0.285427,,3.086135,15.429922,70.515427,5,2,5,2014,31
2014-05-31 03:00:00,1.693721,5.46204,15.9,0.002595,0.270652,,2.436261,15.3529,69.632263,5,3,5,2014,31
2014-05-31 04:00:00,1.206505,4.672858,15.9,0.144359,0.263872,,1.658508,15.365379,68.746536,5,4,5,2014,31
2014-05-31 05:00:00,1.281213,4.077742,15.9,0.258718,0.265634,,0.867257,15.43525,68.245651,5,5,5,2014,31
2014-05-31 06:00:00,11.105758,3.965568,15.9,0.120398,0.30777,,0.881025,15.29212,67.261086,5,6,5,2014,31
2014-05-31 07:00:00,23.825367,4.019856,15.9,0.162325,0.388486,,1.069132,15.761673,65.578979,5,7,5,2014,31
2014-05-31 08:00:00,,,15.9,,,,,,,5,8,5,2014,31
2014-05-31 09:00:00,,,15.9,,,,,,,5,9,5,2014,31
2014-05-31 10:00:00,,,15.9,,,,,,,5,10,5,2014,31
2014-05-31 11:00:00,,,15.9,,,,,,,5,11,5,2014,31
2014-05-31 12:00:00,,,15.9,,,,,,,5,12,5,2014,31
2014-05-31 13:00:00,,,15.9,,,,,,,5,13,5,2014,31
2014-05-31 14:00:00,,,15.9,,,,,,,5,14,5,2014,31
2014-05-31 15:00:00,,,15.9,,,,,,,5,15,5,2014,31
2014-05-31 16:00:00,,,15.9,,,,,,,5,16,5,2014,31
2014-05-31 17:00:00,,,15.9,,,,,,,5,17,5,2014,31
2014-05-31 18:00:00,,,15.9,,,,,,,5,18,5,2014,31
2014-05-31 19:00:00,,,15.9,,,,,,,5,19,5,2014,31
2014-05-31 20:00:00,,,15.9,,,,,,,5,20,5,2014,31
2014-05-31 21:00:00,,,15.9,,,,,,,5,21,5,2014,31
2014-05-31 22:00:00,,,15.9,,,,,,,5,22,5,2014,31
2014-05-31 23:00:00,,,15.9,,,,,,,5,23,5,2014,31
2014-06-01 00:00:00,,,15.9,,,,,,,6,0,6,2014,1
2014-06-01 01:00:00,,,1.2,,,,,,,6,1,6,2014,1
2014-06-01 02:00:00,,,1.2,,,,,,,6,2,6,2014,1
2014-06-01 03:00:00,,,1.2,,,,,,,6,3,6,2014,1
2014-06-01 04:00:00,,,1.2,,,,,,,6,4,6,2014,1
2014-06-01 05:00:00,,,17.549999,,,,,,,6,5,6,2014,1
2014-06-01 06:00:00,,,17.549999,,,,,,,6,6,6,2014,1
2014-06-01 07:00:00,,,17.549999,,,,,,,6,7,6,2014,1
2014-06-01 08:00:00,,,17.549999,,,,,,,6,8,6,2014,1
2014-06-01 09:00:00,,,17.549999,,,,,,,6,9,6,2014,1
2014-06-01 10:00:00,,,17.549999,,,,,,,6,10,6,2014,1
2014-06-01 11:00:00,,,17.549999,,,,,,,6,11,6,2014,1
2014-06-01 12:00:00,4.490299,90.424973,17.549999,3.282653,1.406862,OSO,4.058926,19.164867,73.262787,6,12,6,2014,1
2014-06-01 13:00:00,6.138604,91.772415,17.549999,3.307764,1.40868,O,3.929231,19.488062,74.175522,6,13,6,2014,1
2014-06-01 14:00:00,5.37044,91.202705,17.549999,3.301589,1.40658,O,4.207834,19.875051,74.091614,6,14,6,2014,1
2014-06-01 15:00:00,4.519803,87.335526,17.549999,3.281945,1.405287,ONO,3.956598,20.896662,74.320847,6,15,6,2014,1
2014-06-01 16:00:00,2.792105,90.265945,17.549999,3.29891,,ONO,3.636387,19.798367,75.337982,6,16,6,2014,1
2014-06-01 17:00:00,2.587362,88.516998,17.549999,3.301279,,ONO,2.804082,20.469116,74.25441,6,17,6,2014,1
2014-06-01 18:00:00,3.300251,88.84333,17.549999,3.276344,1.404926,ONO,2.618647,19.626612,75.059563,6,18,6,2014,1
2014-06-01 19:00:00,5.358333,93.080826,17.549999,3.277935,1.404882,NO,2.366042,19.493284,76.406288,6,19,6,2014,1
2014-06-01 20:00:00,7.567084,93.405487,17.549999,3.293079,1.405665,NO,1.561058,18.708961,77.991898,6,20,6,2014,1
2014-06-01 21:00:00,10.524619,86.369911,17.549999,3.283873,1.408148,S,1.471808,18.219881,80.950287,6,21,6,2014,1
2014-06-01 22:00:00,14.5098,81.91362,17.549999,3.275052,1.407806,OSO,1.401557,17.86474,82.644485,6,22,6,2014,1
2014-06-01 23:00:00,13.503563,82.589073,17.549999,3.291883,1.40669,NNO,1.589126,17.688747,82.021332,6,23,6,2014,1
2014-06-02 00:00:00,7.355777,89.450302,17.549999,3.289715,1.403374,ONO,2.073152,17.461267,83.32933,6,0,0,2014,2
2014-06-02 01:00:00,5.696857,88.507355,1.2,3.292935,1.403073,ONO,1.62948,17.251663,85.765297,6,1,0,2014,2
2014-06-02 02:00:00,4.675552,86.061974,1.2,3.298358,1.402573,NO,1.298295,16.9496,87.845306,6,2,0,2014,2
2014-06-02 03:00:00,3.10414,85.431862,1.2,3.282007,,OSO,1.52281,16.8953,86.139328,6,3,0,2014,2
2014-06-02 04:00:00,4.431832,78.660484,1.2,3.28751,,NNO,1.887049,16.884989,86.359489,6,4,0,2014,2
2014-06-02 05:00:00,10.281375,67.131371,18.899998,3.283774,,N,1.796019,16.642517,87.592361,6,5,0,2014,2
2014-06-02 06:00:00,18.732519,55.638283,18.899998,3.307003,,NNE,1.457242,15.631801,86.907982,6,6,0,2014,2
2014-06-02 07:00:00,34.452274,32.574116,18.899998,5.474248,,NNE,1.757912,16.726089,76.680435,6,7,0,2014,2
2014-06-02 08:00:00,45.814906,39.15596,18.899998,8.145652,1.426162,NNE,2.295299,18.5348,66.567528,6,8,0,2014,2
2014-06-02 09:00:00,44.745711,47.367874,18.899998,10.313148,1.423822,O,1.924153,21.217957,54.947769,6,9,0,2014,2
2014-06-02 10:00:00,30.20496,69.623871,18.899998,9.036095,1.419333,S,2.412585,21.740538,49.006069,6,10,0,2014,2
2014-06-02 11:00:00,21.922119,79.344681,18.899998,10.761333,,E,3.429816,22.696716,40.775436,6,11,0,2014,2
2014-06-02 12:00:00,16.434021,94.178337,18.899998,3.365807,1.409232,S,3.264,23.398895,38.534866,6,12,0,2014,2
2014-06-02 13:00:00,10.005429,99.852592,18.899998,3.433898,1.406485,NO,2.969541,23.879934,36.977448,6,13,0,2014,2
2014-06-02 14:00:00,8.488611,106.315102,18.899998,3.416174,1.402346,NO,2.857959,23.904999,37.02459,6,14,0,2014,2
2014-06-02 15:00:00,6.60884,105.721161,18.899998,3.362531,1.401425,NO,2.809378,24.466118,35.907307,6,15,0,2014,2
2014-06-02 16:00:00,6.387346,103.91951,18.899998,3.33428,1.403956,ONO,3.284164,23.13163,42.739674,6,16,0,2014,2
2014-06-02 17:00:00,5.90704,102.434059,18.899998,3.322631,1.404022,ONO,3.724667,21.699396,51.828854,6,17,0,2014,2
2014-06-02 18:00:00,7.348337,103.889221,18.899998,3.330109,1.397979,ONO,2.624567,21.572412,55.328213,6,18,0,2014,2
2014-06-02 19:00:00,9.321918,91.192543,18.899998,3.299554,1.395264,NO,2.30367,21.253445,67.521469,6,19,0,2014,2
2014-06-02 20:00:00,15.437479,81.482834,18.899998,3.288679,1.404904,N,2.346714,19.379902,73.18222,6,20,0,2014,2
2014-06-02 21:00:00,16.830472,80.528748,18.899998,3.216501,1.40989,E,2.478544,18.462013,77.155678,6,21,0,2014,2
2014-06-02 22:00:00,14.013803,84.186371,18.899998,3.301506,1.408095,N,2.021066,18.163715,76.639702,6,22,0,2014,2
2014-06-02 23:00:00,10.638561,85.738533,18.899998,3.298684,1.406433,NNE,1.631498,17.934574,75.916161,6,23,0,2014,2
2014-06-03 00:00:00,12.732324,81.337067,18.899998,3.339342,1.405645,NNE,1.431594,17.82004,73.33252,6,0,1,2014,3
2014-06-03 01:00:00,12.304453,80.234039,1.2,3.442271,1.404632,O,1.300785,17.72514,74.910118,6,1,1,2014,3
2014-06-03 02:00:00,10.159595,82.24411,1.2,3.401455,1.398649,N,1.345723,17.410597,79.92347,6,2,1,2014,3
2014-06-03 03:00:00,7.858838,76.994179,1.2,3.366571,1.398135,NNE,1.254429,16.876171,82.363182,6,3,1,2014,3
2014-06-03 04:00:00,14.885533,61.847603,1.2,3.408199,1.402772,N,1.213385,16.127426,84.837677,6,4,1,2014,3
2014-06-03 05:00:00,27.589147,40.208679,18.899998,3.450131,1.39688,N,1.230462,16.078484,83.992203,6,5,1,2014,3
2014-06-03 06:00:00,43.000599,27.684753,18.899998,3.410455,1.401304,N,1.202809,16.135668,83.623253,6,6,1,2014,3
2014-06-03 07:00:00,44.986647,34.695927,18.899998,3.385421,1.401818,N,1.233428,16.894485,83.416969,6,7,1,2014,3
2014-06-03 08:00:00,36.19916,58.94392,18.899998,3.404079,1.427353,ONO,1.993987,18.05386,79.184921,6,8,1,2014,3
2014-06-03 09:00:00,15.082897,81.652161,18.899998,3.383731,,O,2.375922,18.714998,79.205399,6,9,1,2014,3
2014-06-03 10:00:00,9.038269,85.539413,18.899998,3.329624,,ONO,2.880382,19.456146,77.827675,6,10,1,2014,3
2014-06-03 11:00:00,5.648687,86.621483,18.899998,3.316725,1.406614,ONO,2.628556,20.5812,76.043045,6,11,1,2014,3
2014-06-03 12:00:00,7.897628,85.738998,18.899998,3.311457,,ONO,3.424669,21.24675,75.06617,6,12,1,2014,3
2014-06-03 13:00:00,4.634838,92.41555,18.899998,3.306931,1.406958,ONO,3.475308,21.240582,75.431694,6,13,1,2014,3
2014-06-03 14:00:00,5.166124,85.279602,18.899998,3.300502,,ONO,3.79123,21.251469,75.953499,6,14,1,2014,3
2014-06-03 15:00:00,4.756786,94.673508,18.899998,3.295167,1.404627,ONO,3.759441,21.207968,74.00563,6,15,1,2014,3
2014-06-03 16:00:00,5.287439,94.788818,18.899998,3.303636,1.404109,ONO,3.456252,21.269459,73.825462,6,16,1,2014,3
2014-06-03 17:00:00,6.524038,87.394951,18.899998,3.304657,,ONO,3.853909,20.887936,74.983414,6,17,1,2014,3
2014-06-03 18:00:00,8.517683,76.820435,18.899998,3.303415,,ONO,3.624686,19.496439,79.126884,6,18,1,2014,3
2014-06-03 19:00:00,7.391731,70.689125,18.899998,3.318588,,ONO,3.970336,18.295856,84.768349,6,19,1,2014,3
2014-06-03 20:00:00,5.040141,72.460983,18.899998,3.298836,,ONO,2.591806,17.796297,85.832687,6,20,1,2014,3
2014-06-03 21:00:00,7.846004,80.439476,18.899998,3.293688,1.403498,ONO,1.820969,17.53809,85.076347,6,21,1,2014,3
2014-06-03 22:00:00,5.929816,78.923615,18.899998,3.294665,1.402684,ONO,1.932992,17.341576,83.835777,6,22,1,2014,3
2014-06-03 23:00:00,3.468931,74.953873,18.899998,3.255851,1.401634,NO,1.518316,17.247524,82.349442,6,23,1,2014,3
2014-06-04 00:00:00,3.318684,76.016312,18.899998,3.293007,1.402446,ONO,1.592471,17.174774,80.543022,6,0,2,2014,4
2014-06-04 01:00:00,3.438867,68.661659,1.2,3.295536,1.401974,ONO,1.668801,16.78351,79.691872,6,1,2,2014,4
2014-06-04 02:00:00,2.1664,68.06163,1.2,3.269271,1.396268,ONO,1.756931,16.590557,79.749596,6,2,2,2014,4
2014-06-04 03:00:00,2.394336,67.676636,1.2,3.299709,1.392,ONO,1.413659,16.418566,81.232651,6,3,2,2014,4
2014-06-04 04:00:00,2.364521,70.801651,1.2,3.300633,1.392,SSO,1.377883,16.253595,79.510071,6,4,2,2014,4
2014-06-04 05:00:00,2.395451,67.430328,10.8,3.289128,1.392,NO,1.271676,15.817936,80.048241,6,5,2,2014,4
2014-06-04 06:00:00,6.65134,60.700653,10.8,3.298951,1.392,ONO,1.353335,15.520012,81.925934,6,6,2,2014,4
2014-06-04 07:00:00,6.444781,65.638161,10.8,3.290997,1.392,ONO,1.365093,16.005529,80.691628,6,7,2,2014,4
2014-06-04 08:00:00,7.815206,65.512604,10.8,3.291883,1.39814,ONO,1.877993,16.478905,76.842529,6,8,2,2014,4
2014-06-04 09:00:00,5.645882,66.084641,10.8,3.292679,1.392,ONO,2.172503,17.020012,73.641975,6,9,2,2014,4
2014-06-04 10:00:00,3.74746,66.262352,10.8,3.295803,1.392,ONO,2.884258,17.468288,70.648048,6,10,2,2014,4
2014-06-04 11:00:00,3.429464,67.151367,10.8,3.28806,1.394923,ONO,2.904137,17.937763,69.039856,6,11,2,2014,4
2014-06-04 12:00:00,4.345853,66.942047,10.8,3.303901,1.392,ONO,3.257198,18.243626,68.263268,6,12,2,2014,4
2014-06-04 13:00:00,3.793776,68.748489,10.8,3.314824,1.392,ONO,3.323427,18.770147,66.87719,6,13,2,2014,4
2014-06-04 14:00:00,2.388772,69.822983,10.8,3.312589,1.392,ONO,3.712711,18.472189,68.098671,6,14,2,2014,4
2014-06-04 15:00:00,2.419947,72.943176,10.8,3.294513,1.392,ONO,3.273311,18.862232,66.668869,6,15,2,2014,4
2014-06-04 16:00:00,3.023259,76.656693,10.8,3.314762,1.392,ONO,3.630667,18.69865,68.678406,6,16,2,2014,4
2014-06-04 17:00:00,3.061558,72.011566,10.8,3.299431,1.392,ONO,3.215718,19.065018,68.993729,6,17,2,2014,4
2014-06-04 18:00:00,3.730805,73.981987,10.8,3.31111,1.392,ONO,2.5273,18.892113,70.808212,6,18,2,2014,4
2014-06-04 19:00:00,4.114421,80.209854,10.8,3.308605,1.392,ONO,2.503259,18.309389,72.882607,6,19,2,2014,4
2014-06-04 20:00:00,5.032468,78.235321,10.8,3.308968,1.392,ONO,2.415804,17.28775,78.045418,6,20,2,2014,4
2014-06-04 21:00:00,8.494482,64.166779,10.8,3.322652,1.392,NO,1.314033,17.010412,79.77005,6,21,2,2014,4
2014-06-04 22:00:00,6.039485,65.42733,10.8,3.31409,1.392,OSO,1.286394,16.802504,81.197205,6,22,2,2014,4
2014-06-04 23:00:00,5.827712,71.089836,10.8,3.313916,1.392,NO,1.306725,16.616335,80.073044,6,23,2,2014,4
2014-06-05 00:00:00,5.6319,67.736374,10.8,3.308795,1.392,E,1.215082,16.275166,81.380646,6,0,3,2014,5
2014-06-05 01:00:00,7.346154,62.112892,1.2,3.318169,1.392,ONO,1.27782,16.167685,82.25,6,1,3,2014,5
2014-06-05 02:00:00,3.07611,65.220909,1.2,3.32282,1.392,ONO,1.361985,16.105042,83.757599,6,2,3,2014,5
2014-06-05 03:00:00,2.342735,67.577896,1.2,3.303153,1.392,ONO,1.355657,16.100529,84.340492,6,3,3,2014,5
2014-06-05 04:00:00,2.50239,65.67173,1.2,3.307487,1.392,OSO,1.302994,16.029169,84.217979,6,4,3,2014,5
2014-06-05 05:00:00,4.219041,63.116959,19.274998,3.315155,1.392,NNE,2.456043,16.074448,84.411308,6,5,3,2014,5
2014-06-05 06:00:00,11.363942,54.826614,19.274998,3.354596,1.392,NNE,2.432695,16.015196,84.886307,6,6,3,2014,5
2014-06-05 07:00:00,19.082346,46.024143,19.274998,3.376693,1.392,NE,3.099504,16.140314,84.343956,6,7,3,2014,5
2014-06-05 08:00:00,32.324562,35.46661,19.274998,3.386722,1.392,OSO,2.022048,16.886482,81.86245,6,8,3,2014,5
2014-06-05 09:00:00,17.078126,53.450623,19.274998,3.43369,1.392,NO,2.285462,17.361317,80.815155,6,9,3,2014,5
2014-06-05 10:00:00,10.1674,65.602966,19.274998,3.389757,1.392,SO,2.402839,17.535038,82.519539,6,10,3,2014,5
2014-06-05 11:00:00,10.250974,70.177544,19.274998,3.36927,1.392,SO,2.599367,18.209538,78.902634,6,11,3,2014,5
2014-06-05 12:00:00,8.957088,70.93676,19.274998,3.374941,1.418112,S,2.416312,18.640591,77.259544,6,12,3,2014,5
2014-06-05 13:00:00,17.091944,68.877106,19.274998,3.340515,1.392,E,2.964206,19.246845,70.98671,6,13,3,2014,5
2014-06-05 14:00:00,25.940007,58.577778,19.274998,6.919887,1.392,NNE,3.754865,20.33231,62.433388,6,14,3,2014,5
2014-06-05 15:00:00,43.518697,50.513359,19.274998,25.627105,1.392,ESE,2.440665,21.929827,55.230499,6,15,3,2014,5
2014-06-05 16:00:00,49.027087,45.05405,19.274998,10.538213,1.392,ONO,2.388184,21.980783,57.975006,6,16,3,2014,5
2014-06-05 17:00:00,46.619514,40.137196,19.274998,6.574662,1.392,SE,2.441059,20.551365,65.909576,6,17,3,2014,5
2014-06-05 18:00:00,26.056814,55.183411,19.274998,4.343382,1.392,SSO,1.660226,18.977276,70.23217,6,18,3,2014,5
2014-06-05 19:00:00,30.144158,51.546726,19.274998,3.182592,1.392,SSE,1.977735,19.14764,71.302299,6,19,3,2014,5
2014-06-05 20:00:00,16.492109,56.71611,19.274998,3.395602,1.392,SO,2.570409,18.249084,81.570244,6,20,3,2014,5
2014-06-05 21:00:00,19.880097,54.309105,19.274998,3.358395,1.392,SSO,2.158118,17.644623,86.983047,6,21,3,2014,5
2014-06-05 22:00:00,20.618652,50.025002,19.274998,3.339369,1.392,S,2.106864,17.504375,88.31115,6,22,3,2014,5
2014-06-05 23:00:00,8.723325,61.468239,19.274998,3.3377,1.392,SSO,2.623838,17.443089,89.062004,6,23,3,2014,5
2014-06-06 00:00:00,4.87394,65.501022,19.274998,3.327349,1.392,S,2.743578,17.25631,88.304367,6,0,4,2014,6
2014-06-06 01:00:00,3.14143,70.517509,1.2,3.349147,1.392,SSO,2.720326,17.300301,87.642822,6,1,4,2014,6
2014-06-06 02:00:00,2.382349,84.367012,1.2,3.321718,1.392,SSO,2.572262,17.118877,88.651779,6,2,4,2014,6
2014-06-06 03:00:00,2.42847,77.926788,1.2,3.32238,1.392,S,1.950251,16.787479,89.526993,6,3,4,2014,6
2014-06-06 04:00:00,2.265184,72.929893,1.2,3.327568,1.392,S,2.140119,16.354939,91.22261,6,4,4,2014,6
2014-06-06 05:00:00,2.592775,72.947144,11.250001,3.32199,1.392,SSO,2.073916,16.297146,90.237602,6,5,4,2014,6
2014-06-06 06:00:00,7.705646,64.292542,11.250001,3.325968,1.392,S,1.911675,16.296331,87.725883,6,6,4,2014,6
2014-06-06 07:00:00,20.507845,54.572258,11.250001,3.309156,1.392,S,1.76708,16.592253,84.838081,6,7,4,2014,6
2014-06-06 08:00:00,18.027579,63.862762,11.250001,3.325271,1.392,SSO,2.137803,17.005394,81.324371,6,8,4,2014,6
2014-06-06 09:00:00,12.620604,76.719734,11.250001,3.324174,1.392,SO,2.143131,17.497999,73.84565,6,9,4,2014,6
2014-06-06 10:00:00,12.883135,75.332352,11.250001,3.3265,1.392,SO,2.358598,17.801554,71.159584,6,10,4,2014,6
2014-06-06 11:00:00,9.718355,71.925667,11.250001,3.326091,1.392,OSO,2.905532,18.039549,67.972496,6,11,4,2014,6
2014-06-06 12:00:00,9.924327,67.764542,11.250001,3.325149,1.392,OSO,3.256917,18.820377,64.352936,6,12,4,2014,6
2014-06-06 13:00:00,6.584437,69.649788,11.250001,3.319058,1.392,OSO,3.804978,19.310202,60.195023,6,13,4,2014,6
2014-06-06 14:00:00,5.405038,65.430984,11.250001,3.328521,1.392,OSO,4.231884,19.422602,61.793022,6,14,4,2014,6
2014-06-06 15:00:00,5.450139,67.101074,11.250001,3.316453,1.392,OSO,4.423024,19.322243,61.642925,6,15,4,2014,6
2014-06-06 16:00:00,5.742684,65.276932,11.250001,3.3216,1.392,OSO,4.162497,19.327976,62.059219,6,16,4,2014,6
2014-06-06 17:00:00,8.074263,61.73748,11.250001,3.310258,1.392,O,3.87326,19.21917,60.349239,6,17,4,2014,6
2014-06-06 18:00:00,7.557115,65.639137,11.250001,3.282773,1.392,OSO,3.741282,18.977549,61.389053,6,18,4,2014,6
2014-06-06 19:00:00,7.811925,59.499329,11.250001,3.300101,1.392,OSO,3.029224,18.644724,63.827667,6,19,4,2014,6
2014-06-06 20:00:00,8.324884,59.608135,11.250001,3.313313,1.392,SO,1.986316,18.033579,69.140121,6,20,4,2014,6
2014-06-06 21:00:00,9.651707,52.290119,11.250001,3.309607,1.392,OSO,1.608534,17.532969,71.451637,6,21,4,2014,6
2014-06-06 22:00:00,8.3919,47.281593,11.250001,3.301719,1.392,OSO,1.236189,17.325567,71.548569,6,22,4,2014,6
2014-06-06 23:00:00,6.557622,41.501339,11.250001,3.309406,1.392,E,1.255135,16.660767,73.097717,6,23,4,2014,6
2014-06-07 00:00:00,6.662026,37.197716,11.250001,3.32105,1.392,ONO,1.23913,16.026691,76.309662,6,0,5,2014,7
2014-06-07 01:00:00,17.590896,26.109612,1.2,3.316626,1.392,N,1.23266,16.209978,75.378983,6,1,5,2014,7
2014-06-07 02:00:00,23.643845,18.134298,1.2,3.305612,1.392,O,1.197363,15.302097,78.879402,6,2,5,2014,7
2014-06-07 03:00:00,35.610635,7.500674,1.2,3.318847,1.392,SE,1.274241,14.746914,80.843048,6,3,5,2014,7
2014-06-07 04:00:00,32.748153,7.866676,1.2,3.222356,1.392,SE,1.295339,14.870031,81.245216,6,4,5,2014,7
2014-06-07 05:00:00,30.059049,10.276464,19.649998,4.390327,1.392,SE,1.259584,15.162496,80.884636,6,5,5,2014,7
2014-06-07 06:00:00,33.401043,9.696014,19.649998,6.932562,1.392,SSE,1.228838,15.748745,77.523102,6,6,5,2014,7
2014-06-07 07:00:00,33.650489,12.073594,19.649998,6.112343,1.392,SE,1.13791,16.127018,75.63298,6,7,5,2014,7
2014-06-07 08:00:00,27.052945,24.518372,19.649998,12.699319,1.392,N,1.256286,17.664124,69.390282,6,8,5,2014,7
2014-06-07 09:00:00,6.581174,41.042328,19.649998,6.535666,1.392,SO,1.473352,18.845375,61.303692,6,9,5,2014,7
2014-06-07 10:00:00,5.636523,44.713387,19.649998,4.011117,1.392,ONO,1.973573,19.367895,59.056541,6,10,5,2014,7
2014-06-07 11:00:00,5.657491,46.693192,19.649998,2.940989,1.392,ONO,2.899899,19.640553,57.562305,6,11,5,2014,7
2014-06-07 12:00:00,5.210782,53.045658,19.649998,3.311764,1.392,ONO,3.293321,20.131933,56.834724,6,12,5,2014,7
2014-06-07 13:00:00,5.675649,45.607395,19.649998,3.404565,1.392,O,3.291116,21.225185,57.100765,6,13,5,2014,7
2014-06-07 14:00:00,4.637669,46.396488,19.649998,3.370678,1.392,O,3.54019,20.908035,57.457264,6,14,5,2014,7
2014-06-07 15:00:00,5.222433,49.950504,19.649998,3.361081,1.392,O,3.707936,21.240295,57.475853,6,15,5,2014,7
2014-06-07 16:00:00,4.543932,52.92984,19.649998,3.349681,1.392,ONO,3.838526,21.230844,60.495857,6,16,5,2014,7
2014-06-07 17:00:00,4.857113,48.590694,19.649998,3.339786,1.392,ONO,3.868632,20.135891,64.061562,6,17,5,2014,7
2014-06-07 18:00:00,4.487671,46.405659,19.649998,3.33871,1.392,ONO,4.268729,19.20747,69.948822,6,18,5,2014,7
2014-06-07 19:00:00,6.971807,43.80439,19.649998,3.324452,1.392,O,3.451316,18.882648,75.006477,6,19,5,2014,7
2014-06-07 20:00:00,7.853958,42.978977,19.649998,3.33117,1.392,ONO,2.415477,18.240673,78.206314,6,20,5,2014,7
2014-06-07 21:00:00,10.281776,40.480644,19.649998,3.324412,1.392,ONO,1.735155,17.828587,80.865143,6,21,5,2014,7
2014-06-07 22:00:00,10.35737,34.222485,19.649998,3.313174,1.392,NO,1.270911,17.550842,81.960625,6,22,5,2014,7
2014-06-07 23:00:00,21.446337,24.426449,19.649998,3.31072,1.392,SSE,1.224343,17.24844,83.14991,6,23,5,2014,7
2014-06-08 00:00:00,11.84356,28.73712,19.649998,3.312421,1.392,E,1.234605,17.087099,82.956352,6,0,6,2014,8
2014-06-08 01:00:00,22.929202,16.930155,1.2,3.31524,1.392,NNE,1.303795,16.943462,82.921043,6,1,6,2014,8
2014-06-08 02:00:00,8.150178,34.444397,1.2,3.38466,1.392,NNE,1.151964,16.681828,83.163925,6,2,6,2014,8
2014-06-08 03:00:00,10.995198,31.604927,1.2,3.380904,1.392,N,1.230556,16.495049,83.615623,6,3,6,2014,8
2014-06-08 04:00:00,17.155478,24.377447,1.2,3.371954,1.392,N,1.2,16.2693,86.14473,6,4,6,2014,8
2014-06-08 05:00:00,10.919363,31.080524,11.175,3.355798,1.392,ONO,1.424347,16.49176,88.590797,6,5,6,2014,8
2014-06-08 06:00:00,9.61981,28.781412,11.175,3.349985,1.392,SO,1.308762,16.351311,90.904701,6,6,6,2014,8
2014-06-08 07:00:00,9.814708,27.368267,11.175,3.333799,1.392,NNO,1.154422,16.434372,91.634689,6,7,6,2014,8
2014-06-08 08:00:00,5.472131,39.430103,11.175,3.325218,1.392,NNE,1.892129,17.641975,84.186844,6,8,6,2014,8
2014-06-08 09:00:00,4.104357,43.199718,11.175,3.344234,1.392,OSO,2.003446,19.569836,66.721451,6,9,6,2014,8
2014-06-08 10:00:00,3.151849,46.250286,11.175,3.335735,1.392,ONO,2.750272,19.362129,68.331703,6,10,6,2014,8
2014-06-08 11:00:00,2.621802,47.47718,11.175,3.343011,1.39403,OSO,2.401263,21.215033,62.412315,6,11,6,2014,8
2014-06-08 12:00:00,2.297237,46.915203,11.175,3.319838,1.394161,NO,2.81358,21.40431,61.848797,6,12,6,2014,8
2014-06-08 13:00:00,2.333588,50.517509,11.175,3.324107,1.392,NO,3.142818,21.335627,62.021709,6,13,6,2014,8
2014-06-08 14:00:00,2.53958,52.586864,11.175,3.333351,1.392,ONO,3.717635,21.230692,65.233551,6,14,6,2014,8
2014-06-08 15:00:00,2.45164,51.587669,11.175,3.324484,1.392,ONO,3.724568,20.892015,69.350906,6,15,6,2014,8
2014-06-08 16:00:00,2.487175,54.381878,11.175,3.315545,1.392,ONO,4.225059,20.54031,72.502167,6,16,6,2014,8
2014-06-08 17:00:00,2.287832,53.66024,11.175,3.322839,1.392,ONO,4.195393,19.480972,73.212662,6,17,6,2014,8
2014-06-08 18:00:00,2.626907,59.952484,11.175,3.306803,1.392,ONO,4.080368,18.75061,75.714157,6,18,6,2014,8
2014-06-08 19:00:00,3.512003,64.321381,11.175,3.318396,1.392,ONO,3.075866,18.791311,72.045349,6,19,6,2014,8
2014-06-08 20:00:00,5.339082,65.80925,11.175,3.303706,1.392,ONO,2.466645,18.099308,73.654694,6,20,6,2014,8
2014-06-08 21:00:00,7.875552,63.03825,11.175,3.29549,1.397352,ONO,1.741576,17.663988,75.928299,6,21,6,2014,8
2014-06-08 22:00:00,7.55724,63.278393,11.175,3.293507,1.39447,ONO,1.660432,17.447634,76.583267,6,22,6,2014,8
2014-06-08 23:00:00,6.565797,62.743279,11.175,3.310159,1.399147,NO,1.149966,17.28134,76.035751,6,23,6,2014,8
2014-06-09 00:00:00,5.848949,61.614433,11.175,3.300115,1.392,NO,1.219218,17.025574,77.656799,6,0,0,2014,9
2014-06-09 01:00:00,3.151187,63.727631,1.2,3.307938,1.392,E,1.3187,16.715237,78.860565,6,1,0,2014,9
2014-06-09 02:00:00,2.352333,66.064087,1.2,3.315531,1.392,NO,1.213578,16.539074,79.537003,6,2,0,2014,9
2014-06-09 03:00:00,2.343106,66.147598,1.2,3.312554,1.392,ONO,1.428171,16.623016,78.163513,6,3,0,2014,9
2014-06-09 04:00:00,2.369995,67.256783,1.2,3.303882,1.392,ONO,1.281428,16.509701,76.825874,6,4,0,2014,9
2014-06-09 05:00:00,3.134556,65.141647,8.7675,3.298337,1.392,ONO,1.221569,16.022352,77.241249,6,5,0,2014,9
2014-06-09 06:00:00,6.47701,60.951904,8.7675,3.303647,1.392,ONO,1.278567,15.93488,77.861717,6,6,0,2014,9
2014-06-09 07:00:00,10.222192,61.174019,8.7675,3.313673,1.392,E,1.436332,17.163954,73.348564,6,7,0,2014,9
2014-06-09 08:00:00,8.403618,64.063477,8.7675,3.315069,1.392,OSO,1.922272,17.854702,68.761871,6,8,0,2014,9
2014-06-09 09:00:00,4.220867,70.087883,8.7675,3.306477,1.392,E,2.427308,19.057795,62.47081,6,9,0,2014,9
2014-06-09 10:00:00,3.340708,72.114922,8.7675,3.308624,1.392,NO,2.503256,19.339914,61.662498,6,10,0,2014,9
2014-06-09 11:00:00,2.82379,72.877304,8.7675,3.301976,1.392,NO,2.973099,19.778614,59.857754,6,11,0,2014,9
2014-06-09 12:00:00,3.127134,71.374817,8.7675,3.319854,1.392,NO,2.806329,20.550507,54.947159,6,12,0,2014,9
2014-06-09 13:00:00,2.453615,70.204048,8.7675,3.319934,1.39724,ONO,3.398654,20.336637,57.090591,6,13,0,2014,9
2014-06-09 14:00:00,2.362372,70.40400700000001,8.7675,3.305727,1.399422,ONO,3.722424,20.188726,61.845787,6,14,0,2014,9
2014-06-09 15:00:00,2.437446,70.188538,8.7675,3.299004,1.399248,ONO,3.64312,20.885807,61.705063,6,15,0,2014,9
2014-06-09 16:00:00,2.128145,67.156204,8.7675,3.307559,1.399637,ONO,4.490523,20.074524,65.174332,6,16,0,2014,9
2014-06-09 17:00:00,2.410655,65.255943,8.7675,3.307335,1.400388,ONO,4.247737,19.462692,66.239456,6,17,0,2014,9
2014-06-09 18:00:00,2.468902,61.899937,8.7675,3.315352,1.400801,ONO,3.443272,19.34663,68.366272,6,18,0,2014,9
2014-06-09 19:00:00,3.667483,60.234081,8.7675,3.293007,1.40193,ONO,2.361132,18.927147,70.237068,6,19,0,2014,9
2014-06-09 20:00:00,5.109779,57.973427,8.7675,3.295341,1.401335,ONO,2.443189,18.302334,73.094154,6,20,0,2014,9
2014-06-09 21:00:00,5.797001,55.869843,8.7675,3.295405,1.401403,ONO,1.980832,17.760345,76.964966,6,21,0,2014,9
2014-06-09 22:00:00,6.09689,57.408173,8.7675,3.29325,1.401819,NNO,1.445753,17.753428,77.401848,6,22,0,2014,9
2014-06-09 23:00:00,5.071544,56.211578,8.7675,3.297229,1.400122,NO,1.652174,17.489182,79.211205,6,23,0,2014,9
2014-06-10 00:00:00,3.25341,57.566132,8.7675,3.305917,1.400101,OSO,1.241701,17.231245,80.5345,6,0,1,2014,10
2014-06-10 01:00:00,3.038873,59.139656,1.2,3.315769,1.398863,ONO,1.692437,17.173859,81.516556,6,1,1,2014,10
2014-06-10 02:00:00,2.25101,59.709332,1.2,3.318994,1.398878,ONO,1.574401,16.97246,82.802536,6,2,1,2014,10
2014-06-10 03:00:00,2.386358,62.724228,1.2,3.313556,1.398169,NO,1.202327,16.841984,82.457062,6,3,1,2014,10
2014-06-10 04:00:00,2.386562,62.533199,1.2,3.317382,1.398005,NNO,1.50448,16.915174,80.567528,6,4,1,2014,10
2014-06-10 05:00:00,2.471872,61.666977,8.752501,3.306589,1.39804,SO,1.170053,16.670296,81.428787,6,5,1,2014,10
2014-06-10 06:00:00,4.835281,56.720253,8.752501,3.307935,1.399615,NNO,1.202673,16.411884,82.260071,6,6,1,2014,10
2014-06-10 07:00:00,9.556119,51.971706,8.752501,3.311382,1.40164,S,1.25594,17.225243,80.193855,6,7,1,2014,10
2014-06-10 08:00:00,7.415245,57.260094,8.752501,3.313465,1.402093,NO,2.169243,17.922365,76.319633,6,8,1,2014,10
2014-06-10 09:00:00,5.718164,61.10981,8.752501,3.322276,1.401287,NO,2.250356,18.308304,73.658424,6,9,1,2014,10
2014-06-10 10:00:00,3.707381,64.760834,8.752501,3.316858,1.399889,NO,2.677718,18.974123,71.301285,6,10,1,2014,10
2014-06-10 11:00:00,2.823398,66.527908,8.752501,3.310752,1.399637,ONO,2.897326,19.47636,68.284668,6,11,1,2014,10
2014-06-10 12:00:00,2.863122,66.289749,8.752501,3.322815,1.399936,ONO,2.785488,20.429108,67.858673,6,12,1,2014,10
2014-06-10 13:00:00,3.138239,71.990654,8.752501,3.310952,1.399897,ONO,3.577996,19.327398,71.232513,6,13,1,2014,10
2014-06-10 14:00:00,2.4619,76.492142,8.752501,3.321141,1.399202,ONO,3.456895,20.02379,71.51136,6,14,1,2014,10
2014-06-10 15:00:00,2.365157,75.121033,8.752501,3.31948,1.399714,ONO,4.319817,19.947742,72.021652,6,15,1,2014,10
2014-06-10 16:00:00,2.857608,79.659775,8.752501,3.321304,1.400155,ONO,3.634582,19.583979,73.809425,6,16,1,2014,10
2014-06-10 17:00:00,3.694964,77.436546,8.752501,3.318442,1.400011,ONO,3.079678,19.118439,75.693428,6,17,1,2014,10
2014-06-10 18:00:00,2.982622,75.87925,8.752501,3.315214,1.400565,NO,2.210305,19.524387,74.397537,6,18,1,2014,10
2014-06-10 19:00:00,4.087127,82.813652,8.752501,3.326911,1.400745,NO,2.149926,18.815969,77.395096,6,19,1,2014,10
2014-06-10 20:00:00,6.362711,78.349548,8.752501,3.330758,1.401242,ONO,2.39131,18.229584,80.387131,6,20,1,2014,10
2014-06-10 21:00:00,7.900692,69.963409,8.752501,3.32976,1.40172,NO,1.9694,17.692783,83.608032,6,21,1,2014,10
2014-06-10 22:00:00,8.214637,69.823486,8.752501,3.319397,1.401553,ONO,1.271665,17.524555,82.36763,6,22,1,2014,10
2014-06-10 23:00:00,8.744689,68.839417,8.752501,3.324198,1.4012,ONO,1.607605,17.583164,81.446037,6,23,1,2014,10
2014-06-11 00:00:00,6.820564,73.493835,8.752501,3.313451,1.399327,ONO,2.073384,17.271843,82.162323,6,0,2,2014,11
2014-06-11 01:00:00,3.882969,74.853218,6.65,3.310933,1.399221,SO,1.311286,17.229515,82.208588,6,1,2,2014,11
2014-06-11 02:00:00,6.475437,64.345879,6.65,3.324292,1.399293,S,1.587179,17.264992,83.135429,6,2,2,2014,11
2014-06-11 03:00:00,8.599383,62.898033,6.65,3.316639,1.398908,S,1.499478,17.181726,83.009804,6,3,2,2014,11
2014-06-11 04:00:00,10.377765,59.787926,6.65,3.324569,1.39885,SSE,1.168797,17.059933,83.280258,6,4,2,2014,11
2014-06-11 05:00:00,6.564194,61.79678,23.0,3.331664,1.39907,ONO,1.220677,16.903677,84.3508,6,5,2,2014,11
2014-06-11 06:00:00,10.438129,54.087498,23.0,3.333495,1.400542,ONO,1.199472,16.822412,86.496979,6,6,2,2014,11
2014-06-11 07:00:00,18.641141,46.727543,23.0,3.316602,1.405296,ONO,1.208478,17.044804,87.727486,6,7,2,2014,11
2014-06-11 08:00:00,12.93688,62.093552,23.0,3.32026,1.403614,ONO,1.60441,17.7829,86.325943,6,8,2,2014,11
2014-06-11 09:00:00,7.937572,64.459427,23.0,3.32329,1.402424,NO,1.494297,18.628851,83.550369,6,9,2,2014,11
2014-06-11 10:00:00,4.196211,67.633606,23.0,3.337348,1.402072,NO,2.078923,20.439743,77.676468,6,10,2,2014,11
2014-06-11 11:00:00,4.956687,71.0345,23.0,3.330905,1.40139,NNO,2.189462,21.265245,75.872276,6,11,2,2014,11
2014-06-11 12:00:00,6.648391,74.174667,23.0,3.32152,1.403832,ONO,2.522273,21.224098,72.616302,6,12,2,2014,11
2014-06-11 13:00:00,5.562678,81.849251,23.0,3.312624,1.40217,NO,2.795865,21.523979,68.873772,6,13,2,2014,11
2014-06-11 14:00:00,5.537109,82.916901,23.0,3.329172,1.402891,ONO,3.082598,21.811764,70.798752,6,14,2,2014,11
2014-06-11 15:00:00,4.51643,92.020775,23.0,3.333663,1.40251,ONO,3.644824,21.182468,74.097778,6,15,2,2014,11
2014-06-11 16:00:00,5.0113,90.872795,23.0,3.341548,1.402761,ONO,4.203879,21.205746,78.229111,6,16,2,2014,11
2014-06-11 17:00:00,7.014933,83.95607,23.0,3.315547,1.405077,ONO,3.386909,21.214203,82.70459,6,17,2,2014,11
2014-06-11 18:00:00,12.119722,81.528732,23.0,3.325434,1.408788,ONO,2.786537,21.223316,83.408081,6,18,2,2014,11
2014-06-11 19:00:00,13.500273,81.201286,23.0,3.328588,1.410971,ONO,2.708379,20.082537,85.412361,6,19,2,2014,11
2014-06-11 20:00:00,12.078442,76.603889,23.0,3.255315,1.409531,O,2.204843,19.357552,86.592697,6,20,2,2014,11
2014-06-11 21:00:00,13.546562,74.704208,23.0,3.284578,1.409866,SO,1.718834,19.00407,88.06234,6,21,2,2014,11
2014-06-11 22:00:00,10.12753,81.272705,23.0,3.326481,1.407398,SO,2.037166,18.921856,89.381973,6,22,2,2014,11
2014-06-11 23:00:00,9.022624,84.840393,23.0,3.32054,1.406191,SO,1.888865,18.821362,91.242004,6,23,2,2014,11
2014-06-12 00:00:00,5.401079,87.632706,23.0,3.329589,1.402496,SSO,1.86651,18.731144,91.18309,6,0,3,2014,12
2014-06-12 01:00:00,3.12756,86.277481,48.599991,3.319253,1.401152,SO,1.824109,18.608736,91.142349,6,1,3,2014,12
2014-06-12 02:00:00,2.328305,85.327782,48.599991,3.332497,1.399871,S,1.856968,18.45055,91.289505,6,2,3,2014,12
2014-06-12 03:00:00,2.45413,83.492607,48.599991,3.335412,1.399685,SSE,2.779735,18.334656,90.288811,6,3,3,2014,12
2014-06-12 04:00:00,4.033446,76.572548,48.599991,3.325354,1.400368,SSE,2.621889,18.348259,88.34565,6,4,3,2014,12
2014-06-12 05:00:00,4.282281,73.594612,48.599991,3.315414,1.400658,SSE,2.527707,18.253517,87.732277,6,5,3,2014,12
2014-06-12 06:00:00,,,48.599991,,,,,,,6,6,3,2014,12
2014-06-12 07:00:00,22.588232,51.580009,48.599991,1.220884,0.191174,S,1.866372,18.561481,84.710144,6,7,3,2014,12
2014-06-12 08:00:00,22.140241,56.063385,48.599991,1.346623,0.210404,S,1.971063,19.068981,82.111443,6,8,3,2014,12
2014-06-12 09:00:00,24.919678,54.837708,48.599991,1.261492,0.207457,S,1.364977,20.520039,75.697769,6,9,3,2014,12
2014-06-12 10:00:00,19.226612,63.650501,48.599991,1.288953,0.170108,S,1.20137,22.745617,66.235779,6,10,3,2014,12
2014-06-12 11:00:00,25.172314,61.719482,48.599991,1.255068,0.256677,ONO,1.915711,23.535202,64.535393,6,11,3,2014,12
2014-06-12 12:00:00,30.919436,66.825592,48.599991,1.447727,0.285283,ONO,2.365511,23.83075,64.436409,6,12,3,2014,12
2014-06-12 13:00:00,24.313009,80.363541,48.599991,1.458733,0.246262,NO,2.090987,23.182056,66.645187,6,13,3,2014,12
2014-06-12 14:00:00,31.432354,96.973145,48.599991,1.227685,0.301787,ONO,2.12533,23.635796,64.398239,6,14,3,2014,12
2014-06-12 15:00:00,17.102643,88.658966,48.599991,1.216861,0.188619,ONO,2.357366,23.982397,62.015667,6,15,3,2014,12
2014-06-12 16:00:00,12.127622,72.767029,48.599991,1.377178,0.145766,ONO,1.914495,24.257824,62.681152,6,16,3,2014,12
2014-06-12 17:00:00,12.938344,67.180832,48.599991,1.355799,0.150273,ONO,2.367854,23.357679,64.809723,6,17,3,2014,12
2014-06-12 18:00:00,10.470692,72.821098,48.599991,1.368677,0.136888,ONO,1.998995,22.803581,66.577629,6,18,3,2014,12
2014-06-12 19:00:00,20.415363,57.854767,48.599991,1.389743,0.266411,ONO,2.209004,22.143265,72.21563,6,19,3,2014,12
2014-06-12 20:00:00,27.761736,47.758675,48.599991,1.36876,0.330499,O,0.903423,21.234835,78.426468,6,20,3,2014,12
2014-06-12 21:00:00,41.427011,27.120113,48.599991,1.396127,0.463987,E,0.619097,21.023834,79.507462,6,21,3,2014,12
2014-06-12 22:00:00,55.845189,12.345318,48.599991,1.48911,0.573064,ONO,0.810089,20.925207,81.540459,6,22,3,2014,12
2014-06-12 23:00:00,54.756424,19.246204,48.599991,1.553118,0.66159,OSO,0.85538,20.901295,80.016678,6,23,3,2014,12
2014-06-13 00:00:00,27.182224,36.251259,48.599991,1.315947,0.341555,SSO,1.546035,20.778378,79.432434,6,0,4,2014,13
2014-06-13 01:00:00,10.783596,54.284809,59.5,1.33944,0.209457,SO,1.475597,20.266342,82.533775,6,1,4,2014,13
2014-06-13 02:00:00,5.173436,58.239464,59.5,1.257031,0.156905,SO,1.680047,19.726257,88.135735,6,2,4,2014,13
2014-06-13 03:00:00,2.618415,63.578068,59.5,1.240832,0.112426,S,1.369135,19.162857,91.565964,6,3,4,2014,13
2014-06-13 04:00:00,3.673894,57.805454,59.5,1.457783,0.135599,SSE,1.422829,18.569798,93.12532,6,4,4,2014,13
2014-06-13 05:00:00,7.578114,50.131065,59.5,1.230603,0.145652,SE,1.466882,18.288662,94.283844,6,5,4,2014,13
2014-06-13 06:00:00,19.079693,31.333416,59.5,1.051182,0.19106,SE,1.560204,17.714813,95.047005,6,6,4,2014,13
2014-06-13 07:00:00,36.362995,12.064668,59.5,1.377317,0.310292,ESE,1.051539,17.670557,95.041092,6,7,4,2014,13
2014-06-13 08:00:00,53.843345,16.762589,59.5,1.684095,0.390877,ESE,1.242576,19.532997,90.229408,6,8,4,2014,13
2014-06-13 09:00:00,39.887107,49.461929,59.5,1.895422,0.306594,ESE,1.803663,23.746937,62.673889,6,9,4,2014,13
2014-06-13 10:00:00,45.30816,56.075424,59.5,2.664318,0.288308,SSE,1.649379,27.825497,40.092075,6,10,4,2014,13
2014-06-13 11:00:00,46.286963,47.972717,59.5,2.861794,0.506701,ONO,2.501838,26.775297,53.519024,6,11,4,2014,13
2014-06-13 12:00:00,59.295756,68.156982,59.5,1.934324,0.514966,ONO,2.523874,24.696571,63.557854,6,12,4,2014,13
2014-06-13 13:00:00,41.748582,104.1828,59.5,1.740079,0.448771,ONO,2.691077,25.306942,60.180603,6,13,4,2014,13
2014-06-13 14:00:00,24.466793,118.181511,59.5,1.654594,0.318565,ONO,2.499965,25.817148,58.105812,6,14,4,2014,13
2014-06-13 15:00:00,18.394981,107.463928,59.5,1.406535,0.251166,ONO,2.814887,25.931555,56.766613,6,15,4,2014,13
2014-06-13 16:00:00,12.547501,87.948547,59.5,1.48683,0.178175,ONO,2.319056,25.010103,62.740089,6,16,4,2014,13
2014-06-13 17:00:00,10.887798,80.617599,59.5,1.425102,0.15826,ONO,2.226903,24.677073,64.222107,6,17,4,2014,13
2014-06-13 18:00:00,13.867696,97.481026,59.5,1.40721,0.161641,ONO,1.717548,26.028994,51.718925,6,18,4,2014,13
2014-06-13 19:00:00,28.791597,81.521812,59.5,1.958405,0.289769,ONO,1.427433,26.140343,48.80545,6,19,4,2014,13
2014-06-13 20:00:00,29.866941,80.630867,59.5,1.887089,0.228833,ONO,1.10128,24.096891,51.575523,6,20,4,2014,13
2014-06-13 21:00:00,47.09552,53.677818,59.5,1.774576,0.425685,N,0.419207,23.892447,53.626808,6,21,4,2014,13
2014-06-13 22:00:00,53.545042,33.907291,59.5,1.588567,0.656113,SO,1.424735,22.950851,70.162216,6,22,4,2014,13
2014-06-13 23:00:00,20.182138,64.559784,59.5,1.454023,0.288643,OSO,1.40807,21.466925,81.283066,6,23,4,2014,13
2014-06-14 00:00:00,11.6478,71.195625,59.5,1.463181,0.20363,SO,1.470598,20.771603,86.357719,6,0,5,2014,14
2014-06-14 01:00:00,7.600224,66.952232,42.900002,1.213339,0.175899,S,1.51083,20.215706,88.76519,6,1,5,2014,14
2014-06-14 02:00:00,4.393695,67.425262,42.900002,1.292216,0.14899,S,1.569202,19.935486,89.627563,6,2,5,2014,14
2014-06-14 03:00:00,4.469022,67.15625,42.900002,1.283797,0.125627,SSO,1.217337,19.672392,90.785271,6,3,5,2014,14
2014-06-14 04:00:00,4.430333,61.826477,42.900002,1.214711,0.134615,SSO,0.733765,19.316471,91.755493,6,4,5,2014,14
2014-06-14 05:00:00,6.622839,60.104683,42.900002,1.395123,0.1857,OSO,0.938702,19.030212,92.82634,6,5,5,2014,14
2014-06-14 06:00:00,17.744907,45.910629,42.900002,1.497446,0.188251,SSE,1.512607,18.403196,93.691284,6,6,5,2014,14
2014-06-14 07:00:00,34.887423,25.834579,42.900002,1.547751,0.308166,SE,1.599047,17.992432,94.737213,6,7,5,2014,14
2014-06-14 08:00:00,43.449614,28.537766,42.900002,1.630062,0.388813,S,1.231153,19.255728,93.550598,6,8,5,2014,14
2014-06-14 09:00:00,37.72588,48.82539,42.900002,1.597776,0.411583,SO,1.183943,22.588894,72.530449,6,9,5,2014,14
2014-06-14 10:00:00,21.95316,66.310524,42.900002,1.588009,0.295544,OSO,2.076462,23.887634,64.920128,6,10,5,2014,14
2014-06-14 11:00:00,16.417323,78.332535,42.900002,1.537202,0.236193,O,2.42535,24.136377,60.215946,6,11,5,2014,14
2014-06-14 12:00:00,13.084216,89.727203,42.900002,1.461264,0.219005,O,2.848232,24.035946,59.289234,6,12,5,2014,14
2014-06-14 13:00:00,11.515972,91.469315,42.900002,1.57887,0.198834,O,2.994931,23.56288,65.2407,6,13,5,2014,14
2014-06-14 14:00:00,13.099254,98.4104,42.900002,1.521134,0.240471,O,2.933467,24.004032,63.623486,6,14,5,2014,14
2014-06-14 15:00:00,11.102341,95.230713,42.900002,1.566388,0.193705,ONO,3.021087,23.970148,62.461494,6,15,5,2014,14
2014-06-14 16:00:00,11.947933,101.663086,42.900002,1.520474,0.190957,O,2.763979,24.699049,53.550568,6,16,5,2014,14
2014-06-14 17:00:00,9.471786,100.904526,42.900002,1.512916,0.180814,OSO,3.156298,23.921272,59.725609,6,17,5,2014,14
2014-06-14 18:00:00,8.639877,91.58371,42.900002,1.527304,0.165664,OSO,3.093197,22.562777,69.860397,6,18,5,2014,14
2014-06-14 19:00:00,9.961148,83.386345,42.900002,1.395294,0.170317,SO,3.308218,21.857475,74.91832,6,19,5,2014,14
2014-06-14 20:00:00,11.90712,73.158897,42.900002,1.21658,0.178783,SO,3.447557,20.658592,83.924263,6,20,5,2014,14
2014-06-14 21:00:00,12.959012,70.518745,42.900002,1.360867,0.189865,SSO,3.38386,20.143764,86.950211,6,21,5,2014,14
2014-06-14 22:00:00,14.389816,66.80632,42.900002,1.470911,0.19316,SSO,3.442174,20.050669,85.008163,6,22,5,2014,14
2014-06-14 23:00:00,10.815917,59.261681,42.900002,1.36316,0.180598,SSO,3.28309,19.783813,86.14415,6,23,5,2014,14
2014-06-15 00:00:00,7.085409,61.456882,42.900002,1.304311,0.132387,SSO,3.801754,18.985817,87.051376,6,0,6,2014,15
2014-06-15 01:00:00,14.032418,46.52195,2.3,1.458458,0.121339,S,3.343076,18.499998,87.153679,6,1,6,2014,15
2014-06-15 02:00:00,13.439864,48.326973,2.3,1.474427,0.099412,S,3.111537,18.122772,87.62606,6,2,6,2014,15
2014-06-15 03:00:00,10.949778,54.201584,2.3,1.634814,0.094556,S,2.899234,17.959936,87.059311,6,3,6,2014,15
2014-06-15 04:00:00,3.187538,74.40728,2.3,1.857687,0.08787,SSO,2.475265,17.852522,85.668152,6,4,6,2014,15
2014-06-15 05:00:00,1.910105,81.249733,31.325001,1.671623,0.084335,SSO,2.824755,17.89529,85.720009,6,5,6,2014,15
2014-06-15 06:00:00,2.436507,81.193878,31.325001,1.654805,0.093169,SSO,2.917653,18.144512,85.398079,6,6,6,2014,15
2014-06-15 07:00:00,3.558213,81.203003,31.325001,1.518829,0.091685,S,3.276823,18.34123,83.619484,6,7,6,2014,15
2014-06-15 08:00:00,4.669104,81.136833,31.325001,1.373392,0.105594,S,3.899746,18.601711,81.008408,6,8,6,2014,15
2014-06-15 09:00:00,7.607931,77.654556,31.325001,1.484987,0.107996,S,4.018433,19.601105,75.417648,6,9,6,2014,15
2014-06-15 10:00:00,6.864719,83.443695,31.325001,1.583865,0.121739,S,4.066367,21.02523,68.66774,6,10,6,2014,15
2014-06-15 11:00:00,5.81358,85.873497,31.325001,1.339082,0.125558,SO,4.726164,21.229574,69.816338,6,11,6,2014,15
2014-06-15 12:00:00,5.633342,85.708519,31.325001,1.426373,0.116829,SO,5.269629,20.7234,71.740128,6,12,6,2014,15
2014-06-15 13:00:00,4.525565,87.784515,31.325001,1.293188,0.108885,SO,5.73138,21.142509,69.294624,6,13,6,2014,15
2014-06-15 14:00:00,3.884434,78.448349,31.325001,1.636462,0.098617,SO,6.431785,20.878849,71.119484,6,14,6,2014,15
2014-06-15 15:00:00,3.800657,74.898636,31.325001,1.507989,0.101493,SO,6.397707,20.788494,72.162109,6,15,6,2014,15
2014-06-15 16:00:00,3.566384,80.589912,31.325001,1.420048,0.098445,SO,6.35682,20.634375,73.067253,6,16,6,2014,15
2014-06-15 17:00:00,4.656641,78.776726,31.325001,1.464201,0.116345,SO,5.238532,20.483444,75.390709,6,17,6,2014,15
2014-06-15 18:00:00,8.691688,79.70298,31.325001,1.551545,0.142738,SO,3.993128,20.129593,79.669754,6,18,6,2014,15
2014-06-15 19:00:00,9.929182,84.205063,31.325001,1.426725,0.15073,SO,3.794467,19.669207,81.186363,6,19,6,2014,15
2014-06-15 20:00:00,10.228743,86.701622,31.325001,1.418699,0.15602,SO,3.584033,19.378944,80.963196,6,20,6,2014,15
2014-06-15 21:00:00,10.493188,87.858757,31.325001,1.331331,0.146788,SSO,3.134366,19.216824,80.038185,6,21,6,2014,15
2014-06-15 22:00:00,9.996331,88.428482,31.325001,1.481757,0.141062,SSO,3.128233,19.038998,79.243034,6,22,6,2014,15
2014-06-15 23:00:00,6.375841,90.794708,31.325001,1.49264,0.125064,SSO,2.930272,18.817249,79.100929,6,23,6,2014,15
2014-06-16 00:00:00,3.917156,91.424004,31.325001,1.274183,0.096641,SSO,2.629516,18.704073,78.844826,6,0,0,2014,16
2014-06-16 01:00:00,1.625632,93.944954,2.3,1.346668,0.081969,S,3.219685,18.513157,78.096497,6,1,0,2014,16
2014-06-16 02:00:00,0.926144,96.331299,2.3,1.394303,0.07957,S,3.762072,18.434088,77.329124,6,2,0,2014,16
2014-06-16 03:00:00,4.498615,92.269051,2.3,6.29555,2.67481,S,3.71533,18.535683,74.586456,6,3,0,2014,16
2014-06-16 04:00:00,5.748481,79.03727,2.3,6.292824,2.674834,S,3.337595,18.475954,73.39798,6,4,0,2014,16
2014-06-16 05:00:00,6.42843,76.221092,25.174999,6.290549,2.67472,S,3.079568,18.725174,72.378815,6,5,0,2014,16
2014-06-16 06:00:00,6.170912,80.173347,25.174999,6.3169,2.676907,S,3.226418,18.607721,74.454041,6,6,0,2014,16
2014-06-16 07:00:00,25.353573,57.260216,25.174999,6.317562,2.684709,SSE,3.025539,18.835505,73.832489,6,7,0,2014,16
2014-06-16 08:00:00,25.798967,55.525383,25.174999,6.349925,2.685659,S,3.000729,19.193089,72.19252,6,8,0,2014,16
2014-06-16 09:00:00,23.153886,59.912857,25.174999,6.371237,2.68435,S,3.010256,19.690987,70.119781,6,9,0,2014,16
2014-06-16 10:00:00,16.094127,62.859619,25.174999,6.353129,2.683459,SSO,3.441514,21.038588,72.201523,6,10,0,2014,16
2014-06-16 11:00:00,11.729342,68.522079,25.174999,6.324315,2.681066,SO,3.793063,21.065578,71.998001,6,11,0,2014,16
2014-06-16 12:00:00,9.10997,75.174034,25.174999,6.308051,2.680279,SO,4.883081,22.378529,68.247528,6,12,0,2014,16
2014-06-16 13:00:00,7.439565,76.7444,25.174999,6.268423,2.679272,OSO,5.514704,22.389891,66.504074,6,13,0,2014,16
2014-06-16 14:00:00,6.153695,83.733665,25.174999,6.294218,2.678653,OSO,5.740559,22.045126,67.77951,6,14,0,2014,16
2014-06-16 15:00:00,5.523964,83.238724,25.174999,6.296138,2.678049,OSO,5.716516,22.343418,71.429146,6,15,0,2014,16
2014-06-16 16:00:00,4.688909,76.887436,25.174999,6.293326,2.677089,OSO,5.883361,21.716974,72.430779,6,16,0,2014,16
2014-06-16 17:00:00,5.877324,77.375107,25.174999,6.276316,2.676995,OSO,4.923232,22.317511,70.840286,6,17,0,2014,16
2014-06-16 18:00:00,8.335567,76.412445,25.174999,6.28474,2.678946,SO,3.734595,20.40756,71.879227,6,18,0,2014,16
2014-06-16 19:00:00,9.944537,69.229172,25.174999,6.267102,2.68045,SO,3.134775,19.466795,72.784019,6,19,0,2014,16
2014-06-16 20:00:00,10.27634,66.844391,25.174999,6.27953,2.678375,SO,3.002664,19.159342,73.776794,6,20,0,2014,16
2014-06-16 21:00:00,9.353684,66.63221,25.174999,6.268108,2.678004,SO,3.193718,18.906052,75.821159,6,21,0,2014,16
2014-06-16 22:00:00,9.023506,66.791168,25.174999,6.280638,2.679812,SO,3.074912,18.881598,75.774155,6,22,0,2014,16
2014-06-16 23:00:00,6.871061,69.641731,25.174999,6.27965,2.678753,SO,2.873841,18.685085,76.919647,6,23,0,2014,16
2014-06-17 00:00:00,3.249997,74.227188,25.174999,6.271043,2.674439,SO,2.457489,18.492878,77.360672,6,0,1,2014,17
2014-06-17 01:00:00,2.29408,77.866959,2.3,6.278994,2.67456,SO,2.517208,18.539684,73.922401,6,1,1,2014,17
2014-06-17 02:00:00,4.502261,79.997726,2.3,6.271534,2.673423,SO,2.500617,18.526251,72.962082,6,2,1,2014,17
2014-06-17 03:00:00,4.481362,75.171822,2.3,6.275005,2.673406,SSO,2.408825,18.420296,75.006546,6,3,1,2014,17
2014-06-17 04:00:00,4.496167,77.461555,2.3,6.274537,2.672804,SSO,2.103925,18.440205,73.064644,6,4,1,2014,17
2014-06-17 05:00:00,4.532644,77.872498,19.850002,6.288352,2.672698,SSO,2.071842,18.379902,72.640518,6,5,1,2014,17
2014-06-17 06:00:00,5.453733,73.15696,19.850002,6.274546,2.674488,SSE,2.263345,18.315933,71.697517,6,6,1,2014,17
2014-06-17 07:00:00,14.112213,66.589752,19.850002,6.285121,2.680136,S,1.974415,18.305218,72.362823,6,7,1,2014,17
2014-06-17 08:00:00,22.622028,60.466156,19.850002,6.28745,2.683479,S,1.947334,18.489792,69.793442,6,8,1,2014,17
2014-06-17 09:00:00,21.293462,62.515495,19.850002,6.288686,2.683022,S,2.081899,18.924435,66.25946,6,9,1,2014,17
2014-06-17 10:00:00,15.147822,67.544952,19.850002,6.279451,2.680608,SO,2.191915,19.429794,65.131027,6,10,1,2014,17
2014-06-17 11:00:00,10.048317,68.680344,19.850002,6.267497,2.678543,OSO,2.859846,19.625187,67.777809,6,11,1,2014,17
2014-06-17 12:00:00,9.248737,71.333458,19.850002,6.273446,2.679145,O,3.121737,21.638472,64.942368,6,12,1,2014,17
2014-06-17 13:00:00,7.156344,72.093285,19.850002,6.280884,2.679062,O,3.892185,22.357361,63.862946,6,13,1,2014,17
2014-06-17 14:00:00,8.253591,70.490707,19.850002,6.290533,2.679494,O,4.003944,22.372093,65.219818,6,14,1,2014,17
2014-06-17 15:00:00,6.473781,73.371262,19.850002,6.264939,2.678153,OSO,4.252299,22.355862,65.970421,6,15,1,2014,17
2014-06-17 16:00:00,6.426963,70.87275700000001,19.850002,6.268698,2.677305,O,4.136998,21.138437,69.657379,6,16,1,2014,17
2014-06-17 17:00:00,6.068643,69.974655,19.850002,6.248911,2.677146,O,3.821358,21.680599,70.138565,6,17,1,2014,17
2014-06-17 18:00:00,7.327096,70.610764,19.850002,6.268973,2.676448,O,3.687225,20.374495,71.111092,6,18,1,2014,17
2014-06-17 19:00:00,8.44759,69.908943,19.850002,6.284817,2.676715,ONO,3.08566,19.292532,69.539215,6,19,1,2014,17
2014-06-17 20:00:00,6.70681,71.029373,19.850002,6.282139,2.675427,ONO,2.637157,18.747965,71.654663,6,20,1,2014,17
2014-06-17 21:00:00,6.677392,71.430855,19.850002,6.279181,2.67533,ONO,2.057292,18.647877,71.381027,6,21,1,2014,17
2014-06-17 22:00:00,7.008328,72.024498,19.850002,6.276487,2.67599,ONO,1.934602,18.619862,71.447296,6,22,1,2014,17
2014-06-17 23:00:00,3.640878,76.937996,19.850002,6.272984,2.672871,ONO,1.406714,18.570513,71.696991,6,23,1,2014,17
2014-06-18 00:00:00,2.526955,78.369415,19.850002,6.272684,2.672878,ONO,1.412032,18.372169,72.174942,6,0,2,2014,18
2014-06-18 01:00:00,3.69342,81.956802,2.3,6.282257,2.67357,ONO,1.387729,18.312408,73.210358,6,1,2,2014,18
2014-06-18 02:00:00,4.04019,83.439087,2.3,6.273795,2.672617,ONO,1.371621,18.294127,72.964424,6,2,2,2014,18
2014-06-18 03:00:00,4.533738,84.693611,2.3,6.277987,2.672292,ONO,1.35603,18.159952,73.24556,6,3,2,2014,18
2014-06-18 04:00:00,4.528681,84.655533,5.925,6.281274,2.671742,ONO,1.502,18.134346,72.522896,6,4,2,2014,18
2014-06-18 05:00:00,4.534734,84.674698,13.174999,6.28965,2.67181,ONO,1.428033,18.112875,72.076416,6,5,2,2014,18
2014-06-18 06:00:00,3.830673,82.696327,13.174999,6.268434,2.672472,SO,2.242091,18.085642,71.508453,6,6,2,2014,18
2014-06-18 07:00:00,7.995025,75.000153,13.174999,6.274481,2.676243,O,1.748949,18.258989,71.324181,6,7,2,2014,18
2014-06-18 08:00:00,14.38131,70.897102,13.174999,6.285853,2.680912,OSO,2.169688,18.324753,71.666992,6,8,2,2014,18
2014-06-18 09:00:00,9.458115,76.297768,13.174999,6.262581,2.677889,O,1.96243,18.472054,68.839302,6,9,2,2014,18
2014-06-18 10:00:00,10.520438,75.909943,13.174999,6.275237,2.679022,O,1.950475,19.011227,66.762856,6,10,2,2014,18
2014-06-18 11:00:00,9.298945,78.626953,13.174999,6.271488,2.676847,O,2.884378,19.335369,66.066582,6,11,2,2014,18
2014-06-18 12:00:00,6.351451,83.083717,13.174999,6.271555,2.676146,O,2.672138,22.312067,62.014244,6,12,2,2014,18
2014-06-18 13:00:00,6.181574,80.243332,13.174999,6.264875,2.675032,ONO,3.332755,22.330667,61.972836,6,13,2,2014,18
2014-06-18 14:00:00,5.182724,77.65847,13.174999,6.271919,2.674082,O,3.3877,22.371811,61.472328,6,14,2,2014,18
2014-06-18 15:00:00,3.799265,77.159081,13.174999,6.260469,2.672625,ONO,3.970196,22.340471,62.26136,6,15,2,2014,18
2014-06-18 16:00:00,5.507678,74.905792,2.3,6.259454,2.674184,ONO,3.331958,22.345232,64.116844,6,16,2,2014,18
2014-06-18 17:00:00,4.471375,75.994751,2.3,6.275285,2.673053,ONO,2.897381,20.437208,66.635506,6,17,2,2014,18
2014-06-18 18:00:00,7.062719,73.96685,2.3,6.292368,2.675583,ONO,2.486875,22.324757,63.608139,6,18,2,2014,18
2014-06-18 19:00:00,7.746244,72.32412,2.3,6.272006,2.676866,O,2.228385,19.429827,67.742744,6,19,2,2014,18
2014-06-18 20:00:00,7.099798,71.669952,2.3,6.263502,2.676772,O,2.098018,19.136684,70.946869,6,20,2,2014,18
2014-06-18 21:00:00,8.050453,72.869995,2.3,6.262744,2.676873,ONO,2.587168,18.82567,71.770798,6,21,2,2014,18
2014-06-18 22:00:00,9.1281,72.587845,2.3,6.27843,2.678291,ONO,2.117995,18.758005,71.598969,6,22,2,2014,18
2014-06-18 23:00:00,5.834275,76.153313,2.3,6.268508,2.675665,ONO,1.871542,18.670603,71.405914,6,23,2,2014,18
2014-06-19 00:00:00,5.102055,74.379066,2.3,6.278772,2.671431,NO,1.895959,18.374577,71.989349,6,0,3,2014,19
2014-06-19 01:00:00,4.709624,71.805725,2.3,6.267897,2.668656,ONO,2.046519,18.075024,73.182739,6,1,3,2014,19
2014-06-19 02:00:00,4.798674,72.578888,2.3,6.273755,2.668765,ONO,1.723267,17.945293,73.849442,6,2,3,2014,19
2014-06-19 03:00:00,3.5015,75.117416,2.3,6.273224,2.66819,N,2.366999,17.979074,72.85585,6,3,3,2014,19
2014-06-19 04:00:00,4.573607,76.167664,2.3,6.258312,2.668169,E,1.723686,18.025303,72.084518,6,4,3,2014,19
2014-06-19 05:00:00,4.047372,74.223969,2.3,6.280481,2.668224,NE,1.538774,17.983009,72.070137,6,5,3,2014,19
2014-06-19 06:00:00,18.835836,43.470028,2.3,6.27363,2.67344,E,2.379963,17.353279,74.378647,6,6,3,2014,19
2014-06-19 07:00:00,40.548227,27.576323,2.3,6.268869,2.67986,SE,1.708538,17.678402,74.841881,6,7,3,2014,19
2014-06-19 08:00:00,44.48326,35.962952,2.3,6.232624,2.683994,SE,2.040096,18.256514,72.270645,6,8,3,2014,19
2014-06-19 09:00:00,18.746458,63.0121,2.3,6.32083,2.673307,ONO,1.810544,18.621422,70.225143,6,9,3,2014,19
2014-06-19 10:00:00,10.866777,66.13559,2.3,6.32523,2.670961,ONO,1.733149,18.584045,71.775795,6,10,3,2014,19
2014-06-19 11:00:00,6.350223,68.412575,,6.295268,2.669212,ONO,1.432146,18.95747,67.686638,6,11,3,2014,19
2014-06-19 12:00:00,5.066113,68.482819,,6.308043,2.66892,ONO,2.070651,19.812374,63.829498,6,12,3,2014,19
2014-06-19 13:00:00,5.686108,66.321793,,6.285031,2.669514,ONO,3.112658,22.333267,63.384007,6,13,3,2014,19
2014-06-19 14:00:00,3.150971,64.116188,,6.28447,2.668285,ONO,3.328401,22.357134,60.777306,6,14,3,2014,19
2014-06-19 15:00:00,3.54743,63.998291,,6.279384,2.668224,ONO,3.180628,22.326696,62.227173,6,15,3,2014,19
2014-06-19 16:00:00,3.909334,63.199936,,6.274788,2.669248,ONO,2.93111,20.384972,65.721176,6,16,3,2014,19
2014-06-19 17:00:00,4.691141,57.919777,,6.27902,2.670347,ONO,2.755492,19.564713,66.798126,6,17,3,2014,19
2014-06-19 18:00:00,3.902609,61.978844,,6.258277,2.669557,ONO,2.521143,19.720833,65.338593,6,18,3,2014,19
2014-06-19 19:00:00,3.68189,56.829475,,6.280297,2.669502,ONO,2.378384,19.395233,66.478088,6,19,3,2014,19
2014-06-19 20:00:00,3.942179,57.235596,,6.283285,2.669783,ONO,1.62156,18.841032,67.418266,6,20,3,2014,19
2014-06-19 21:00:00,5.354389,56.676529,,6.276361,2.669959,ONO,1.445843,18.408798,71.381332,6,21,3,2014,19
2014-06-19 22:00:00,9.105122,48.638775,,6.266746,2.672906,ONO,2.376479,18.06295,72.852798,6,22,3,2014,19
2014-06-19 23:00:00,11.879304,43.761223,,6.26963,2.673503,ONO,2.353781,17.657341,75.742645,6,23,3,2014,19
2014-06-20 00:00:00,12.354724,43.372398,,6.281864,2.673515,ONO,2.36255,17.39876,77.178368,6,0,4,2014,20
2014-06-20 01:00:00,9.157472,47.860954,,6.278329,2.670918,ONO,2.370953,17.26852,78.003395,6,1,4,2014,20
2014-06-20 02:00:00,4.329808,54.572754,,6.286288,2.668638,ONO,2.364896,17.136955,78.285713,6,2,4,2014,20
2014-06-20 03:00:00,4.108217,54.721474,,6.258848,2.668168,E,2.359427,16.855278,78.093613,6,3,4,2014,20
2014-06-20 04:00:00,18.418814,28.958221,26.799999,6.277015,2.679311,S,1.51192,16.259733,80.460663,6,4,4,2014,20
2014-06-20 05:00:00,32.557578,8.058072,26.799997,6.325588,2.686034,SSE,1.173878,15.685356,81.838005,6,5,4,2014,20
2014-06-20 06:00:00,32.673915,8.845762,26.799997,3.745316,2.687425,SE,1.266982,15.145232,83.613182,6,6,4,2014,20
2014-06-20 07:00:00,38.210254,9.74162,26.799997,5.484354,2.698032,SE,1.407487,15.466864,83.20903,6,7,4,2014,20
2014-06-20 08:00:00,43.856421,14.51484,26.799997,5.793182,2.693141,ESE,1.818137,16.968765,77.716827,6,8,4,2014,20
2014-06-20 09:00:00,21.428036,41.968273,26.799997,6.038624,2.676157,SO,1.746567,18.184643,70.638626,6,9,4,2014,20
2014-06-20 10:00:00,21.053736,48.100296,26.799997,6.758315,2.679573,ONO,1.451365,19.096663,66.317497,6,10,4,2014,20
2014-06-20 11:00:00,13.08622,61.48457,26.799997,3.840296,0.092653,O,2.562844,19.761499,65.441826,6,11,4,2014,20
2014-06-20 12:00:00,9.502853,69.300056,26.799997,3.127999,0.070716,ONO,3.049488,20.246237,61.54406,6,12,4,2014,20
2014-06-20 13:00:00,6.860966,69.989555,26.799997,2.761146,0.038613,ONO,3.792361,20.422026,58.278187,6,13,4,2014,20
2014-06-20 14:00:00,4.279871,67.182892,26.799997,2.203986,0.015589,ONO,3.395371,20.985416,55.753868,6,14,4,2014,20
2014-06-20 15:00:00,4.161485,65.497787,26.799997,1.816852,0.013729,ONO,3.366336,21.177317,56.638382,6,15,4,2014,20
2014-06-20 16:00:00,3.343652,63.105354,26.799997,1.787957,0.01145,ONO,2.837546,21.266079,57.458454,6,16,4,2014,20
2014-06-20 17:00:00,5.702719,60.934677,26.799997,1.991404,0.017212,ONO,2.937338,21.227718,56.937832,6,17,4,2014,20
2014-06-20 18:00:00,5.905122,60.528824,26.799997,1.966578,0.01783,ONO,3.371947,20.392111,59.655136,6,18,4,2014,20
2014-06-20 19:00:00,8.222584,58.692642,26.799997,1.53317,0.049245,O,3.148098,19.847883,67.308578,6,19,4,2014,20
2014-06-20 20:00:00,8.888605,55.580666,26.799997,1.618004,0.0498,O,2.432118,19.220018,70.322144,6,20,4,2014,20
2014-06-20 21:00:00,9.934741,62.442474,26.799997,1.460228,0.057312,ONO,1.718585,18.714828,70.29213,6,21,4,2014,20
2014-06-20 22:00:00,6.344922,63.023499,26.799997,1.248172,0.019895,N,0.821021,18.530323,69.155479,6,22,4,2014,20
2014-06-20 23:00:00,8.695737,51.495602,26.799997,1.43143,0.016268,NO,0.567126,18.11586,70.637466,6,23,4,2014,20
2014-06-21 00:00:00,12.582201,43.684711,26.799997,1.419348,0.041762,N,0.252647,17.935595,72.088013,6,0,5,2014,21
2014-06-21 01:00:00,9.171042,42.291039,,1.433662,0.044029,OSO,0.375242,17.084692,75.237648,6,1,5,2014,21
2014-06-21 02:00:00,39.923716,12.272098,,1.700408,0.15128,SE,1.5281,16.405746,77.445908,6,2,5,2014,21
2014-06-21 03:00:00,32.750025,16.3255,,3.226257,0.101971,SSE,1.196284,16.448345,78.983078,6,3,5,2014,21
2014-06-21 04:00:00,30.892252,10.787206,28.700001,4.235501,0.124214,SE,1.401144,15.714693,80.620819,6,4,5,2014,21
2014-06-21 05:00:00,30.903516,12.633934,28.700003,5.092051,0.122048,SE,1.354346,15.272217,81.963135,6,5,5,2014,21
2014-06-21 06:00:00,29.856568,19.88817,28.700003,5.214454,0.114497,SE,1.661839,15.176842,82.176025,6,6,5,2014,21
2014-06-21 07:00:00,32.875407,25.379311,28.700003,3.212221,0.138698,SE,1.739253,16.025982,79.680679,6,7,5,2014,21
2014-06-21 08:00:00,27.543309,35.950928,28.700003,2.973723,0.140866,SSE,1.936558,17.978836,72.516281,6,8,5,2014,21
2014-06-21 09:00:00,10.766794,51.760284,28.700003,2.636361,0.048431,S,2.081568,19.355381,66.851448,6,9,5,2014,21
2014-06-21 10:00:00,8.076492,59.844143,28.700003,2.495401,0.035997,SSO,1.536348,21.002274,58.614368,6,10,5,2014,21
2014-06-21 11:00:00,8.595153,62.627647,28.700003,2.221867,0.044825,O,2.668671,21.880716,54.02449,6,11,5,2014,21
2014-06-21 12:00:00,11.027127,56.444454,28.700003,2.607773,0.099022,O,3.807859,21.664124,58.447361,6,12,5,2014,21
2014-06-21 13:00:00,9.407189,53.468048,28.700003,2.62222,0.082091,O,4.513438,22.04406,55.057388,6,13,5,2014,21
2014-06-21 14:00:00,13.822131,48.140949,28.700003,2.749756,0.055928,O,4.567995,21.739384,59.605244,6,14,5,2014,21
2014-06-21 15:00:00,7.076212,51.221432,28.700003,3.297538,0.040443,OSO,4.947481,21.266214,64.266548,6,15,5,2014,21
2014-06-21 16:00:00,5.637697,56.953918,28.700003,2.26141,0.035831,O,4.789327,20.903475,68.657784,6,16,5,2014,21
2014-06-21 17:00:00,5.707527,56.641113,28.700003,1.719221,0.043659,O,4.247973,20.858295,68.714622,6,17,5,2014,21
2014-06-21 18:00:00,5.882787,56.228504,28.700003,1.69965,0.037353,O,4.006143,20.512924,69.258919,6,18,5,2014,21
2014-06-21 19:00:00,7.772256,56.018894,28.700003,1.465656,0.040701,O,3.030942,20.064816,71.258102,6,19,5,2014,21
2014-06-21 20:00:00,9.715647,54.990963,28.700003,1.475103,0.049824,O,2.786283,19.50614,72.757668,6,20,5,2014,21
2014-06-21 21:00:00,13.034433,53.08931,28.700003,1.352571,0.064287,O,2.210522,19.163582,74.158493,6,21,5,2014,21
2014-06-21 22:00:00,14.098032,52.074215,28.700003,1.36531,0.088891,O,1.837399,18.971443,74.242264,6,22,5,2014,21
2014-06-21 23:00:00,10.237249,57.290016,28.700003,1.242631,0.058544,O,1.764019,18.728565,73.80719,6,23,5,2014,21
2014-06-22 00:00:00,7.224682,60.016804,28.700003,1.32573,0.031085,O,1.417797,18.615555,73.321152,6,0,6,2014,22
2014-06-22 01:00:00,4.811615,61.526001,,1.420141,0.009354,OSO,1.371992,18.511566,74.926743,6,1,6,2014,22
2014-06-22 02:00:00,5.36964,56.879108,,1.396714,0.020788,SSO,1.26484,18.189323,75.577438,6,2,6,2014,22
2014-06-22 03:00:00,15.409488,31.110178,,1.422069,0.080002,SE,1.566321,16.654696,79.6082,6,3,6,2014,22
2014-06-22 04:00:00,9.947154,40.467609,19.200001,1.518982,0.032017,SSE,1.290821,16.746643,80.434746,6,4,6,2014,22
2014-06-22 05:00:00,13.843055,30.956503,19.200001,1.513967,0.073252,SE,1.288711,16.014687,83.568718,6,5,6,2014,22
2014-06-22 06:00:00,16.333418,30.367647,19.200001,1.955382,0.055032,SE,1.397316,15.756411,85.057892,6,6,6,2014,22
2014-06-22 07:00:00,22.859001,29.289059,19.200001,2.044662,0.124237,SE,1.117842,16.64625,83.161316,6,7,6,2014,22
2014-06-22 08:00:00,8.156224,57.642696,19.200001,1.868562,0.016699,SSE,1.19409,18.601852,72.688339,6,8,6,2014,22
2014-06-22 09:00:00,4.847144,67.39782,19.200001,1.890867,0.008581,S,1.353725,19.957605,61.059422,6,9,6,2014,22
2014-06-22 10:00:00,6.087934,70.525642,19.200001,1.834683,0.026286,OSO,2.434559,20.76211,59.15086,6,10,6,2014,22
2014-06-22 11:00:00,5.905947,69.19236,19.200001,1.643823,0.031493,O,3.509041,20.770691,59.994232,6,11,6,2014,22
2014-06-22 12:00:00,6.186927,67.756409,19.200001,1.583737,0.026578,O,3.494078,21.093611,58.751259,6,12,6,2014,22
2014-06-22 13:00:00,6.53267,66.059288,19.200001,1.534102,0.049273,OSO,3.771459,21.533884,59.214592,6,13,6,2014,22
2014-06-22 14:00:00,5.831958,65.808281,19.200001,1.564636,0.022693,O,4.17874,21.265297,62.776321,6,14,6,2014,22
2014-06-22 15:00:00,5.222305,69.433548,19.200001,1.470142,0.023282,O,4.457477,21.074076,63.476463,6,15,6,2014,22
2014-06-22 16:00:00,5.000855,69.26873,19.200001,1.515938,0.012157,O,4.324616,20.955639,62.889706,6,16,6,2014,22
2014-06-22 17:00:00,4.809733,65.91864,19.200001,1.557745,0.024127,O,4.27196,20.733143,66.741966,6,17,6,2014,22
2014-06-22 18:00:00,5.275943,60.695168,19.200001,1.394432,0.032612,OSO,3.923233,20.508141,67.957603,6,18,6,2014,22
2014-06-22 19:00:00,8.20068,59.080311,19.200001,1.368049,0.058908,OSO,3.460176,20.206011,69.655647,6,19,6,2014,22
2014-06-22 20:00:00,9.221064,55.913956,19.200001,1.338263,0.063359,OSO,2.086796,19.753391,71.546059,6,20,6,2014,22
2014-06-22 21:00:00,7.276225,54.411358,19.200001,1.280834,0.05687,OSO,2.077017,19.25597,76.084862,6,21,6,2014,22
2014-06-22 22:00:00,10.085163,51.657494,19.200001,1.24339,0.055692,SO,1.677552,19.046909,77.385223,6,22,6,2014,22
2014-06-22 23:00:00,7.079527,54.796967,19.200001,1.366191,0.026697,OSO,1.82815,19.037851,76.384552,6,23,6,2014,22
2014-06-23 00:00:00,5.808117,51.831627,19.200001,1.453553,0.024924,SSO,1.440381,18.87027,76.397812,6,0,0,2014,23
2014-06-23 01:00:00,9.423907,43.093987,,1.358832,0.025779,SSE,1.728953,18.354904,78.485863,6,1,0,2014,23
2014-06-23 02:00:00,4.957861,48.138519,,1.318555,0.003715,SSE,2.187247,18.130581,79.239792,6,2,0,2014,23
2014-06-23 03:00:00,2.514712,49.279694,,1.425193,0.001999,SSE,2.422802,17.887499,80.282494,6,3,0,2014,23
2014-06-23 04:00:00,3.710274,46.037746,33.299999,1.425484,0.002177,SSE,2.344149,17.425011,81.319229,6,4,0,2014,23
2014-06-23 05:00:00,8.514215,37.371117,33.299999,1.458439,0.005529,SSE,1.912996,17.098427,81.926498,6,5,0,2014,23
2014-06-23 06:00:00,19.68694,22.971313,33.299999,1.577527,0.044469,SE,1.948469,16.403,83.521233,6,6,0,2014,23
2014-06-23 07:00:00,22.108309,26.19665,33.299999,1.560652,0.119531,SE,2.969977,17.088352,81.454414,6,7,0,2014,23
2014-06-23 08:00:00,21.299171,36.425598,33.299999,1.543775,0.111239,SSE,3.505923,18.608229,75.292358,6,8,0,2014,23
2014-06-23 09:00:00,16.998352,47.020256,33.299999,1.705334,0.05931,SE,3.505089,20.388618,63.534191,6,9,0,2014,23
2014-06-23 10:00:00,10.837745,55.508343,33.299999,1.896493,0.034112,SE,3.951301,21.913479,53.151001,6,10,0,2014,23
2014-06-23 11:00:00,10.328783,62.10297,33.299999,2.021988,0.041965,SSO,3.976837,22.590931,48.764927,6,11,0,2014,23
2014-06-23 12:00:00,7.865937,59.886013,33.299999,1.615638,0.039786,SO,5.233967,21.360331,62.753597,6,12,0,2014,23
2014-06-23 13:00:00,7.420825,56.352444,33.299999,1.571172,0.030474,SO,6.862475,19.931286,70.897812,6,13,0,2014,23
2014-06-23 14:00:00,10.082917,55.978168,33.299999,1.5921,0.061308,SO,4.79903,19.495523,70.980331,6,14,0,2014,23
2014-06-23 15:00:00,9.298148,55.863224,33.299999,1.537167,0.046138,SO,4.570745,20.315697,68.231483,6,15,0,2014,23
2014-06-23 16:00:00,8.805423,54.791557,33.299999,1.570863,0.037877,SO,4.846827,20.260345,67.659782,6,16,0,2014,23
2014-06-23 17:00:00,6.354056,57.859573,33.299999,1.760953,0.028144,OSO,5.142049,20.688816,64.760483,6,17,0,2014,23
2014-06-23 18:00:00,5.879381,56.866695,33.299999,1.668323,0.030092,OSO,5.333144,20.054438,71.691116,6,18,0,2014,23
2014-06-23 19:00:00,8.088114,60.883804,33.299999,1.506761,0.037052,SO,4.484279,19.709232,69.991386,6,19,0,2014,23
2014-06-23 20:00:00,11.798507,58.970657,33.299999,1.479869,0.06016,SO,3.613045,19.335674,71.604736,6,20,0,2014,23
2014-06-23 21:00:00,14.820681,54.542999,33.299999,1.471784,0.089771,SSO,2.783705,18.974392,72.074348,6,21,0,2014,23
2014-06-23 22:00:00,11.052207,57.615089,33.299999,1.428063,0.061684,SSO,2.784372,18.81061,72.46785,6,22,0,2014,23
2014-06-23 23:00:00,12.994844,52.484325,33.299999,1.322555,0.079019,SSE,2.269758,18.361994,74.509933,6,23,0,2014,23
2014-06-24 00:00:00,12.619839,46.895401,33.299999,1.403998,0.025442,SSE,2.411094,17.66938,77.25679,6,0,1,2014,24
2014-06-24 01:00:00,7.108258,49.983551,,1.345248,0.003595,SSE,2.513759,17.265026,78.631699,6,1,1,2014,24
2014-06-24 02:00:00,5.391462,46.819992,,1.455719,0.007194,SSE,2.740279,16.927521,79.31282,6,2,1,2014,24
2014-06-24 03:00:00,3.345713,52.426338,,1.57149,0.001611,SSE,3.176299,16.824347,80.465103,6,3,1,2014,24
2014-06-24 04:00:00,4.00144,48.775223,16.9,1.513458,0.000827,SSE,3.258531,16.532425,80.246948,6,4,1,2014,24
2014-06-24 05:00:00,8.182513,44.081783,16.9,1.569696,0.001482,SE,3.067999,16.153542,81.34127,6,5,1,2014,24
2014-06-24 06:00:00,16.717558,33.88184,16.9,1.524912,0.019539,SSE,3.192639,16.027439,81.602295,6,6,1,2014,24
2014-06-24 07:00:00,18.510544,39.008511,16.9,1.454472,0.060173,SSE,3.878253,16.935593,78.999634,6,7,1,2014,24
2014-06-24 08:00:00,16.785539,48.622585,16.9,1.517636,0.073001,SSE,4.877575,18.097273,75.177658,6,8,1,2014,24
2014-06-24 09:00:00,16.751083,53.436329,16.9,1.584755,0.071519,SSE,4.781939,19.012585,70.652657,6,9,1,2014,24
2014-06-24 10:00:00,14.262638,56.080627,16.9,1.484368,0.089913,SO,3.750703,19.048704,74.962791,6,10,1,2014,24
2014-06-24 11:00:00,8.38839,65.707443,16.9,1.356008,0.036074,OSO,4.30587,19.373932,71.807083,6,11,1,2014,24
2014-06-24 12:00:00,7.536589,69.041626,16.9,1.31725,0.036764,SO,4.797638,19.914871,66.909958,6,12,1,2014,24
2014-06-24 13:00:00,6.049392,68.997482,16.9,1.382304,0.037713,OSO,5.34615,20.153101,66.208176,6,13,1,2014,24
2014-06-24 14:00:00,6.937149,70.435371,16.9,1.196638,0.052347,OSO,4.35847,20.547722,66.034088,6,14,1,2014,24
2014-06-24 15:00:00,5.494705,73.008423,16.9,1.39177,0.046658,OSO,5.076341,20.329231,65.136955,6,15,1,2014,24
2014-06-24 16:00:00,5.077985,71.164566,16.9,1.403357,0.026641,OSO,4.889685,20.37088,66.517097,6,16,1,2014,24
2014-06-24 17:00:00,5.820274,66.85424,16.9,1.261108,0.040418,OSO,5.281944,20.205164,65.981926,6,17,1,2014,24
2014-06-24 18:00:00,7.451947,65.551567,16.9,1.227808,0.048577,OSO,4.385083,20.055725,65.861588,6,18,1,2014,24
2014-06-24 19:00:00,10.22461,64.712524,16.9,1.117411,0.056067,OSO,3.898392,19.684849,67.793716,6,19,1,2014,24
2014-06-24 20:00:00,10.449995,61.576366,16.9,1.236944,0.07816,OSO,3.626735,19.212082,71.331879,6,20,1,2014,24
2014-06-24 21:00:00,11.302228,61.941448,16.9,1.325877,0.062453,ONO,2.511012,18.691902,74.48925,6,21,1,2014,24
2014-06-24 22:00:00,9.778493,67.549789,16.9,1.347042,0.049562,ONO,2.116637,18.439867,74.371597,6,22,1,2014,24
2014-06-24 23:00:00,6.743543,68.771141,16.9,1.285819,0.025175,ONO,1.793655,18.247356,73.965744,6,23,1,2014,24
2014-06-25 00:00:00,4.878432,70.105545,16.9,1.367534,0.016771,ONO,1.856433,18.16877,74.823631,6,0,2,2014,25
2014-06-25 01:00:00,4.843928,66.753349,,1.419239,0.007572,ONO,1.508099,17.974293,77.663277,6,1,2,2014,25
2014-06-25 02:00:00,2.370931,68.267944,,1.451164,0.004065,ONO,1.970598,17.974768,77.004654,6,2,2,2014,25
2014-06-25 03:00:00,2.500383,69.951355,,1.449698,0.002108,ONO,1.449089,17.953194,77.716019,6,3,2,2014,25
2014-06-25 04:00:00,2.238249,73.543137,19.200001,1.380147,0.000788,ONO,1.541322,17.919313,77.534561,6,4,2,2014,25
2014-06-25 05:00:00,3.604821,73.256805,19.200001,1.480197,0.000438,ONO,1.066759,17.690613,77.407951,6,5,2,2014,25
2014-06-25 06:00:00,21.259834,44.099487,19.200001,1.401424,0.054753,N,0.353896,16.943699,79.742638,6,6,2,2014,25
2014-06-25 07:00:00,45.347606,12.24027,19.200001,1.485812,0.370707,SE,1.295019,16.386482,81.909241,6,7,2,2014,25
2014-06-25 08:00:00,37.540326,33.992088,19.200001,1.418421,0.228228,E,1.288935,18.082113,76.265465,6,8,2,2014,25
2014-06-25 09:00:00,14.816038,65.830132,19.200001,1.835395,0.044557,SSE,1.373497,19.168058,70.443054,6,9,2,2014,25
2014-06-25 10:00:00,7.862637,76.934662,19.200001,1.691437,0.028303,ONO,2.395834,19.570072,68.046906,6,10,2,2014,25
2014-06-25 11:00:00,5.040526,80.606499,19.200001,1.556757,0.018916,SO,2.203744,20.737484,60.399914,6,11,2,2014,25
2014-06-25 12:00:00,6.247396,77.789566,19.200001,1.42778,0.025034,ONO,3.234255,20.966728,62.239452,6,12,2,2014,25
2014-06-25 13:00:00,5.80393,77.613739,19.200001,1.424498,0.021682,ONO,3.381432,20.858635,64.825356,6,13,2,2014,25
2014-06-25 14:00:00,4.852452,83.045181,19.200001,1.548616,0.018097,ONO,4.059785,20.85738,61.893131,6,14,2,2014,25
2014-06-25 15:00:00,4.402926,86.041557,19.200001,1.465726,0.010013,ONO,4.276516,20.862028,62.992676,6,15,2,2014,25
2014-06-25 16:00:00,3.977183,85.987335,19.200001,1.50588,0.013662,ONO,4.475837,20.829163,67.358368,6,16,2,2014,25
2014-06-25 17:00:00,3.011167,82.481308,19.200001,1.429382,0.014798,ONO,4.348529,20.656357,68.265366,6,17,2,2014,25
2014-06-25 18:00:00,3.842055,82.323204,19.200001,1.492786,0.008933,ONO,4.417511,20.149776,70.138992,6,18,2,2014,25
2014-06-25 19:00:00,5.741739,76.048393,19.200001,1.416825,0.023354,ONO,4.1494,19.703466,72.607178,6,19,2,2014,25
2014-06-25 20:00:00,6.337809,73.618408,19.200001,1.32871,0.009468,ONO,3.25314,19.092865,72.180847,6,20,2,2014,25
2014-06-25 21:00:00,5.157704,72.355499,19.200001,1.270322,0.003094,ONO,2.612724,18.778217,73.18396,6,21,2,2014,25
2014-06-25 22:00:00,5.049761,75.479034,19.200001,1.539426,0.004148,NO,1.812667,18.599342,72.983582,6,22,2,2014,25
2014-06-25 23:00:00,3.595124,77.457947,19.200001,1.451554,0.00145,NNO,1.599996,18.602022,73.466934,6,23,2,2014,25
2014-06-26 00:00:00,3.445997,77.116898,19.200001,1.392862,0.001858,NO,1.149007,18.320004,74.898621,6,0,3,2014,26
2014-06-26 01:00:00,2.479419,82.725388,,1.504246,0.00144,SO,1.461854,18.570446,77.2715,6,1,3,2014,26
2014-06-26 02:00:00,1.677505,81.658157,,1.274295,3.8e-05,ONO,2.228408,18.376917,78.553589,6,2,3,2014,26
2014-06-26 03:00:00,1.656789,85.36467,,1.405899,7e-06,NO,2.081513,18.10243,77.903038,6,3,3,2014,26
2014-06-26 04:00:00,1.908758,82.695793,15.2,1.51365,5.2e-05,NO,2.353743,18.162394,78.364708,6,4,3,2014,26
2014-06-26 05:00:00,2.052259,83.423294,15.2,1.482806,0.0,NO,2.022556,18.132954,73.848152,6,5,3,2014,26
2014-06-26 06:00:00,3.112286,85.517029,15.2,1.475236,0.0,ONO,1.944813,18.394215,68.677689,6,6,3,2014,26
2014-06-26 07:00:00,6.249596,83.381195,15.2,1.528231,0.00055,ONO,1.477079,18.559593,67.077805,6,7,3,2014,26
2014-06-26 08:00:00,7.590831,84.003738,15.2,1.374692,0.002641,ONO,1.780523,19.123255,65.675453,6,8,3,2014,26
2014-06-26 09:00:00,4.922269,88.034744,15.2,1.111297,0.001949,ONO,2.135836,19.813255,63.758652,6,9,3,2014,26
2014-06-26 10:00:00,3.941722,92.04583,15.2,1.231164,0.005,ONO,2.106859,20.513872,58.542263,6,10,3,2014,26
2014-06-26 11:00:00,2.854482,89.546471,15.2,1.196972,0.012094,NO,2.219884,21.611113,58.164429,6,11,3,2014,26
2014-06-26 12:00:00,3.264973,85.517471,15.2,1.588199,0.014491,ONO,3.23558,21.069294,61.519363,6,12,3,2014,26
2014-06-26 13:00:00,3.191002,84.32505,15.2,1.544552,0.017531,NO,3.284552,21.52927,61.038124,6,13,3,2014,26
2014-06-26 14:00:00,2.640231,82.635025,15.2,1.584907,0.014488,ONO,3.792251,20.557762,66.60199,6,14,3,2014,26
2014-06-26 15:00:00,2.774919,76.990402,15.2,1.545682,0.014152,ONO,3.866626,20.610298,67.938507,6,15,3,2014,26
2014-06-26 16:00:00,2.840737,75.768341,15.2,1.45334,0.015938,NO,3.082493,20.883057,67.155952,6,16,3,2014,26
2014-06-26 17:00:00,2.634493,80.813927,15.2,1.546173,0.009732,NO,3.291502,20.494404,68.706078,6,17,3,2014,26
2014-06-26 18:00:00,2.147598,77.53566,15.2,1.355231,0.011551,NO,2.821228,20.182167,70.797485,6,18,3,2014,26
2014-06-26 19:00:00,3.50663,73.990509,15.2,1.523008,0.010921,NO,2.751047,19.987928,70.760651,6,19,3,2014,26
2014-06-26 20:00:00,5.142003,73.57576,15.2,1.537079,0.028465,NO,2.356371,19.323498,74.199059,6,20,3,2014,26
2014-06-26 21:00:00,4.885167,74.149742,15.2,1.541116,0.027124,NO,2.089012,18.730667,78.109116,6,21,3,2014,26
2014-06-26 22:00:00,4.449257,70.482452,15.2,1.459988,0.030254,NO,1.698577,18.725344,77.306168,6,22,3,2014,26
2014-06-26 23:00:00,3.949326,68.586861,15.2,1.523358,0.022395,NO,1.739406,18.756683,77.131866,6,23,3,2014,26
2014-06-27 00:00:00,3.074452,70.15535,15.2,1.628022,0.010245,NO,2.26004,18.657951,77.497635,6,0,4,2014,27
2014-06-27 01:00:00,2.042338,75.935501,,1.557507,0.0079,ONO,2.002294,18.588591,75.133163,6,1,4,2014,27
2014-06-27 02:00:00,0.983686,75.899048,,1.552704,0.0034,NNO,1.677431,18.714525,75.11837,6,2,4,2014,27
2014-06-27 03:00:00,0.646401,77.334198,,1.538379,0.002336,E,1.844558,18.675215,73.976089,6,3,4,2014,27
2014-06-27 04:00:00,1.719586,77.714203,13.3,1.636795,0.003995,NNE,1.919051,18.743658,74.215164,6,4,4,2014,27
2014-06-27 05:00:00,2.175167,76.461594,13.3,1.561814,0.008765,ESE,1.802993,18.781069,75.551208,6,5,4,2014,27
2014-06-27 06:00:00,4.656821,75.287766,13.3,1.614512,0.008832,N,1.724269,18.783951,75.126274,6,6,4,2014,27
2014-06-27 07:00:00,5.460138,74.365219,13.3,1.631869,0.021567,S,1.346192,19.01523,74.057053,6,7,4,2014,27
2014-06-27 08:00:00,8.43868,71.467995,13.3,1.724526,0.030952,OSO,1.885595,19.649744,72.283478,6,8,4,2014,27
2014-06-27 09:00:00,9.504227,70.322624,13.3,1.555662,0.039687,NNO,2.081959,20.591778,68.855759,6,9,4,2014,27
2014-06-27 10:00:00,7.277872,71.659485,13.3,2.25957,0.029322,ONO,2.488306,20.585199,69.165451,6,10,4,2014,27
2014-06-27 11:00:00,5.052385,69.828583,13.3,2.602657,0.027454,ONO,3.364047,20.747763,69.167892,6,11,4,2014,27
2014-06-27 12:00:00,4.24932,69.375809,13.3,2.116811,0.019598,ONO,3.495733,20.953365,68.232025,6,12,4,2014,27
2014-06-27 13:00:00,3.717399,67.093826,13.3,1.783181,0.01725,ONO,3.611467,21.172535,68.651917,6,13,4,2014,27
2014-06-27 14:00:00,2.554887,65.405144,13.3,1.602361,0.009013,ONO,3.965407,21.511974,68.899612,6,14,4,2014,27
2014-06-27 15:00:00,3.01661,74.470398,13.3,1.620551,0.014935,ONO,3.634713,21.821226,68.648453,6,15,4,2014,27
2014-06-27 16:00:00,3.32879,75.313141,13.3,1.609519,0.022741,ONO,3.216137,22.211166,68.514832,6,16,4,2014,27
2014-06-27 17:00:00,3.297716,79.604996,13.3,1.709572,0.029727,NO,2.815688,21.952007,72.01001,6,17,4,2014,27
2014-06-27 18:00:00,3.647699,79.304634,13.3,1.692059,0.031035,NO,2.618449,21.455875,75.006042,6,18,4,2014,27
2014-06-27 19:00:00,4.871098,77.416481,13.3,1.58791,0.036753,NO,2.458726,20.766518,78.369423,6,19,4,2014,27
2014-06-27 20:00:00,6.019111,74.572815,13.3,1.516485,0.029188,ONO,2.158937,20.036495,80.945702,6,20,4,2014,27
2014-06-27 21:00:00,6.221204,74.06282,13.3,1.510849,0.035902,NNO,1.521685,19.668228,82.425522,6,21,4,2014,27
2014-06-27 22:00:00,8.444784,71.993553,13.3,1.510702,0.06221,NO,1.046957,19.447124,82.505569,6,22,4,2014,27
2014-06-27 23:00:00,7.533601,66.759125,13.3,1.544069,0.048418,ONO,1.145725,19.160868,85.354126,6,23,4,2014,27
2014-06-28 00:00:00,7.56042,65.626236,13.3,1.554191,0.046726,ONO,1.318415,18.835606,86.159988,6,0,5,2014,28
2014-06-28 01:00:00,7.410244,64.877197,,1.625306,0.031399,NO,1.322622,18.650795,86.570274,6,1,5,2014,28
2014-06-28 02:00:00,3.105604,65.121361,,1.65387,0.018618,ONO,1.309741,18.579298,87.327362,6,2,5,2014,28
2014-06-28 03:00:00,1.804276,59.720119,,1.461654,0.01298,NO,0.938564,18.368166,87.200378,6,3,5,2014,28
2014-06-28 04:00:00,2.016809,54.955666,15.8,1.662534,0.007995,ONO,1.00949,18.272285,86.870438,6,4,5,2014,28
2014-06-28 05:00:00,2.345984,55.855419,15.8,1.701911,0.010119,ONO,1.081293,18.175215,86.285919,6,5,5,2014,28
2014-06-28 06:00:00,5.132833,48.736084,15.8,1.66851,0.028927,ONO,1.11689,18.022657,86.515739,6,6,5,2014,28
2014-06-28 07:00:00,5.822493,47.346153,15.8,1.727749,0.035085,ONO,0.68102,18.497322,84.87532,6,7,5,2014,28
2014-06-28 08:00:00,5.620463,52.698845,15.8,1.619248,0.045117,ONO,1.153605,19.797213,77.252983,6,8,5,2014,28
2014-06-28 09:00:00,6.720341,56.402519,15.8,1.527243,0.059419,O,1.89909,20.207672,74.539375,6,9,5,2014,28
2014-06-28 10:00:00,6.645113,58.505722,15.8,1.528263,0.058201,OSO,2.541567,20.507124,74.073669,6,10,5,2014,28
2014-06-28 11:00:00,6.372971,63.578316,15.8,1.610202,0.069665,O,2.859876,20.83625,72.376205,6,11,5,2014,28
2014-06-28 12:00:00,6.805867,62.652321,15.8,1.692097,0.077763,O,3.337648,21.111315,71.406319,6,12,5,2014,28
2014-06-28 13:00:00,4.551475,67.025879,15.8,1.441974,0.046916,ONO,4.215386,20.798365,73.225883,6,13,5,2014,28
2014-06-28 14:00:00,3.905444,65.000778,15.8,1.573607,0.039274,ONO,4.324272,20.788904,73.27449,6,14,5,2014,28
2014-06-28 15:00:00,3.876865,63.823288,15.8,1.546304,0.032848,ONO,4.004067,21.104599,73.312172,6,15,5,2014,28
2014-06-28 16:00:00,3.680988,65.598999,15.8,1.525932,0.044471,ONO,3.538403,21.530899,71.999084,6,16,5,2014,28
2014-06-28 17:00:00,3.04063,71.514343,15.8,1.55661,0.031342,ONO,3.608645,21.433422,73.462799,6,17,5,2014,28
2014-06-28 18:00:00,3.074651,73.440521,15.8,1.641113,0.024432,ONO,2.880738,21.332724,74.49736,6,18,5,2014,28
2014-06-28 19:00:00,3.498706,72.420158,15.8,1.514184,0.037628,ONO,2.643515,20.919924,76.051552,6,19,5,2014,28
2014-06-28 20:00:00,6.65516,66.201698,15.8,1.625371,0.060194,NO,1.455019,20.455944,75.570175,6,20,5,2014,28
2014-06-28 21:00:00,13.341075,62.529972,15.8,1.517377,0.079341,ONO,1.744534,19.999392,80.085846,6,21,5,2014,28
2014-06-28 22:00:00,10.953506,57.423409,15.8,1.617924,0.058059,ONO,1.765653,19.393705,85.298332,6,22,5,2014,28
2014-06-28 23:00:00,9.504003,46.121891,15.8,1.528818,0.046917,NO,1.634242,19.229855,84.559052,6,23,5,2014,28
2014-06-29 00:00:00,5.99319,37.796429,15.8,1.327481,0.033121,N,1.363002,19.198311,83.625526,6,0,6,2014,29
2014-06-29 01:00:00,3.772271,33.466724,8.3,1.427449,0.029167,OSO,1.333551,19.043007,85.136993,6,1,6,2014,29
2014-06-29 02:00:00,2.861147,33.865334,8.3,1.31921,0.020607,SE,0.96745,18.876068,86.619385,6,2,6,2014,29
2014-06-29 03:00:00,2.464213,33.574341,8.3,1.409725,0.013586,SO,1.336775,18.868303,86.056,6,3,6,2014,29
2014-06-29 04:00:00,1.62032,33.346451,8.3,1.436439,0.015725,S,1.325185,18.91548,84.285072,6,4,6,2014,29
2014-06-29 05:00:00,1.650013,30.662781,8.3,1.377293,0.00804,SSE,1.334322,18.84049,83.335304,6,5,6,2014,29
2014-06-29 06:00:00,1.971773,29.33609,8.3,1.471504,0.006649,S,1.470424,19.185966,80.990677,6,6,6,2014,29
2014-06-29 07:00:00,2.224693,28.971806,8.3,1.368081,0.009554,N,1.61349,19.558846,81.116776,6,7,6,2014,29
2014-06-29 08:00:00,1.559981,33.93689,8.3,1.526383,0.00745,E,2.057179,20.119118,78.307388,6,8,6,2014,29
2014-06-29 09:00:00,1.370005,37.285622,8.3,1.525833,0.008603,NO,2.052914,20.902863,75.09565,6,9,6,2014,29
2014-06-29 10:00:00,1.494932,40.344837,8.3,1.45813,0.012998,SO,2.554111,21.662155,69.803185,6,10,6,2014,29
2014-06-29 11:00:00,1.205838,42.159801,8.3,1.530254,0.010285,NO,2.823888,21.889229,68.176979,6,11,6,2014,29
2014-06-29 12:00:00,1.100853,44.2239,8.3,1.491641,0.0064,NO,2.725137,22.100395,67.094894,6,12,6,2014,29
2014-06-29 13:00:00,1.458665,46.197891,8.3,1.474262,0.010693,NO,2.8431,22.558914,65.423759,6,13,6,2014,29
2014-06-29 14:00:00,1.588734,49.487812,8.3,1.563568,0.013231,ONO,3.344304,22.220798,65.528969,6,14,6,2014,29
2014-06-29 15:00:00,1.447188,52.142761,8.3,1.48691,0.009267,ONO,3.593787,21.900047,67.284904,6,15,6,2014,29
2014-06-29 16:00:00,1.515071,54.757317,8.3,1.500543,0.008541,ONO,3.576573,21.707945,67.992775,6,16,6,2014,29
2014-06-29 17:00:00,1.29841,62.33345,8.3,1.622188,0.006131,ONO,2.933609,21.89469,67.988403,6,17,6,2014,29
2014-06-29 18:00:00,2.792151,69.562782,8.3,1.504999,0.01402,NO,2.856806,21.422806,70.368507,6,18,6,2014,29
2014-06-29 19:00:00,3.478801,70.184814,8.3,1.672672,0.023235,NO,2.466977,20.853615,73.158218,6,19,6,2014,29
2014-06-29 20:00:00,4.986462,70.014885,8.3,1.586952,0.036692,OSO,2.20081,19.98735,76.01326,6,20,6,2014,29
2014-06-29 21:00:00,2.749819,72.656128,8.3,1.546363,0.026824,N,2.512364,19.384073,78.632339,6,21,6,2014,29
2014-06-29 22:00:00,3.429334,70.031395,8.3,1.712453,0.020026,N,2.275092,19.113079,81.207268,6,22,6,2014,29
2014-06-29 23:00:00,4.639069,71.435745,8.3,1.574811,0.032137,S,1.640681,18.810543,81.458145,6,23,6,2014,29
2014-06-30 00:00:00,6.272516,63.01812,8.3,1.512539,0.038728,NO,1.40754,18.419041,82.095337,6,0,0,2014,30
2014-06-30 01:00:00,5.672398,59.12854,16.9,1.627413,0.034867,S,1.654786,18.06424,81.892624,6,1,0,2014,30
2014-06-30 02:00:00,5.320131,62.483032,16.9,1.535768,0.024751,E,1.711554,17.939358,81.271133,6,2,0,2014,30
2014-06-30 03:00:00,4.418552,58.392204,16.9,1.602427,0.027211,O,1.272297,17.761803,82.534325,6,3,0,2014,30
2014-06-30 04:00:00,3.237586,57.09116,16.9,1.56572,0.019066,E,1.292995,17.634989,84.035141,6,4,0,2014,30
2014-06-30 05:00:00,6.116972,50.743359,16.9,1.54616,0.023954,E,0.756661,17.286224,85.225342,6,5,0,2014,30
2014-06-30 06:00:00,12.28441,39.318687,16.9,1.623301,0.045356,N,0.147847,16.689934,87.263535,6,6,0,2014,30
2014-06-30 07:00:00,14.827773,42.350239,16.9,1.668035,0.043984,N,0.484075,17.646894,85.94957,6,7,0,2014,30
2014-06-30 08:00:00,10.426725,58.051983,16.9,1.759645,0.037576,S,1.514876,19.450958,76.83625,6,8,0,2014,30
2014-06-30 09:00:00,10.092652,62.849182,16.9,1.720828,0.041599,S,1.505386,20.473377,66.75882,6,9,0,2014,30
2014-06-30 10:00:00,10.030493,69.398544,16.9,1.932709,0.047765,NNO,1.850396,22.127052,50.599545,6,10,0,2014,30
2014-06-30 11:00:00,7.918384,74.633408,16.9,1.876762,0.026672,SO,2.454874,22.410122,50.107277,6,11,0,2014,30
2014-06-30 12:00:00,5.242104,82.550102,16.9,1.832199,0.023295,ONO,2.597001,22.749493,48.975616,6,12,0,2014,30
2014-06-30 13:00:00,4.462008,76.310905,16.9,1.820764,0.023716,ONO,2.74763,22.933998,53.648621,6,13,0,2014,30
2014-06-30 14:00:00,4.048606,71.343979,16.9,1.789365,0.025616,SO,2.556495,23.605108,56.925755,6,14,0,2014,30
2014-06-30 15:00:00,3.888493,72.227661,16.9,1.746516,0.040409,ONO,3.595781,22.311016,67.499664,6,15,0,2014,30
2014-06-30 16:00:00,3.9601,73.652527,16.9,1.737454,0.040453,NO,3.281022,22.389465,68.775505,6,16,0,2014,30
2014-06-30 17:00:00,3.530587,71.582596,16.9,1.675978,0.049836,NO,2.683716,22.830994,67.536697,6,17,0,2014,30
2014-06-30 18:00:00,4.267771,72.157066,16.9,1.608096,0.050361,NO,2.259718,21.950619,74.168297,6,18,0,2014,30
2014-06-30 19:00:00,2.617594,69.304131,16.9,1.638854,0.039638,SO,2.185438,20.998882,77.238777,6,19,0,2014,30
2014-06-30 20:00:00,3.633466,68.842255,16.9,1.626465,0.038112,ONO,2.162331,19.859348,79.960632,6,20,0,2014,30
2014-06-30 21:00:00,2.606233,65.600914,16.9,1.648562,0.025608,NO,1.458639,19.281443,81.556061,6,21,0,2014,30
2014-06-30 22:00:00,4.25246,65.565506,16.9,1.612469,0.033725,N,1.50275,19.001595,81.426811,6,22,0,2014,30
2014-06-30 23:00:00,3.82854,67.574677,16.9,1.594409,0.030161,E,1.400444,18.712997,82.627701,6,23,0,2014,30
2014-07-01 00:00:00,6.921586,67.263756,16.9,1.595827,0.038862,E,1.346503,18.437935,83.164597,7,0,1,2014,1
2014-07-01 01:00:00,9.373749,61.048649,11.4,1.684244,0.046393,E,1.199365,18.252613,83.648491,7,1,1,2014,1
2014-07-01 02:00:00,7.817607,56.968822,11.4,1.630387,0.050386,ONO,0.759686,18.104193,85.056168,7,2,1,2014,1
2014-07-01 03:00:00,3.828696,60.799568,11.4,1.681254,0.021648,NO,1.175241,18.041208,85.443741,7,3,1,2014,1
2014-07-01 04:00:00,3.901968,61.810989,11.4,1.665549,0.013041,ONO,1.189482,17.887838,85.105515,7,4,1,2014,1
2014-07-01 05:00:00,2.9711,61.848557,11.4,1.748207,0.013707,ONO,1.258103,17.814409,85.001022,7,5,1,2014,1
2014-07-01 06:00:00,2.486444,64.532837,11.4,1.608208,0.006364,NO,1.081203,17.766417,83.790665,7,6,1,2014,1
2014-07-01 07:00:00,2.958368,55.964207,11.4,1.680327,0.010611,N,0.966072,18.155848,81.047859,7,7,1,2014,1
2014-07-01 08:00:00,2.919024,54.244675,11.4,1.562919,0.006437,N,1.802582,19.310711,73.875526,7,8,1,2014,1
2014-07-01 09:00:00,5.87397,53.559174,11.4,1.573746,0.018935,SSE,1.870246,20.105482,70.202553,7,9,1,2014,1
2014-07-01 10:00:00,4.676087,57.790859,11.4,1.572342,0.021132,ONO,2.537852,20.300808,68.874916,7,10,1,2014,1
2014-07-01 11:00:00,2.097092,60.626526,11.4,1.434212,0.011849,NO,2.635014,20.844324,65.956932,7,11,1,2014,1
2014-07-01 12:00:00,1.769141,60.337059,11.4,1.500038,0.009743,SO,2.815574,21.650932,63.295418,7,12,1,2014,1
2014-07-01 13:00:00,1.854029,59.455208,11.4,1.696558,0.016569,NO,2.804972,21.889601,62.219818,7,13,1,2014,1
2014-07-01 14:00:00,2.252335,57.463799,11.4,1.759442,0.016485,ONO,4.467092,20.828213,67.141365,7,14,1,2014,1
2014-07-01 15:00:00,2.308817,57.855427,11.4,1.681723,0.026938,ONO,3.829819,21.040361,65.687759,7,15,1,2014,1
2014-07-01 16:00:00,2.666159,65.630661,11.4,1.612288,0.025747,ONO,3.858221,20.799248,65.862808,7,16,1,2014,1
2014-07-01 17:00:00,3.10328,60.366505,11.4,1.62677,0.027785,ONO,4.573539,20.345203,68.163483,7,17,1,2014,1
2014-07-01 18:00:00,3.514314,53.551552,11.4,1.694484,0.033487,ONO,3.631362,20.194139,69.715744,7,18,1,2014,1
2014-07-01 19:00:00,3.356685,55.061516,11.4,1.677126,0.031349,ONO,3.180365,19.745457,71.424637,7,19,1,2014,1
2014-07-01 20:00:00,4.575953,55.300327,11.4,1.770581,0.025685,ONO,2.442822,19.018961,74.014687,7,20,1,2014,1
2014-07-01 21:00:00,3.01885,53.701691,11.4,1.660574,0.014095,ONO,2.068766,18.728632,74.464935,7,21,1,2014,1
2014-07-01 22:00:00,3.514209,47.682308,11.4,1.64319,0.022234,NO,1.48929,18.923653,75.483749,7,22,1,2014,1
2014-07-01 23:00:00,3.735217,39.05423,11.4,1.480018,0.020684,ONO,1.55646,19.209877,74.927414,7,23,1,2014,1
2014-07-02 00:00:00,4.813494,34.257389,11.4,1.499624,0.019978,NO,1.581412,19.177622,75.405846,7,0,2,2014,2
2014-07-02 01:00:00,4.667272,34.02021,9.0,1.729517,0.029923,ONO,1.304326,19.117184,76.645638,7,1,2,2014,2
2014-07-02 02:00:00,5.143359,34.533775,9.0,1.670093,0.03806,ONO,1.523563,19.013227,78.509361,7,2,2,2014,2
2014-07-02 03:00:00,3.793375,35.678867,9.0,1.774082,0.033741,E,0.834808,18.650251,81.961777,7,3,2,2014,2
2014-07-02 04:00:00,3.079881,42.706917,9.0,1.76031,0.028562,ONO,2.358686,18.342932,84.737015,7,4,2,2014,2
2014-07-02 05:00:00,1.665719,52.464882,9.0,1.807849,0.015048,ONO,2.955846,16.859112,92.014885,7,5,2,2014,2
2014-07-02 06:00:00,1.322958,52.325684,9.0,1.611382,0.014073,ONO,2.034891,16.332214,93.830963,7,6,2,2014,2
2014-07-02 07:00:00,1.753109,52.414188,9.0,1.606128,0.01569,NO,1.093541,16.081978,93.516823,7,7,2,2014,2
2014-07-02 08:00:00,4.781236,55.845608,9.0,1.37018,0.025617,NO,1.292431,17.814985,79.80098,7,8,2,2014,2
2014-07-02 09:00:00,4.281359,58.935661,9.0,1.748687,0.020613,NNO,1.54239,19.147675,69.839272,7,9,2,2014,2
2014-07-02 10:00:00,4.611269,62.548965,9.0,1.685459,0.016765,ONO,2.062706,19.514381,64.728088,7,10,2,2014,2
2014-07-02 11:00:00,2.500431,68.075592,9.0,1.780655,0.007064,NO,2.381222,20.30352,60.339001,7,11,2,2014,2
2014-07-02 12:00:00,1.499782,69.848991,9.0,1.649636,0.005813,S,2.417361,21.190308,56.306847,7,12,2,2014,2
2014-07-02 13:00:00,2.020115,67.709015,9.0,1.765335,1.137937,NO,2.537178,21.409443,56.034973,7,13,2,2014,2
2014-07-02 14:00:00,2.616824,66.458939,9.0,1.755242,1.523302,ONO,3.53618,20.652525,58.371693,7,14,2,2014,2
2014-07-02 15:00:00,2.184958,66.404427,9.0,1.714872,1.515886,ONO,3.983472,20.493353,59.78318,7,15,2,2014,2
2014-07-02 16:00:00,2.903469,66.884163,9.0,1.519006,1.527493,ONO,3.782583,20.699669,59.155861,7,16,2,2014,2
2014-07-02 17:00:00,3.326091,68.090302,9.0,1.644106,1.525622,ONO,3.670062,20.324177,60.12719,7,17,2,2014,2
2014-07-02 18:00:00,3.437744,67.651863,9.0,1.756609,1.523419,ONO,3.330482,20.321157,59.9146,7,18,2,2014,2
2014-07-02 19:00:00,3.519719,67.205994,9.0,1.674685,1.523696,ONO,3.339694,19.728159,64.273239,7,19,2,2014,2
2014-07-02 20:00:00,5.537953,65.574684,9.0,1.758665,1.526693,ONO,3.043448,19.144384,65.593613,7,20,2,2014,2
2014-07-02 21:00:00,3.709648,65.225632,9.0,1.685809,1.517773,ONO,2.253573,18.787342,67.53035,7,21,2,2014,2
2014-07-02 22:00:00,5.957928,63.987961,9.0,1.754113,1.532921,ONO,2.052901,18.827297,68.462891,7,22,2,2014,2
2014-07-02 23:00:00,8.44063,59.604271,9.0,1.376022,1.540946,ONO,1.610549,18.548908,69.771271,7,23,2,2014,2
2014-07-03 00:00:00,11.141784,50.065872,9.0,1.491766,1.548535,ONO,1.642242,18.259226,70.335983,7,0,3,2014,3
2014-07-03 01:00:00,13.175789,45.49527,16.1,1.742159,1.563701,ONO,1.287261,18.308167,71.879906,7,1,3,2014,3
2014-07-03 02:00:00,8.160129,55.737972,16.1,1.804661,1.544679,ONO,1.858958,18.266552,72.270966,7,2,3,2014,3
2014-07-03 03:00:00,6.005699,58.691402,16.1,1.628094,1.533852,ONO,1.354376,18.117115,72.717102,7,3,3,2014,3
2014-07-03 04:00:00,3.131978,60.669937,16.1,1.645219,1.514911,ONO,1.903759,18.18037,72.271133,7,4,3,2014,3
2014-07-03 05:00:00,1.677981,58.794102,16.1,1.796883,1.511889,ONO,1.27445,17.874203,72.910088,7,5,3,2014,3
2014-07-03 06:00:00,2.297596,55.842781,16.1,1.767236,1.511917,ONO,0.826303,17.516724,74.236702,7,6,3,2014,3
2014-07-03 07:00:00,3.252841,54.400906,16.1,1.650348,1.514264,ONO,0.939665,18.11013,73.241058,7,7,3,2014,3
2014-07-03 08:00:00,3.17543,57.638741,16.1,1.764747,1.514125,SSE,1.287987,18.883701,67.852226,7,8,3,2014,3
2014-07-03 09:00:00,4.261869,57.406452,16.1,1.683862,1.52161,ONO,1.720621,19.101208,67.239555,7,9,3,2014,3
2014-07-03 10:00:00,3.307364,60.74839,16.1,1.645486,1.51983,ONO,2.487924,20.615429,62.159241,7,10,3,2014,3
2014-07-03 11:00:00,3.830429,61.512459,16.1,1.515089,1.521056,ONO,3.062385,20.285793,62.345444,7,11,3,2014,3
2014-07-03 12:00:00,2.633468,62.332962,16.1,1.435138,1.513801,ONO,3.330715,20.630783,59.834045,7,12,3,2014,3
2014-07-03 13:00:00,2.521574,63.93576,16.1,1.622685,1.51786,ONO,3.7925,20.632072,62.448891,7,13,3,2014,3
2014-07-03 14:00:00,3.274309,61.110031,16.1,1.807291,1.526526,ONO,4.283542,20.673145,61.948143,7,14,3,2014,3
2014-07-03 15:00:00,2.710015,64.409264,16.1,1.715075,1.518649,ONO,3.953736,20.744846,63.621971,7,15,3,2014,3
2014-07-03 16:00:00,2.7673,65.307701,16.1,1.682375,1.52721,ONO,4.488333,20.543007,62.001022,7,16,3,2014,3
2014-07-03 17:00:00,3.093766,70.516129,16.1,1.816572,1.526233,ONO,4.106746,20.489893,63.840393,7,17,3,2014,3
2014-07-03 18:00:00,3.407944,69.670898,16.1,1.828793,1.528107,ONO,3.685465,20.245762,65.598022,7,18,3,2014,3
2014-07-03 19:00:00,3.30468,67.996002,16.1,1.668288,1.518286,ONO,3.31561,19.809694,66.609894,7,19,3,2014,3
2014-07-03 20:00:00,2.813655,70.076248,16.1,1.678784,1.517865,ONO,2.098089,19.345375,69.832535,7,20,3,2014,3
2014-07-03 21:00:00,2.325543,70.979187,16.1,1.651331,1.515687,ONO,2.084315,18.903202,71.124336,7,21,3,2014,3
2014-07-03 22:00:00,6.251123,65.166992,16.1,1.634403,1.52856,ONO,1.891084,18.822445,71.643982,7,22,3,2014,3
2014-07-03 23:00:00,9.031922,65.786896,16.1,1.595445,1.543577,ONO,1.835463,18.726904,72.568413,7,23,3,2014,3
2014-07-04 00:00:00,8.561744,68.72683,16.1,1.550055,1.545007,ONO,1.360567,18.654898,73.926163,7,0,4,2014,4
2014-07-04 01:00:00,9.03868,68.238327,20.4,1.652695,1.568993,E,1.399452,18.591169,75.316986,7,1,4,2014,4
2014-07-04 02:00:00,7.43012,69.017303,20.4,1.73684,1.542931,NNE,1.878692,18.370541,77.461166,7,2,4,2014,4
2014-07-04 03:00:00,7.071099,68.768509,20.4,1.32793,1.533571,NNE,1.769848,18.205774,77.05735,7,3,4,2014,4
2014-07-04 04:00:00,8.17819,61.185677,20.4,1.581035,1.552306,NE,1.886606,17.753359,77.746208,7,4,4,2014,4
2014-07-04 05:00:00,11.566054,49.406689,20.4,1.779667,1.560845,NE,1.153932,16.944513,79.898758,7,5,4,2014,4
2014-07-04 06:00:00,14.594885,38.206402,20.4,1.979728,1.559586,E,0.744157,15.950177,84.059387,7,6,4,2014,4
2014-07-04 07:00:00,11.934184,42.968933,20.4,1.914929,1.5615,E,0.636162,16.675079,83.420265,7,7,4,2014,4
2014-07-04 08:00:00,15.090259,56.74614,20.4,2.011322,1.55012,NNE,1.893494,18.939018,74.112434,7,8,4,2014,4
2014-07-04 09:00:00,8.76507,68.610748,20.4,2.256994,1.530731,NNE,2.216407,20.571722,70.316177,7,9,4,2014,4
2014-07-04 10:00:00,5.728354,75.731766,20.4,2.12779,1.532264,OSO,2.250065,20.76652,66.283813,7,10,4,2014,4
2014-07-04 11:00:00,3.934905,77.434013,20.4,1.936463,1.532282,ONO,2.835586,20.905304,67.058372,7,11,4,2014,4
2014-07-04 12:00:00,3.479359,79.589485,20.4,1.785413,1.531944,NO,2.664398,21.414463,66.570648,7,12,4,2014,4
2014-07-04 13:00:00,3.300079,81.656891,20.4,1.708135,1.529586,ONO,4.417851,20.794535,69.132072,7,13,4,2014,4
2014-07-04 14:00:00,2.420119,82.790398,20.4,1.775032,1.530575,ONO,4.338288,20.888889,69.037445,7,14,4,2014,4
2014-07-04 15:00:00,3.168917,79.998138,20.4,1.796437,1.535589,ONO,4.226617,21.19519,70.023071,7,15,4,2014,4
2014-07-04 16:00:00,3.656926,79.739388,20.4,1.67013,1.537173,ONO,4.176693,20.975649,71.120743,7,16,4,2014,4
2014-07-04 17:00:00,2.979781,76.45285,20.4,1.728975,1.536354,ONO,4.154117,20.786665,72.809319,7,17,4,2014,4
2014-07-04 18:00:00,3.124861,79.006325,20.4,1.627117,1.537827,ONO,4.080512,20.293041,76.638649,7,18,4,2014,4
2014-07-04 19:00:00,3.728954,78.60791,20.4,1.674437,1.547159,ONO,3.447323,20.041922,78.835907,7,19,4,2014,4
2014-07-04 20:00:00,3.413418,84.628662,20.4,1.627533,1.543941,ONO,2.50168,19.529711,81.703163,7,20,4,2014,4
2014-07-04 21:00:00,2.231434,89.518547,20.4,1.582934,1.541646,ONO,2.31565,19.346087,83.461678,7,21,4,2014,4
2014-07-04 22:00:00,5.369444,82.873314,20.4,1.609118,1.56309,ONO,1.80688,19.068005,84.435928,7,22,4,2014,4
2014-07-04 23:00:00,7.814211,87.081505,20.4,1.69628,1.572186,ONO,1.497302,18.949194,84.549118,7,23,4,2014,4
2014-07-05 00:00:00,9.387716,85.778168,20.4,1.754884,1.568971,ONO,1.40669,18.765432,83.297791,7,0,5,2014,5
2014-07-05 01:00:00,6.989676,81.820091,14.8,1.709964,1.558946,NO,1.281435,18.734705,81.970596,7,1,5,2014,5
2014-07-05 02:00:00,4.054082,83.461349,14.8,1.539754,1.536625,NO,1.900372,18.668602,81.270348,7,2,5,2014,5
2014-07-05 03:00:00,2.188556,83.237663,14.8,1.652965,1.531127,SSE,1.556365,18.621897,81.040665,7,3,5,2014,5
2014-07-05 04:00:00,1.726245,84.463722,14.8,1.499539,1.524485,SSE,1.120839,18.488232,80.542511,7,4,5,2014,5
2014-07-05 05:00:00,1.75843,83.546638,14.8,1.685972,1.523315,SO,0.982042,18.381226,79.263596,7,5,5,2014,5
2014-07-05 06:00:00,2.858114,82.819672,14.8,1.56976,1.521703,SO,0.992414,18.37088,78.431015,7,6,5,2014,5
2014-07-05 07:00:00,4.263234,81.55719,14.8,1.63647,1.519452,NO,1.09193,18.575026,77.107788,7,7,5,2014,5
2014-07-05 08:00:00,3.260494,84.353096,14.8,1.680471,1.522035,ONO,1.630445,19.024117,74.577194,7,8,5,2014,5
2014-07-05 09:00:00,4.610969,84.201248,14.8,1.746239,1.538251,O,2.220854,19.621456,71.717674,7,9,5,2014,5
2014-07-05 10:00:00,4.890142,86.604591,14.8,1.692761,1.532323,O,2.975119,19.824549,71.220459,7,10,5,2014,5
2014-07-05 11:00:00,3.747363,86.349304,14.8,1.755026,1.536374,O,2.982618,20.714443,70.706558,7,11,5,2014,5
2014-07-05 12:00:00,4.301377,81.510994,14.8,1.769398,1.534167,O,3.43624,20.252003,70.39296,7,12,5,2014,5
2014-07-05 13:00:00,4.154794,80.45668,14.8,1.672736,1.530419,O,3.586274,20.371389,69.887329,7,13,5,2014,5
2014-07-05 14:00:00,3.433011,81.832939,14.8,1.518867,1.526253,ONO,4.031061,20.163345,70.937744,7,14,5,2014,5
2014-07-05 15:00:00,4.147475,71.518822,14.8,1.602822,1.537269,ONO,4.198268,20.282154,70.587524,7,15,5,2014,5
2014-07-05 16:00:00,4.461365,67.019714,14.8,1.7031,1.548067,O,3.738768,20.547291,71.153244,7,16,5,2014,5
2014-07-05 17:00:00,4.991373,58.638409,14.8,1.655662,1.544832,ONO,3.6766,20.455477,71.788261,7,17,5,2014,5
2014-07-05 18:00:00,5.876856,56.045708,14.8,1.702435,1.551474,O,3.426289,19.805454,73.224968,7,18,5,2014,5
2014-07-05 19:00:00,7.13363,58.255287,14.8,1.7258,1.571162,O,2.748634,19.513805,73.789009,7,19,5,2014,5
2014-07-05 20:00:00,8.054212,58.000061,14.8,1.600195,1.57562,O,2.429762,19.204247,74.806236,7,20,5,2014,5
2014-07-05 21:00:00,3.368445,64.856773,14.8,1.449738,1.532945,O,2.477042,19.058508,75.2033,7,21,5,2014,5
2014-07-05 22:00:00,6.204727,64.435143,14.8,1.622938,1.548642,O,2.026261,19.071871,74.273743,7,22,5,2014,5
2014-07-05 23:00:00,7.658819,61.347248,14.8,1.598569,1.571312,O,2.354055,19.088184,73.434372,7,23,5,2014,5
2014-07-06 00:00:00,8.31042,58.990215,14.8,1.62996,1.563602,O,2.152923,18.95591,73.007332,7,0,6,2014,6
2014-07-06 01:00:00,9.682217,60.790504,7.4,1.623312,1.563648,ONO,1.966387,18.918636,71.574753,7,1,6,2014,6
2014-07-06 02:00:00,6.379488,70.713737,7.4,1.624094,1.534342,OSO,1.610621,18.938408,69.464355,7,2,6,2014,6
2014-07-06 03:00:00,6.503416,67.761559,7.4,1.727498,1.535797,O,1.408166,18.996473,69.997223,7,3,6,2014,6
2014-07-06 04:00:00,4.03048,65.471741,7.4,1.687181,1.517532,OSO,1.471571,18.942173,70.384735,7,4,6,2014,6
2014-07-06 05:00:00,0.961597,70.590729,7.4,1.663656,1.510973,SO,1.156787,18.864233,66.456078,7,5,6,2014,6
2014-07-06 06:00:00,1.588037,70.004013,7.4,1.607922,1.508169,OSO,0.829345,19.057827,65.035576,7,6,6,2014,6
2014-07-06 07:00:00,0.97868,67.431221,7.4,1.690465,1.508231,O,1.300322,19.208487,64.337708,7,7,6,2014,6
2014-07-06 08:00:00,2.301309,61.724865,7.4,1.652597,1.5081,ONO,2.207273,19.45557,63.549248,7,8,6,2014,6
2014-07-06 09:00:00,2.209486,51.990463,7.4,1.542838,1.508161,ONO,2.91408,19.35799,64.615356,7,9,6,2014,6
2014-07-06 10:00:00,1.176583,56.03447,7.4,1.569034,1.508158,ONO,2.185827,20.147572,58.625763,7,10,6,2014,6
2014-07-06 11:00:00,0.973061,56.404312,7.4,1.710997,1.508451,NO,1.779511,21.552334,53.04406,7,11,6,2014,6
2014-07-06 12:00:00,1.117942,56.848511,7.4,1.645604,1.508369,NO,2.877695,21.645571,53.028458,7,12,6,2014,6
2014-07-06 13:00:00,1.171865,52.599548,7.4,1.565856,1.508038,ONO,3.502464,21.55101,54.990776,7,13,6,2014,6
2014-07-06 14:00:00,0.774324,48.55341,7.4,1.789821,1.508109,ONO,3.253405,21.320786,59.279308,7,14,6,2014,6
2014-07-06 15:00:00,0.981572,42.510788,7.4,1.768189,1.508045,ONO,3.808361,21.369625,60.870846,7,15,6,2014,6
2014-07-06 16:00:00,1.853302,39.625031,7.4,1.61975,1.509366,ONO,3.921203,21.406967,63.465065,7,16,6,2014,6
2014-07-06 17:00:00,1.227939,36.780029,7.4,1.738071,1.509714,ONO,3.518804,21.478024,63.308781,7,17,6,2014,6
2014-07-06 18:00:00,1.830338,40.701324,7.4,1.79542,1.510104,ONO,4.005755,20.780323,66.030731,7,18,6,2014,6
2014-07-06 19:00:00,2.54441,36.005653,7.4,1.650087,1.512203,ONO,3.466661,20.621975,69.007935,7,19,6,2014,6
2014-07-06 20:00:00,4.963145,32.490166,7.4,1.597926,1.515663,ONO,2.804046,20.162029,70.682678,7,20,6,2014,6
2014-07-06 21:00:00,2.474976,33.429413,7.4,1.563547,1.509044,ONO,2.310585,19.323025,70.587639,7,21,6,2014,6
2014-07-06 22:00:00,3.15588,32.058201,7.4,1.570523,1.509902,ONO,1.804614,19.403475,70.576012,7,22,6,2014,6
2014-07-06 23:00:00,5.91791,29.551195,7.4,1.655659,1.518483,ONO,1.388268,19.249966,72.565323,7,23,6,2014,6
2014-07-07 00:00:00,6.869376,28.072138,7.4,1.668726,1.524595,NO,1.147458,19.180813,74.140045,7,0,0,2014,7
2014-07-07 01:00:00,8.67186,25.68364,10.7,1.387508,1.538471,ONO,1.267135,18.997728,76.864441,7,1,0,2014,7
2014-07-07 02:00:00,12.106894,22.710535,10.7,1.592022,1.552998,ONO,1.387498,18.648895,79.894554,7,2,0,2014,7
2014-07-07 03:00:00,4.943168,29.736279,10.7,1.82177,1.519571,NO,1.330333,18.831196,77.8778,7,3,0,2014,7
2014-07-07 04:00:00,1.084972,32.969116,10.7,1.687293,1.509259,SO,0.95869,18.989319,77.173691,7,4,0,2014,7
2014-07-07 05:00:00,1.458466,31.137239,10.7,1.65551,1.509337,OSO,0.885738,18.98562,77.516586,7,5,0,2014,7
2014-07-07 06:00:00,9.226064,23.31065,10.7,1.678496,1.508196,NNE,1.569439,19.066172,75.003899,7,6,0,2014,7
2014-07-07 07:00:00,8.05982,24.871317,10.7,1.700005,1.519978,NE,1.53573,19.37936,74.80098,7,7,0,2014,7
2014-07-07 08:00:00,5.317373,30.795788,10.7,1.903534,1.523546,ESE,1.457124,20.554516,70.225586,7,8,0,2014,7
2014-07-07 09:00:00,9.899821,32.152225,10.7,2.03093,1.536602,S,1.744815,21.241962,64.363754,7,9,0,2014,7
2014-07-07 10:00:00,9.335215,33.38549,10.7,4.491861,1.536929,NO,2.473384,21.92362,62.482399,7,10,0,2014,7
2014-07-07 11:00:00,5.432521,36.920795,10.7,6.253746,1.517591,ONO,4.124735,21.361416,62.919109,7,11,0,2014,7
2014-07-07 12:00:00,2.886485,42.853973,10.7,2.964389,1.525583,ONO,4.256912,20.92708,71.584312,7,12,0,2014,7
2014-07-07 13:00:00,3.867205,50.381634,10.7,2.039754,1.542638,SO,3.013141,19.940205,78.696884,7,13,0,2014,7
2014-07-07 14:00:00,2.490514,55.153961,10.7,1.705182,1.528966,NO,3.717237,20.866062,70.381332,7,14,0,2014,7
2014-07-07 15:00:00,2.612517,63.81226,10.7,1.746642,1.525196,NO,3.518955,21.136719,66.567017,7,15,0,2014,7
2014-07-07 16:00:00,2.997319,65.304718,10.7,1.765514,1.523372,ONO,3.672062,21.05654,64.497627,7,16,0,2014,7
2014-07-07 17:00:00,3.650596,72.647079,10.7,1.880919,1.524771,ONO,4.401933,20.399067,68.60186,7,17,0,2014,7
2014-07-07 18:00:00,4.209453,69.775993,10.7,1.788687,1.529687,ONO,4.099371,20.634398,70.76181,7,18,0,2014,7
2014-07-07 19:00:00,3.364593,67.771317,10.7,1.78223,1.527089,ONO,3.206458,19.853491,72.497902,7,19,0,2014,7
2014-07-07 20:00:00,4.521482,66.681267,10.7,1.779502,1.528451,ONO,2.445705,18.859585,75.72419,7,20,0,2014,7
2014-07-07 21:00:00,2.337303,66.175041,10.7,1.719915,1.520855,ONO,2.497451,18.601717,77.394348,7,21,0,2014,7
2014-07-07 22:00:00,5.790935,63.814594,10.7,1.758897,1.53015,NO,2.263421,18.520657,77.409073,7,22,0,2014,7
2014-07-07 23:00:00,5.641263,64.432983,10.7,1.72871,1.529016,SSE,1.618994,18.425112,76.860023,7,23,0,2014,7
2014-07-08 00:00:00,5.89578,65.20417,10.7,1.626569,1.532686,S,1.675617,18.267298,77.440414,7,0,1,2014,8
2014-07-08 01:00:00,7.01436,60.908169,18.200001,1.883311,1.545931,S,1.629755,17.906187,79.834045,7,1,1,2014,8
2014-07-08 02:00:00,5.703082,65.001518,18.200001,1.809777,1.541761,N,1.592418,17.733891,81.609482,7,2,1,2014,8
2014-07-08 03:00:00,6.144468,67.323326,18.200001,1.732101,1.539443,E,1.804571,17.663513,83.01255,7,3,1,2014,8
2014-07-08 04:00:00,4.333767,70.808487,18.200001,1.69871,1.519861,NNE,1.802706,17.711641,82.88662,7,4,1,2014,8
2014-07-08 05:00:00,3.393961,69.323845,18.200001,1.785165,1.519312,NNE,1.560212,17.389738,84.050232,7,5,1,2014,8
2014-07-08 06:00:00,8.66877,56.478489,18.200001,1.849805,1.530473,NNE,1.335653,17.121864,84.801521,7,6,1,2014,8
2014-07-08 07:00:00,9.345045,58.429234,18.200001,1.762331,1.533272,NNE,1.415651,17.538464,84.249153,7,7,1,2014,8
2014-07-08 08:00:00,14.44309,58.404907,18.200001,2.372356,1.541198,NNE,1.51094,19.208385,78.353928,7,8,1,2014,8
2014-07-08 09:00:00,9.983537,65.508133,18.200001,2.46759,1.543266,OSO,1.930228,20.625425,73.773605,7,9,1,2014,8
2014-07-08 10:00:00,5.757544,70.704681,18.200001,2.208549,1.546844,NO,2.461591,21.01099,73.510818,7,10,1,2014,8
2014-07-08 11:00:00,4.165471,73.275223,18.200001,1.899142,1.536593,NO,2.498788,22.03558,70.910355,7,11,1,2014,8
2014-07-08 12:00:00,3.894284,76.843781,18.200001,1.843891,1.53424,ONO,3.442785,22.075567,70.610741,7,12,1,2014,8
2014-07-08 13:00:00,3.83057,80.645866,18.200001,1.365665,1.532591,ONO,3.501698,22.162663,71.810608,7,13,1,2014,8
2014-07-08 14:00:00,3.250732,79.39608,18.200001,1.551107,1.536161,ONO,4.241004,21.980093,73.105209,7,14,1,2014,8
2014-07-08 15:00:00,2.9616,78.534523,18.200001,1.947837,1.540401,ONO,3.274361,22.736027,70.861824,7,15,1,2014,8
2014-07-08 16:00:00,3.207526,84.555771,18.200001,1.949639,1.540287,ONO,3.637746,22.380547,71.983925,7,16,1,2014,8
2014-07-08 17:00:00,4.643468,89.230019,18.200001,1.847253,1.550529,NO,2.68064,22.673788,70.616776,7,17,1,2014,8
2014-07-08 18:00:00,5.6708,87.584366,18.200001,1.88325,1.554558,ONO,2.830079,21.890654,74.53595,7,18,1,2014,8
2014-07-08 19:00:00,5.772971,88.542839,18.200001,1.926397,1.557088,ONO,2.412241,21.374441,77.602356,7,19,1,2014,8
2014-07-08 20:00:00,6.726273,87.322548,18.200001,1.783517,1.579651,NO,1.585381,20.69743,80.22422,7,20,1,2014,8
2014-07-08 21:00:00,4.601711,87.427231,18.200001,1.839326,1.564296,ONO,1.371884,20.512526,83.931114,7,21,1,2014,8
2014-07-08 22:00:00,8.435439,82.178642,18.200001,1.800125,1.224808,SO,1.229417,21.367832,84.678093,7,22,1,2014,8
2014-07-08 23:00:00,10.509892,82.058945,18.200001,1.936687,1.59475,ONO,1.23513,19.846766,86.208076,7,23,1,2014,8
2014-07-09 00:00:00,16.972421,78.119743,18.200001,1.880406,0.144354,ONO,1.043233,19.67647,86.385429,7,0,2,2014,9
2014-07-09 01:00:00,28.286537,64.270523,32.700001,1.867291,0.194212,ONO,0.879767,19.553656,85.360466,7,1,2,2014,9
2014-07-09 02:00:00,29.809676,58.145596,32.700001,1.963254,0.201107,N,0.93185,19.20289,86.068039,7,2,2,2014,9
2014-07-09 03:00:00,20.539722,62.473034,32.700001,1.910636,0.166818,N,0.662642,18.876883,87.205063,7,3,2,2014,9
2014-07-09 04:00:00,30.661345,40.178127,32.700001,2.00918,0.25316,N,1.3,18.687426,88.421249,7,4,2,2014,9
2014-07-09 05:00:00,38.394898,23.850904,32.700001,2.046576,0.265125,ONO,0.855596,18.433729,88.303314,7,5,2,2014,9
2014-07-09 06:00:00,49.752299,8.635286,32.700001,2.181574,0.353962,SE,0.687869,18.111046,88.290527,7,6,2,2014,9
2014-07-09 07:00:00,43.529859,16.617891,32.700001,2.283341,0.408632,SSE,0.894354,18.69302,86.550133,7,7,2,2014,9
2014-07-09 08:00:00,21.335427,52.561516,32.700001,2.063224,0.180193,OSO,1.414284,20.115963,82.844833,7,8,2,2014,9
2014-07-09 09:00:00,13.140473,57.099957,32.700001,1.983415,0.122899,OSO,1.743536,20.993727,81.18837,7,9,2,2014,9
2014-07-09 10:00:00,11.047469,59.544834,32.700001,2.103274,1.245185,O,2.123023,21.72592,78.192848,7,10,2,2014,9
2014-07-09 11:00:00,9.81545,65.288467,32.700001,2.134585,1.600969,O,2.715757,22.41799,74.970261,7,11,2,2014,9
2014-07-09 12:00:00,7.741075,70.192207,32.700001,2.030986,1.582154,ONO,3.107805,22.450619,75.558548,7,12,2,2014,9
2014-07-09 13:00:00,7.601023,79.397247,32.700001,2.039066,1.52118,ONO,3.279572,22.809559,73.828552,7,13,2,2014,9
2014-07-09 14:00:00,7.241144,83.810867,32.700001,2.11464,1.514881,ONO,3.633157,22.913038,73.241592,7,14,2,2014,9
2014-07-09 15:00:00,5.494917,83.995209,32.700001,2.096356,1.512806,ONO,2.924499,22.985313,72.867493,7,15,2,2014,9
2014-07-09 16:00:00,6.012607,84.298523,32.700001,1.98887,1.513251,ONO,3.878962,22.236704,75.747971,7,16,2,2014,9
2014-07-09 17:00:00,6.511081,85.360031,32.700001,2.138993,1.51815,ONO,3.297751,22.168703,76.923721,7,17,2,2014,9
2014-07-09 18:00:00,7.290237,84.079124,32.700001,2.063485,1.512429,ONO,3.085829,21.54233,79.628677,7,18,2,2014,9
2014-07-09 19:00:00,8.067565,79.970909,32.700001,2.005309,1.534652,ONO,2.027556,21.192375,81.202759,7,19,2,2014,9
2014-07-09 20:00:00,11.288992,77.451073,32.700001,2.054608,1.578153,ONO,1.528007,20.656527,83.614471,7,20,2,2014,9
2014-07-09 21:00:00,7.174474,80.932312,32.700001,1.917688,1.545756,ONO,1.102653,20.483358,86.443359,7,21,2,2014,9
2014-07-09 22:00:00,12.112651,74.585091,32.700001,1.8169,1.577926,SO,1.306525,20.602245,87.360771,7,22,2,2014,9
2014-07-09 23:00:00,14.34553,72.830231,32.700001,1.98891,1.247611,OSO,1.358343,19.701736,88.037277,7,23,2,2014,9
2014-07-10 00:00:00,21.215294,65.990555,32.700001,1.977757,0.897094,SO,1.076852,19.491352,88.938271,7,0,3,2014,10
2014-07-10 01:00:00,21.887024,63.388348,27.299999,1.983436,0.891067,OSO,1.201364,19.34507,89.539215,7,1,3,2014,10
2014-07-10 02:00:00,13.400321,68.063622,27.299999,1.840864,1.609001,OSO,1.293058,19.052536,90.98082,7,2,3,2014,10
2014-07-10 03:00:00,11.271189,70.485405,27.299999,1.969219,1.572555,SO,0.694682,18.863623,91.960587,7,3,3,2014,10
2014-07-10 04:00:00,6.559009,71.339706,27.299999,2.111714,1.544912,ENE,0.841614,18.482363,92.848434,7,4,3,2014,10
2014-07-10 05:00:00,5.674344,72.066696,27.299999,2.095718,1.538332,S,0.891924,18.245253,93.092941,7,5,3,2014,10
2014-07-10 06:00:00,4.220319,77.339653,27.299999,2.004663,1.509939,OSO,0.963696,18.065392,92.457237,7,6,3,2014,10
2014-07-10 07:00:00,6.931447,75.549927,27.299999,1.984606,1.509763,OSO,1.165141,18.012211,91.396622,7,7,3,2014,10
2014-07-10 08:00:00,9.673861,77.305557,27.299999,1.968594,1.521073,OSO,1.285228,18.696278,88.718399,7,8,3,2014,10
2014-07-10 09:00:00,10.327047,80.565483,27.299999,1.946753,1.526613,OSO,1.817924,20.011499,81.626846,7,9,3,2014,10
2014-07-10 10:00:00,9.371606,81.728493,27.299999,1.907913,1.531822,OSO,2.472871,20.735722,77.735352,7,10,3,2014,10
2014-07-10 11:00:00,8.35074,81.866661,27.299999,2.022279,1.530282,OSO,2.706161,21.428741,74.73494,7,11,3,2014,10
2014-07-10 12:00:00,7.009255,83.93631,27.299999,1.910308,1.515466,OSO,3.144705,21.638329,73.767754,7,12,3,2014,10
2014-07-10 13:00:00,9.098671,80.452202,27.299999,1.998137,1.529108,OSO,3.279773,22.147709,73.780693,7,13,3,2014,10
2014-07-10 14:00:00,7.402354,89.29483,27.299999,1.943357,1.52595,O,3.795308,21.981314,74.316277,7,14,3,2014,10
2014-07-10 15:00:00,7.142535,84.347778,27.299999,2.199071,1.522602,ONO,3.628068,22.571123,69.8526,7,15,3,2014,10
2014-07-10 16:00:00,11.313088,77.381165,27.299999,2.061147,1.544676,O,3.481951,22.835064,69.278664,7,16,3,2014,10
2014-07-10 17:00:00,11.692657,77.794228,27.299999,2.119534,1.543416,ONO,3.139992,22.712759,68.770554,7,17,3,2014,10
2014-07-10 18:00:00,11.041968,74.944519,27.299999,2.054653,1.55432,ONO,2.460955,22.442749,72.29464,7,18,3,2014,10
2014-07-10 19:00:00,9.426751,69.419426,27.299999,2.011148,1.547783,ONO,2.000015,21.761295,77.489929,7,19,3,2014,10
2014-07-10 20:00:00,9.046157,66.060242,27.299999,1.90795,1.184692,ONO,1.389502,20.845715,82.274628,7,20,3,2014,10
2014-07-10 21:00:00,8.357998,63.457996,27.299999,1.797583,1.191873,O,1.451828,20.439493,85.630615,7,21,3,2014,10
2014-07-10 22:00:00,16.361947,55.471748,27.299999,1.91423,0.505566,SO,1.348093,20.220291,87.071732,7,22,3,2014,10
2014-07-10 23:00:00,19.991842,49.955875,27.299999,1.853271,0.146879,SSO,1.343367,20.25675,86.721169,7,23,3,2014,10
2014-07-11 00:00:00,22.266036,43.666203,27.299999,2.052448,0.899945,SSO,1.338952,20.762875,87.013428,7,0,4,2014,11
2014-07-11 01:00:00,17.008201,53.876419,32.900002,1.878783,0.862851,SSO,1.924185,19.810169,88.157303,7,1,4,2014,11
2014-07-11 02:00:00,10.372269,57.569668,32.900002,1.938319,1.550615,S,2.141467,19.360569,89.74176,7,2,4,2014,11
2014-07-11 03:00:00,6.094995,61.221096,32.900002,1.909945,1.516708,S,1.849839,18.950788,91.263634,7,3,4,2014,11
2014-07-11 04:00:00,3.152621,60.396069,32.900002,1.900188,1.510247,SSO,1.262769,18.844933,91.363853,7,4,4,2014,11
2014-07-11 05:00:00,2.158896,60.362568,32.900002,1.79161,1.508189,SSE,0.878848,18.63821,90.972153,7,5,4,2014,11
2014-07-11 06:00:00,4.305738,51.718285,32.900002,1.953361,1.508849,SSE,0.599891,18.450142,91.264923,7,6,4,2014,11
2014-07-11 07:00:00,5.85677,50.865162,32.900002,1.949169,1.513341,NO,0.788879,18.730703,91.293922,7,7,4,2014,11
2014-07-11 08:00:00,9.905909,52.071228,32.900002,1.895401,1.52744,ESE,1.089388,19.398386,89.000412,7,8,4,2014,11
2014-07-11 09:00:00,24.360558,34.650742,32.900002,1.74673,1.585135,S,1.411553,20.1143,83.4086,7,9,4,2014,11
2014-07-11 10:00:00,21.352414,50.452068,32.900002,1.961625,1.231505,O,1.684368,22.024998,74.264725,7,10,4,2014,11
2014-07-11 11:00:00,19.035696,58.368652,32.900002,2.076104,1.585769,O,2.311226,22.55827,71.891129,7,11,4,2014,11
2014-07-11 12:00:00,12.237561,64.888443,32.900002,2.126129,1.537728,O,2.268933,21.904152,75.484367,7,12,4,2014,11
2014-07-11 13:00:00,11.122904,72.003899,32.900002,2.168553,1.537095,ONO,3.278208,22.132614,72.288094,7,13,4,2014,11
2014-07-11 14:00:00,8.827009,68.671997,32.900002,2.037405,1.537691,ONO,2.649681,21.448517,76.411407,7,14,4,2014,11
2014-07-11 15:00:00,9.830445,67.145813,32.900002,1.903008,1.537873,ONO,2.634346,21.822922,75.373291,7,15,4,2014,11
2014-07-11 16:00:00,9.312322,71.694427,32.900002,2.094033,1.545597,O,2.42496,22.503937,71.274155,7,16,4,2014,11
2014-07-11 17:00:00,10.841543,71.761513,32.900002,1.999843,1.554825,ONO,2.065743,22.464354,70.559326,7,17,4,2014,11
2014-07-11 18:00:00,13.281341,64.270279,32.900002,2.188297,1.581846,O,2.66344,21.605005,78.574509,7,18,4,2014,11
2014-07-11 19:00:00,13.377569,64.759644,32.900002,1.955492,1.226025,O,1.444349,21.059559,82.448517,7,19,4,2014,11
2014-07-11 20:00:00,15.501012,63.127213,32.900002,2.028079,1.220316,ONO,1.310957,21.069157,81.786087,7,20,4,2014,11
2014-07-11 21:00:00,6.395014,67.410782,32.900002,1.980756,1.523064,SO,2.503736,20.609417,86.762787,7,21,4,2014,11
2014-07-11 22:00:00,8.792259,60.57457,32.900002,2.034006,1.574098,SSE,1.038056,19.895947,88.813431,7,22,4,2014,11
2014-07-11 23:00:00,18.892897,46.465034,32.900002,2.020704,1.570192,OSO,0.946315,19.545719,88.983521,7,23,4,2014,11
2014-07-12 00:00:00,44.975875,22.626787,32.900002,1.931104,0.617772,SE,0.703141,19.5639,87.94265,7,0,5,2014,12
2014-07-12 01:00:00,60.638178,7.845048,31.5,1.828531,0.430584,SE,0.850377,19.08157,87.225105,7,1,5,2014,12
2014-07-12 02:00:00,45.220169,15.598422,31.5,2.155371,0.204625,S,1.285641,18.865231,87.361038,7,2,5,2014,12
2014-07-12 03:00:00,19.618795,38.143478,31.5,2.181099,0.846937,SSO,1.906699,18.78117,85.616096,7,3,5,2014,12
2014-07-12 04:00:00,5.461261,58.729099,31.5,2.137506,1.51712,SSO,2.465214,18.492064,89.366547,7,4,5,2014,12
2014-07-12 05:00:00,3.190006,61.519436,31.5,1.98149,1.554398,S,1.856305,18.370541,91.6586,7,5,5,2014,12
2014-07-12 06:00:00,3.326958,57.205452,31.5,2.060431,1.512841,S,1.649651,18.209946,92.982941,7,6,5,2014,12
2014-07-12 07:00:00,4.972188,64.260788,31.5,2.085313,1.526577,SSE,2.182505,18.320854,94.328751,7,7,5,2014,12
2014-07-12 08:00:00,14.006351,61.206738,31.5,1.92511,1.554432,SSE,2.344964,18.570446,93.99057,7,8,5,2014,12
2014-07-12 09:00:00,12.458139,70.935066,31.5,2.032204,1.57555,S,2.809245,19.667391,91.001083,7,9,5,2014,12
2014-07-12 10:00:00,9.363669,79.826683,31.5,1.907766,1.534487,SSO,3.19679,21.482771,74.384888,7,10,5,2014,12
2014-07-12 11:00:00,7.708905,79.403526,31.5,1.935387,1.517956,OSO,5.062114,21.410257,74.627556,7,11,5,2014,12
2014-07-12 12:00:00,5.847371,80.745148,31.5,2.026429,1.512139,OSO,5.151773,21.573227,73.431046,7,12,5,2014,12
2014-07-12 13:00:00,4.176675,74.633629,31.5,2.104761,1.51087,OSO,5.431781,21.677589,73.218796,7,13,5,2014,12
2014-07-12 14:00:00,4.229279,70.754028,31.5,2.063942,1.511848,OSO,4.660942,21.798771,74.533813,7,14,5,2014,12
2014-07-12 15:00:00,6.144166,67.330223,31.5,2.174184,1.519681,O,4.218429,21.906559,73.093033,7,15,5,2014,12
2014-07-12 16:00:00,6.800706,67.725449,31.5,2.15461,1.528904,OSO,4.083364,21.74861,73.331535,7,16,5,2014,12
2014-07-12 17:00:00,5.960018,69.170319,31.5,2.022875,1.545811,OSO,3.894503,21.543856,74.731819,7,17,5,2014,12
2014-07-12 18:00:00,7.39012,72.2705,31.5,1.87449,1.56287,OSO,3.315699,21.215034,76.665077,7,18,5,2014,12
2014-07-12 19:00:00,8.928053,66.680161,31.5,2.047797,1.567984,OSO,2.625696,20.626341,79.58564,7,19,5,2014,12
2014-07-12 20:00:00,10.179956,63.476395,31.5,1.971392,1.558605,O,1.934379,20.056744,81.857788,7,20,5,2014,12
2014-07-12 21:00:00,4.230408,72.378654,31.5,1.874685,1.512128,O,1.767329,19.809288,81.668396,7,21,5,2014,12
2014-07-12 22:00:00,10.165772,69.531837,31.5,2.02245,1.551061,OSO,1.599497,19.772352,81.65181,7,22,5,2014,12
2014-07-12 23:00:00,11.712595,68.188171,31.5,2.003563,1.549519,OSO,1.905892,19.607618,82.512077,7,23,5,2014,12
2014-07-13 00:00:00,13.019843,64.331573,31.5,2.046889,1.552894,SO,1.657839,19.418499,83.333572,7,0,6,2014,13
2014-07-13 01:00:00,9.248472,71.170044,22.0,1.926314,1.52989,OSO,2.007166,19.16721,84.173927,7,1,6,2014,13
2014-07-13 02:00:00,7.202104,73.552444,22.0,1.917164,1.518387,SO,1.709595,19.036392,83.579399,7,2,6,2014,13
2014-07-13 03:00:00,6.911001,76.641541,22.0,1.944994,1.515189,OSO,1.35033,19.023336,81.136147,7,3,6,2014,13
2014-07-13 04:00:00,2.510911,82.456436,22.0,1.865946,1.508003,SSO,1.538848,18.908392,79.732704,7,4,6,2014,13
2014-07-13 05:00:00,1.654774,81.92186,22.0,1.876102,1.508,OSO,1.451093,18.827635,79.247589,7,5,6,2014,13
2014-07-13 06:00:00,1.533281,80.004799,22.0,1.918529,1.508,S,1.092054,18.631529,79.222221,7,6,6,2014,13
2014-07-13 07:00:00,1.322532,79.027435,22.0,1.94015,1.508,SSO,1.504046,18.631123,79.184372,7,7,6,2014,13
2014-07-13 08:00:00,1.74964,80.136497,22.0,1.940636,1.508,SO,1.521308,19.085098,77.307457,7,8,6,2014,13
2014-07-13 09:00:00,2.599837,79.22551,22.0,1.9599,1.508,O,2.003177,19.509056,75.108673,7,9,6,2014,13
2014-07-13 10:00:00,3.316856,83.458755,22.0,1.94301,1.508,O,2.105385,20.561197,71.538086,7,10,6,2014,13
2014-07-13 11:00:00,3.483511,87.744354,22.0,2.054432,1.50801,O,2.506436,20.538055,69.986366,7,11,6,2014,13
2014-07-13 12:00:00,3.766119,89.027649,22.0,1.961884,1.508003,O,3.048462,20.813154,68.800873,7,12,6,2014,13
2014-07-13 13:00:00,4.331911,86.090385,22.0,2.041263,1.508007,O,3.070411,21.107618,68.298126,7,13,6,2014,13
2014-07-13 14:00:00,4.778524,81.473328,22.0,2.007805,1.508051,ONO,3.82675,21.321531,69.051315,7,14,6,2014,13
2014-07-13 15:00:00,5.162753,71.939178,22.0,2.010531,1.51074,O,3.839509,21.536665,69.871292,7,15,6,2014,13
2014-07-13 16:00:00,4.885112,64.026215,22.0,1.943549,1.511604,O,4.424399,21.283035,72.160866,7,16,6,2014,13
2014-07-13 17:00:00,5.735982,66.417473,22.0,1.907189,1.512149,O,3.506176,21.135601,73.573975,7,17,6,2014,13
2014-07-13 18:00:00,4.229193,68.22007,22.0,2.076771,1.512536,ONO,3.012292,20.566139,75.376511,7,18,6,2014,13
2014-07-13 19:00:00,6.580082,65.600365,22.0,2.026554,1.518885,ONO,2.798482,20.683475,76.596016,7,19,6,2014,13
2014-07-13 20:00:00,4.570057,67.338158,22.0,2.128204,1.508107,ONO,1.764157,19.616741,78.287857,7,20,6,2014,13
2014-07-13 21:00:00,2.525614,70.557274,22.0,1.997809,1.508009,ONO,1.89708,19.180811,80.55603,7,21,6,2014,13
2014-07-13 22:00:00,4.887663,65.316841,22.0,2.031157,1.508995,ONO,1.564193,18.974869,81.977753,7,22,6,2014,13
2014-07-13 23:00:00,5.204408,69.543831,22.0,1.995889,1.512899,ONO,1.311274,18.941292,82.127937,7,23,6,2014,13
2014-07-14 00:00:00,9.264805,65.166039,22.0,2.03207,1.525466,ONO,1.525244,18.886005,81.494095,7,0,0,2014,14
2014-07-14 01:00:00,4.851345,68.463394,19.4,1.95499,1.508924,SO,0.954476,18.650183,81.981552,7,1,0,2014,14
2014-07-14 02:00:00,7.773537,68.625175,19.4,2.121507,1.509446,ONO,1.184552,18.488571,82.443909,7,2,0,2014,14
2014-07-14 03:00:00,6.759322,71.158569,19.4,1.958384,1.509188,ONO,1.31392,18.389772,82.323669,7,3,0,2014,14
2014-07-14 04:00:00,4.185285,69.485382,19.4,2.053612,1.508,O,0.814708,17.900591,83.82373,7,4,0,2014,14
2014-07-14 05:00:00,2.967764,64.87162,19.4,2.051815,1.508,N,0.885237,17.653576,85.617737,7,5,0,2014,14
2014-07-14 06:00:00,4.330201,68.158333,19.4,2.05657,1.508,N,1.17521,17.843882,85.665649,7,6,0,2014,14
2014-07-14 07:00:00,1.652268,76.155205,19.4,2.040815,1.508,ONO,1.28566,18.201805,82.937836,7,7,0,2014,14
2014-07-14 08:00:00,3.351763,75.362022,19.4,2.089486,1.508,ONO,1.14227,19.034187,79.346222,7,8,0,2014,14
2014-07-14 09:00:00,4.894375,75.289192,19.4,2.024506,1.508,SO,1.584723,20.725014,73.589371,7,9,0,2014,14
2014-07-14 10:00:00,5.306729,76.529678,19.4,2.114402,1.508465,NO,1.886449,21.142519,71.084114,7,10,0,2014,14
2014-07-14 11:00:00,5.515482,77.599716,19.4,2.063109,1.508022,ONO,2.78049,21.168058,70.88414,7,11,0,2014,14
2014-07-14 12:00:00,4.393692,77.24929,19.4,2.078638,1.50887,ONO,2.755224,21.715303,70.848427,7,12,0,2014,14
2014-07-14 13:00:00,4.045739,77.232994,19.4,2.069517,1.508641,ONO,3.546146,21.717136,72.791794,7,13,0,2014,14
2014-07-14 14:00:00,4.51236,80.40535,19.4,2.080365,1.512609,ONO,3.814177,21.955603,73.706451,7,14,0,2014,14
2014-07-14 15:00:00,4.356956,72.741867,19.4,2.201335,1.510001,ONO,3.872261,22.013432,73.966385,7,15,0,2014,14
2014-07-14 16:00:00,4.471673,64.926361,19.4,2.228131,1.514653,ONO,3.587244,22.117996,74.336899,7,16,0,2014,14
2014-07-14 17:00:00,4.842448,64.880226,19.4,2.286324,1.521036,ONO,3.350469,22.215982,74.572784,7,17,0,2014,14
2014-07-14 18:00:00,5.992818,64.450439,19.4,2.233407,1.528954,ONO,3.460159,22.059931,76.097305,7,18,0,2014,14
2014-07-14 19:00:00,5.380818,63.774738,19.4,2.258321,1.523177,ONO,2.683883,21.554371,81.29718,7,19,0,2014,14
2014-07-14 20:00:00,5.27046,64.63726,19.4,2.033785,1.528305,ONO,1.790575,20.954111,84.116402,7,20,0,2014,14
2014-07-14 21:00:00,4.309602,65.074516,19.4,2.209508,1.513364,ONO,1.638384,20.374578,86.722565,7,21,0,2014,14
2014-07-14 22:00:00,5.192094,66.813568,19.4,2.241342,1.520625,ONO,1.692196,20.199839,87.705132,7,22,0,2014,14
2014-07-14 23:00:00,9.093686,67.934402,19.4,2.125451,1.537984,ONO,1.802043,20.654682,88.653748,7,23,0,2014,14
2014-07-15 00:00:00,5.759372,77.732651,19.4,2.121336,1.520428,ONO,1.255869,19.850496,89.043175,7,0,1,2014,15
2014-07-15 01:00:00,7.916163,74.537125,20.1,2.038038,1.521304,NO,1.072483,19.637093,88.089882,7,1,1,2014,15
2014-07-15 02:00:00,16.918386,60.766735,20.1,1.903043,1.56278,SO,0.659125,19.402016,87.234634,7,2,1,2014,15
2014-07-15 03:00:00,13.98878,68.880455,20.1,2.144128,1.543697,ONO,1.280426,19.289988,87.425491,7,3,1,2014,15
2014-07-15 04:00:00,5.35699,76.495209,20.1,2.206822,1.512033,ONO,1.361435,19.262041,88.363754,7,4,1,2014,15
2014-07-15 05:00:00,3.076471,76.138313,20.1,2.041506,1.508118,ONO,1.235996,19.297585,87.553421,7,5,1,2014,15
2014-07-15 06:00:00,3.170974,68.495102,20.1,2.09458,1.508072,ONO,0.784964,19.134413,87.188858,7,6,1,2014,15
2014-07-15 07:00:00,3.599269,66.623741,20.1,2.171597,1.508503,ONO,0.946867,19.398659,87.462418,7,7,1,2014,15
2014-07-15 08:00:00,8.464428,62.547901,20.1,2.132137,1.514023,NO,1.195635,20.4611,83.984024,7,8,1,2014,15
2014-07-15 09:00:00,15.758875,57.315525,20.1,1.860264,1.523052,NO,1.849395,21.518417,78.040802,7,9,1,2014,15
2014-07-15 10:00:00,9.801618,61.496105,20.1,2.169693,1.520722,ONO,2.233286,21.902695,76.847855,7,10,1,2014,15
2014-07-15 11:00:00,6.729123,65.962494,20.1,2.302151,1.51792,ONO,2.808762,22.170332,75.727684,7,11,1,2014,15
2014-07-15 12:00:00,6.594523,67.110931,20.1,2.27991,1.51452,ONO,3.494931,22.035885,76.979485,7,12,1,2014,15
2014-07-15 13:00:00,5.769222,72.058289,20.1,2.384067,1.518586,ONO,2.379753,23.441223,71.936615,7,13,1,2014,15
2014-07-15 14:00:00,4.612045,71.985298,20.1,2.205687,1.515265,ONO,2.999545,23.316275,71.390144,7,14,1,2014,15
2014-07-15 15:00:00,4.370917,73.287041,20.1,2.14353,1.523099,ONO,2.527124,23.914328,70.363792,7,15,1,2014,15
2014-07-15 16:00:00,4.745548,68.767044,20.1,2.23702,1.521506,ONO,2.898286,23.90283,71.438812,7,16,1,2014,15
2014-07-15 17:00:00,5.175376,61.26722,20.1,2.407406,1.530375,ONO,3.03881,23.411343,74.875732,7,17,1,2014,15
2014-07-15 18:00:00,8.729042,54.836929,20.1,2.363033,1.539327,NO,2.296561,23.481754,74.294937,7,18,1,2014,15
2014-07-15 19:00:00,7.158233,60.65152,20.1,2.307286,1.532194,ONO,2.394868,22.949566,75.191971,7,19,1,2014,15
2014-07-15 20:00:00,6.17617,59.145596,20.1,2.3763,1.542447,ONO,1.341814,21.982126,82.660934,7,20,1,2014,15
2014-07-15 21:00:00,5.793828,59.568344,20.1,2.228921,1.540079,ONO,1.453786,21.525099,86.078659,7,21,1,2014,15
2014-07-15 22:00:00,11.107348,55.737953,20.1,2.133528,1.21731,ONO,1.548099,21.343443,88.275848,7,22,1,2014,15
2014-07-15 23:00:00,13.419165,60.841171,20.1,2.308106,1.607798,ONO,0.926868,21.155985,90.177223,7,23,1,2014,15
2014-07-16 00:00:00,12.980356,65.86879,20.1,2.231092,1.217352,ONO,1.153445,21.045416,91.132782,7,0,2,2014,16
2014-07-16 01:00:00,9.16647,76.156273,28.299999,2.195047,1.561637,ONO,1.228382,20.736908,91.46463,7,1,2,2014,16
2014-07-16 02:00:00,9.400071,84.473854,28.299999,2.231143,1.58021,O,1.614779,20.712048,90.992844,7,2,2,2014,16
2014-07-16 03:00:00,5.830216,94.04493,28.299999,2.234272,1.563528,SSO,1.145341,20.642586,90.774933,7,3,2,2014,16
2014-07-16 04:00:00,4.466774,91.406204,28.299999,2.263995,1.568764,SSO,0.872993,20.594425,90.019913,7,4,2,2014,16
2014-07-16 05:00:00,3.105559,92.665924,28.299999,2.112902,1.539312,OSO,1.244953,20.471682,89.262924,7,5,2,2014,16
2014-07-16 06:00:00,2.614047,94.254242,28.299999,2.101432,1.518992,SO,1.523303,20.471758,89.64357,7,6,2,2014,16
2014-07-16 07:00:00,3.067796,97.994049,28.299999,2.276877,1.52263,SSO,1.666264,20.714781,90.985756,7,7,2,2014,16
2014-07-16 08:00:00,6.793858,87.914314,28.299999,2.277945,1.533249,SO,1.551,20.635294,88.628922,7,8,2,2014,16
2014-07-16 09:00:00,12.151393,81.047096,28.299999,2.194761,1.591156,SSO,1.991344,21.981449,82.564201,7,9,2,2014,16
2014-07-16 10:00:00,8.929449,79.876526,28.299999,2.268403,1.568997,OSO,2.533136,22.611553,79.250107,7,10,2,2014,16
2014-07-16 11:00:00,7.583,73.900589,28.299999,2.184826,1.558144,OSO,2.519466,23.5135,75.599342,7,11,2,2014,16
2014-07-16 12:00:00,7.5023,68.631065,28.299999,2.211425,1.563589,OSO,2.948504,24.064613,74.693604,7,12,2,2014,16
2014-07-16 13:00:00,8.152965,78.271538,28.299999,2.234133,1.557613,OSO,3.078198,23.89011,75.643234,7,13,2,2014,16
2014-07-16 14:00:00,8.901014,83.144768,28.299999,2.066417,1.551036,O,3.335213,24.143875,72.869965,7,14,2,2014,16
2014-07-16 15:00:00,9.310144,81.082405,28.299999,2.101909,1.555463,OSO,3.360947,24.313358,70.886581,7,15,2,2014,16
2014-07-16 16:00:00,10.487254,78.667839,28.299999,2.018464,1.572165,O,3.407622,24.549959,69.351814,7,16,2,2014,16
2014-07-16 17:00:00,9.938097,69.57325,28.299999,1.984656,1.577617,O,3.170954,23.719475,76.877525,7,17,2,2014,16
2014-07-16 18:00:00,12.28983,70.499725,28.299999,2.199872,1.586455,O,2.865941,23.245083,77.539276,7,18,2,2014,16
2014-07-16 19:00:00,15.366649,78.135567,28.299999,2.077703,1.234427,O,2.164433,23.179895,73.569427,7,19,2,2014,16
2014-07-16 20:00:00,12.971979,82.475319,28.299999,1.939859,0.855365,OSO,2.124127,22.822889,72.233139,7,20,2,2014,16
2014-07-16 21:00:00,5.386868,74.293747,28.299999,1.901897,1.54765,O,1.857152,21.616879,85.222023,7,21,2,2014,16
2014-07-16 22:00:00,9.777347,73.628387,28.299999,1.950576,1.575194,SO,1.908648,21.270554,87.782494,7,22,2,2014,16
2014-07-16 23:00:00,10.544178,72.994019,28.299999,1.84839,1.570587,SO,2.303538,21.076313,88.654045,7,23,2,2014,16
2014-07-17 00:00:00,10.170005,73.22673,28.299999,1.829145,1.574888,SO,2.441062,21.014992,89.306404,7,0,3,2014,17
2014-07-17 01:00:00,9.159653,77.9702,26.1,1.942967,1.554736,SO,2.554881,20.91592,89.50573,7,1,3,2014,17
2014-07-17 02:00:00,7.737076,78.879745,26.1,1.896634,1.540521,OSO,2.556583,20.758242,89.399811,7,2,3,2014,17
2014-07-17 03:00:00,4.188498,85.432915,26.1,1.97713,1.518025,SO,2.405404,20.521944,89.397202,7,3,3,2014,17
2014-07-17 04:00:00,3.246288,87.335945,26.1,1.923177,1.513908,SO,1.759006,20.51601,89.43634,7,4,3,2014,17
2014-07-17 05:00:00,1.794837,89.416473,26.1,1.824387,1.50842,SO,1.459807,20.605549,89.050575,7,5,3,2014,17
2014-07-17 06:00:00,2.020923,89.552498,26.1,1.818526,1.508771,OSO,1.401617,20.752783,87.98494,7,6,3,2014,17
2014-07-17 07:00:00,3.816432,87.403854,26.1,1.827393,1.509877,SO,1.71116,20.912462,87.252068,7,7,3,2014,17
2014-07-17 08:00:00,6.192722,83.057739,26.1,1.914702,1.518027,SO,2.278674,21.182405,86.039001,7,8,3,2014,17
2014-07-17 09:00:00,9.692408,78.299774,26.1,1.942008,1.538357,SO,2.569468,21.448414,84.388344,7,9,3,2014,17
2014-07-17 10:00:00,11.315245,76.349625,26.1,1.966127,1.537542,OSO,3.033095,22.079571,79.830246,7,10,3,2014,17
2014-07-17 11:00:00,10.08334,76.474937,26.1,1.985177,1.532797,SO,3.824334,22.418329,76.646866,7,11,3,2014,17
2014-07-17 12:00:00,8.509184,74.178307,26.1,2.000791,1.532595,OSO,3.739483,22.433624,75.892593,7,12,3,2014,17
2014-07-17 13:00:00,7.72404,76.185738,26.1,1.989236,1.525666,OSO,3.557956,22.479515,76.970192,7,13,3,2014,17
2014-07-17 14:00:00,8.822227,64.81218,26.1,2.018403,1.544659,O,3.606636,22.131258,81.971306,7,14,3,2014,17
2014-07-17 15:00:00,9.703985,62.09761,26.1,2.000583,1.535963,ONO,3.508825,21.64035,84.949158,7,15,3,2014,17
2014-07-17 16:00:00,10.890906,62.988213,26.1,1.999632,1.564371,O,3.283761,21.597954,84.000336,7,16,3,2014,17
2014-07-17 17:00:00,12.105719,60.264317,26.1,2.100769,1.586499,O,3.33349,21.168194,84.429626,7,17,3,2014,17
2014-07-17 18:00:00,15.837473,52.706028,26.1,1.980475,1.594037,O,3.120004,20.735859,84.743393,7,18,3,2014,17
2014-07-17 19:00:00,13.052281,53.795403,26.1,2.024998,1.228796,OSO,2.775336,20.456656,84.153275,7,19,3,2014,17
2014-07-17 20:00:00,8.578146,57.8125,26.1,1.989681,1.538674,OSO,2.406655,20.225615,83.323029,7,20,3,2014,17
2014-07-17 21:00:00,3.779989,63.535526,26.1,1.765885,1.511368,SO,2.179596,20.70993,82.684341,7,21,3,2014,17
2014-07-17 22:00:00,10.499744,58.805416,26.1,1.870274,1.537417,SO,2.13464,20.996571,82.614365,7,22,3,2014,17
2014-07-17 23:00:00,14.058269,52.360104,26.1,1.932805,1.56374,SSO,2.026635,19.968458,82.54277,7,23,3,2014,17
2014-07-18 00:00:00,10.558858,54.496986,26.1,1.710933,1.544538,SSO,2.451733,20.318218,82.094498,7,0,4,2014,18
2014-07-18 01:00:00,10.014997,59.152351,15.5,1.886491,1.524499,SSO,2.5478,20.293324,80.876816,7,1,4,2014,18
2014-07-18 02:00:00,9.115108,58.71859,15.5,2.011231,1.525132,SO,2.308991,19.896318,80.245285,7,2,4,2014,18
2014-07-18 03:00:00,5.816267,62.787231,15.5,1.923041,1.518794,OSO,2.198784,19.820446,80.735977,7,3,4,2014,18
2014-07-18 04:00:00,3.218086,68.935745,15.5,1.851511,1.508936,OSO,2.289202,19.810034,80.502136,7,4,4,2014,18
2014-07-18 05:00:00,2.452343,71.849586,15.5,1.751787,1.508625,OSO,2.22442,19.73155,81.306885,7,5,4,2014,18
2014-07-18 06:00:00,2.525692,67.629913,15.5,1.853648,1.508071,OSO,2.022024,19.716152,81.09198,7,6,4,2014,18
2014-07-18 07:00:00,3.895875,70.207962,15.5,1.790091,1.508,OSO,1.24396,19.737858,78.508209,7,7,4,2014,18
2014-07-18 08:00:00,5.38275,69.458878,15.5,1.628561,1.508281,O,1.424948,20.276058,76.905472,7,8,4,2014,18
2014-07-18 09:00:00,10.711855,65.476395,15.5,1.989131,1.514405,O,1.584924,20.309729,75.40551,7,9,4,2014,18
2014-07-18 10:00:00,9.551342,63.713486,15.5,1.946676,1.520026,O,2.480663,20.648827,73.275375,7,10,4,2014,18
2014-07-18 11:00:00,7.340044,62.074799,15.5,1.918467,1.509117,ONO,2.819154,20.678911,72.456558,7,11,4,2014,18
2014-07-18 12:00:00,5.606662,58.930885,15.5,1.873112,1.509056,ONO,3.214667,20.869591,71.525948,7,12,4,2014,18
2014-07-18 13:00:00,4.905751,56.239922,15.5,1.929732,1.508743,ONO,3.534913,21.216389,68.354057,7,13,4,2014,18
2014-07-18 14:00:00,2.658015,57.098221,15.5,2.007765,1.508,ONO,2.695849,21.749594,66.88726,7,14,4,2014,18
2014-07-18 15:00:00,3.333848,51.286324,15.5,2.02083,1.508,ONO,3.074978,21.949093,64.888214,7,15,4,2014,18
2014-07-18 16:00:00,3.159025,49.358501,15.5,1.970423,1.508,ONO,3.057224,21.824821,65.898621,7,16,4,2014,18
2014-07-18 17:00:00,3.937222,50.450912,15.5,1.937614,1.509572,ONO,3.6303010000000002,21.626307,67.715576,7,17,4,2014,18
2014-07-18 18:00:00,4.391025,53.983383,15.5,2.060842,1.508093,ONO,3.489153,21.20133,69.596764,7,18,4,2014,18
2014-07-18 19:00:00,4.495563,54.037155,15.5,2.087529,1.508,ONO,3.401704,20.526388,72.519066,7,19,4,2014,18
2014-07-18 20:00:00,4.86286,45.259327,15.5,1.831599,1.508,ONO,2.653237,20.248678,73.111153,7,20,4,2014,18
2014-07-18 21:00:00,2.575371,46.680756,15.5,1.955113,1.508,ONO,1.489229,19.837845,74.878578,7,21,4,2014,18
2014-07-18 22:00:00,4.50625,46.114197,15.5,2.0164,1.508,ONO,1.178668,19.567053,76.889534,7,22,4,2014,18
2014-07-18 23:00:00,10.425376,37.525959,15.5,1.863417,1.508919,ONO,1.20524,19.361349,78.39296,7,23,4,2014,18
2014-07-19 00:00:00,11.862209,34.002922,15.5,1.888563,1.512685,ONO,1.227112,19.414394,79.430367,7,0,5,2014,19
2014-07-19 01:00:00,5.397918,40.257675,7.7,1.934175,1.508,N,1.103415,19.547348,78.093475,7,1,5,2014,19
2014-07-19 02:00:00,8.587352,39.279968,7.7,1.988806,1.508894,OSO,1.067395,19.436577,77.256409,7,2,5,2014,19
2014-07-19 03:00:00,9.81693,40.090645,7.7,2.093056,1.508003,ONO,1.281608,19.326586,78.445602,7,3,5,2014,19
2014-07-19 04:00:00,9.524291,38.428795,7.7,1.93332,1.508,ONO,1.105998,19.088625,79.299316,7,4,5,2014,19
2014-07-19 05:00:00,3.474238,44.227596,7.7,1.939656,1.508,ONO,1.180059,19.142925,77.234535,7,5,5,2014,19
2014-07-19 06:00:00,3.020673,44.11261,7.7,1.949631,1.508,ONO,1.281327,19.235077,76.518417,7,6,5,2014,19
2014-07-19 07:00:00,2.87132,46.145569,7.7,1.79491,1.508,ONO,1.474876,19.660122,73.750542,7,7,5,2014,19
2014-07-19 08:00:00,2.551821,47.265285,7.7,1.738811,1.508,NO,1.648815,20.593374,70.010651,7,8,5,2014,19
2014-07-19 09:00:00,2.553395,49.058029,7.7,1.920155,1.508,SO,2.046188,20.927658,68.798943,7,9,5,2014,19
2014-07-19 10:00:00,2.700495,50.856533,7.7,2.052632,1.508,SO,1.791683,21.687017,65.712006,7,10,5,2014,19
2014-07-19 11:00:00,4.124523,51.32338,7.7,2.370479,1.509195,OSO,2.209356,22.333672,62.118675,7,11,5,2014,19
2014-07-19 12:00:00,4.37516,50.43718,7.7,3.139028,1.508,ONO,3.552099,21.88455,63.818787,7,12,5,2014,19
2014-07-19 13:00:00,3.057633,50.208237,7.7,2.634123,1.508,ONO,3.6846,22.017706,63.207943,7,13,5,2014,19
2014-07-19 14:00:00,2.475255,51.575054,7.7,2.258396,1.508,ONO,4.001303,21.844595,64.485794,7,14,5,2014,19
2014-07-19 15:00:00,3.005158,52.174431,7.7,2.20122,1.508,ONO,3.563599,22.164429,63.755493,7,15,5,2014,19
2014-07-19 16:00:00,3.694276,48.680843,7.7,2.138892,1.508536,ONO,3.690557,22.043787,63.882954,7,16,5,2014,19
2014-07-19 17:00:00,4.319954,46.188538,7.7,2.101584,1.508,ONO,3.751743,22.05308,62.782494,7,17,5,2014,19
2014-07-19 18:00:00,3.183319,45.542809,7.7,2.168726,1.508,ONO,3.549999,21.882446,64.57431,7,18,5,2014,19
2014-07-19 19:00:00,4.180098,49.709881,7.7,1.997029,1.508,ONO,3.035506,21.4011,69.274826,7,19,5,2014,19
2014-07-19 20:00:00,4.007772,44.832924,7.7,1.97686,1.508,ONO,2.447195,20.800978,72.468353,7,20,5,2014,19
2014-07-19 21:00:00,2.233602,45.486332,7.7,1.969699,1.508,SO,1.835384,20.728464,71.193497,7,21,5,2014,19
2014-07-19 22:00:00,4.632558,41.574379,7.7,1.851301,1.508248,ONO,1.436083,20.688917,72.295578,7,22,5,2014,19
2014-07-19 23:00:00,8.682199,37.365555,7.7,1.942623,1.509573,ONO,1.195742,20.274897,75.121628,7,23,5,2014,19
2014-07-20 00:00:00,12.972288,32.443237,7.7,1.866739,1.511679,ONO,1.09946,20.321915,78.903824,7,0,6,2014,20
2014-07-20 01:00:00,21.835847,27.698807,11.8,1.895948,1.545808,ONO,1.049816,19.738808,81.362366,7,1,6,2014,20
2014-07-20 02:00:00,15.249559,28.86047,11.8,1.918219,1.53122,ONO,0.938525,19.63224,83.186508,7,2,6,2014,20
2014-07-20 03:00:00,9.755443,34.065811,11.8,2.107954,1.515936,ONO,1.091924,20.294714,82.740067,7,3,6,2014,20
2014-07-20 04:00:00,4.234613,42.43766,11.8,1.967641,1.508,NO,1.453424,19.826618,82.249832,7,4,6,2014,20
2014-07-20 05:00:00,2.607053,43.699898,11.8,1.854708,1.508059,ONO,0.98814,19.694344,81.993866,7,5,6,2014,20
2014-07-20 06:00:00,5.896713,38.304752,11.8,1.827997,1.508,S,0.799611,19.467747,83.398216,7,6,6,2014,20
2014-07-20 07:00:00,4.572015,37.729855,11.8,1.913341,1.508112,NE,1.282081,20.254759,81.768524,7,7,6,2014,20
2014-07-20 08:00:00,5.804303,40.591084,11.8,1.795927,1.508053,OSO,1.393517,20.173927,79.294098,7,8,6,2014,20
2014-07-20 09:00:00,3.595571,52.068726,11.8,1.919698,1.508006,NO,1.971884,20.612129,76.175583,7,9,6,2014,20
2014-07-20 10:00:00,2.507945,54.71553,11.8,1.861118,1.508168,NO,2.429216,21.324718,71.808945,7,10,6,2014,20
2014-07-20 11:00:00,2.021084,57.851936,11.8,1.867935,1.508035,NO,2.805462,21.757698,69.70974,7,11,6,2014,20
2014-07-20 12:00:00,2.237141,60.693428,11.8,1.87717,1.508,NO,3.102678,22.243355,66.131256,7,12,6,2014,20
2014-07-20 13:00:00,2.715905,60.329815,11.8,1.919321,1.508013,NO,3.746812,22.502985,64.796776,7,13,6,2014,20
2014-07-20 14:00:00,1.69073,60.299282,11.8,1.89774,1.508,ONO,3.771004,22.548332,61.983925,7,14,6,2014,20
2014-07-20 15:00:00,2.593211,61.061245,11.8,1.946777,1.508,ONO,3.798778,22.491861,63.722561,7,15,6,2014,20
2014-07-20 16:00:00,1.8504,65.437904,11.8,1.934135,1.508118,ONO,3.89167,22.340965,65.144753,7,16,6,2014,20
2014-07-20 17:00:00,1.733122,65.379112,11.8,1.971095,1.508016,ONO,2.944993,22.421518,64.730774,7,17,6,2014,20
2014-07-20 18:00:00,2.102182,66.683975,11.8,1.981252,1.508037,ONO,2.65683,22.093204,65.241219,7,18,6,2014,20
2014-07-20 19:00:00,3.822343,66.241203,11.8,1.926624,1.508807,ONO,2.523334,21.436611,68.696007,7,19,6,2014,20
2014-07-20 20:00:00,5.271012,65.725441,11.8,1.879947,1.510942,ONO,2.281525,20.679962,71.948181,7,20,6,2014,20
2014-07-20 21:00:00,2.505322,63.546112,11.8,1.909966,1.508715,O,1.9516,20.333504,74.622612,7,21,6,2014,20
2014-07-20 22:00:00,4.850367,61.117405,11.8,1.876319,1.515982,NNO,1.743719,20.256683,75.744202,7,22,6,2014,20
2014-07-20 23:00:00,6.790999,65.511566,11.8,1.884916,1.520668,NO,1.525261,19.919144,77.610703,7,23,6,2014,20
2014-07-21 00:00:00,9.239986,58.746391,11.8,1.82235,1.524009,S,1.583741,19.518349,77.532089,7,0,0,2014,21
2014-07-21 01:00:00,8.712062,51.814133,14.9,1.885832,1.519958,S,1.745175,19.472359,76.784256,7,1,0,2014,21
2014-07-21 02:00:00,7.576166,51.52161,14.9,1.899038,1.5213700000000001,S,1.417503,19.482466,77.589706,7,2,0,2014,21
2014-07-21 03:00:00,6.232542,55.410278,14.9,2.016304,1.512693,E,1.722211,19.276457,79.074821,7,3,0,2014,21
2014-07-21 04:00:00,4.514037,55.713291,14.9,1.999662,1.508103,E,1.840954,19.121729,80.4049,7,4,0,2014,21
2014-07-21 05:00:00,4.837556,54.932182,14.9,1.995603,1.508001,N,1.961504,18.784901,80.62513,7,5,0,2014,21
2014-07-21 06:00:00,6.837807,51.318691,14.9,1.84952,1.508328,NNE,1.297467,18.645639,81.355453,7,6,0,2014,21
2014-07-21 07:00:00,13.762904,41.844276,14.9,2.190914,1.51457,NNE,1.595852,18.761059,81.765427,7,7,0,2014,21
2014-07-21 08:00:00,12.678404,47.593575,14.9,4.361878,1.522893,NNE,2.042042,20.252689,76.478325,7,8,0,2014,21
2014-07-21 09:00:00,12.527258,51.564369,14.9,5.090587,1.518288,ESE,1.885422,21.140247,68.340492,7,9,0,2014,21
2014-07-21 10:00:00,7.635683,58.816559,14.9,4.086131,1.509561,NO,2.202321,21.850599,62.605289,7,10,0,2014,21
2014-07-21 11:00:00,5.580378,66.744476,14.9,2.913085,1.50914,ONO,2.741606,22.456385,59.442886,7,11,0,2014,21
2014-07-21 12:00:00,5.328161,70.860962,14.9,2.542203,1.508,ONO,2.822199,23.060541,57.108196,7,12,0,2014,21
2014-07-21 13:00:00,5.459842,75.337021,14.9,2.283387,1.511524,ONO,3.149477,22.804132,62.876717,7,13,0,2014,21
2014-07-21 14:00:00,5.69056,70.635605,14.9,2.291103,1.516274,ONO,3.955354,22.733822,69.668907,7,14,0,2014,21
2014-07-21 15:00:00,3.822578,73.190376,14.9,2.289269,1.510481,ONO,3.927179,22.984333,71.289444,7,15,0,2014,21
2014-07-21 16:00:00,4.318625,76.58783,14.9,2.203559,1.509056,ONO,3.58861,23.156357,71.626923,7,16,0,2014,21
2014-07-21 17:00:00,4.399462,73.049049,14.9,2.036083,1.514346,SO,2.520366,24.05081,69.613029,7,17,0,2014,21
2014-07-21 18:00:00,4.427395,76.320511,14.9,2.116779,1.508172,ONO,3.071304,22.675385,73.266754,7,18,0,2014,21
2014-07-21 19:00:00,3.827126,74.575287,14.9,2.195304,1.508148,ONO,2.892479,21.746845,78.669006,7,19,0,2014,21
2014-07-21 20:00:00,4.17247,75.499535,14.9,2.001435,1.509409,ONO,1.687044,21.34412,81.53334,7,20,0,2014,21
2014-07-21 21:00:00,2.379163,80.032776,14.9,2.13616,1.509027,ONO,1.500288,21.028288,83.939903,7,21,0,2014,21
2014-07-21 22:00:00,8.698537,71.432457,14.9,1.968543,1.519062,ONO,1.282445,20.723545,85.745865,7,22,0,2014,21
2014-07-21 23:00:00,12.224372,69.947731,14.9,2.072593,1.542691,ONO,1.358849,20.591644,85.394684,7,23,0,2014,21
2014-07-22 00:00:00,15.222281,63.420227,14.9,2.029224,1.556788,ONO,1.042331,20.431116,86.343582,7,0,1,2014,22
2014-07-22 01:00:00,15.938559,60.71241,20.200001,1.929791,1.568089,ONO,0.85053,20.500723,87.913879,7,1,1,2014,22
2014-07-22 02:00:00,19.600006,54.026485,20.200001,2.060207,1.583653,NO,0.980394,20.281826,88.933426,7,2,1,2014,22
2014-07-22 03:00:00,17.905915,52.879238,20.200001,2.110197,1.572463,ONO,0.718825,19.743795,90.078934,7,3,1,2014,22
2014-07-22 04:00:00,9.474341,62.960632,20.200001,1.730739,1.533962,N,0.66583,19.608261,90.517807,7,4,1,2014,22
2014-07-22 05:00:00,9.77521,59.209366,20.200001,2.038542,1.51896,ONO,0.948801,19.538223,91.192413,7,5,1,2014,22
2014-07-22 06:00:00,5.836259,61.970493,20.200001,2.213702,1.510924,ONO,0.96365,19.300604,91.851181,7,6,1,2014,22
2014-07-22 07:00:00,6.491526,59.031677,20.200001,2.067669,1.512726,ONO,0.648319,19.455738,92.323502,7,7,1,2014,22
2014-07-22 08:00:00,6.153661,61.216179,20.200001,2.150714,1.514643,ONO,1.206503,20.232737,89.21785,7,8,1,2014,22
2014-07-22 09:00:00,5.932167,67.26786,20.200001,2.204227,1.515789,ONO,2.027926,21.505461,75.28965,7,9,1,2014,22
2014-07-22 10:00:00,10.364512,65.930466,20.200001,2.142368,1.547467,ONO,2.522351,22.079029,72.525238,7,10,1,2014,22
2014-07-22 11:00:00,7.381936,70.030724,20.200001,2.120148,0.38878,ONO,3.032907,22.140247,73.720764,7,11,1,2014,22
2014-07-22 12:00:00,7.046272,75.851761,20.200001,2.08975,0.008643,O,3.780664,22.074821,75.514038,7,12,1,2014,22
2014-07-22 13:00:00,8.886894,71.441711,20.200001,2.211302,0.03029,O,3.550349,22.509295,74.726501,7,13,1,2014,22
2014-07-22 14:00:00,7.782826,70.371475,20.200001,2.260628,0.016641,ONO,3.614517,22.988232,71.969986,7,14,1,2014,22
2014-07-22 15:00:00,7.961237,70.419785,20.200001,2.245708,0.020571,ONO,3.921092,22.865828,72.991081,7,15,1,2014,22
2014-07-22 16:00:00,8.707253,73.190483,20.200001,2.178047,0.026533,O,4.05122,22.608501,75.07991,7,16,1,2014,22
2014-07-22 17:00:00,9.081105,72.235809,20.200001,2.229728,0.044233,O,3.606361,22.270216,76.924469,7,17,1,2014,22
2014-07-22 18:00:00,9.781231,75.219887,20.200001,2.144819,0.041848,O,3.247645,21.899912,78.279984,7,18,1,2014,22
2014-07-22 19:00:00,8.720804,108.22789,20.200001,2.208266,0.065682,ONO,2.539703,21.62322,79.009018,7,19,1,2014,22
2014-07-22 20:00:00,12.168134,80.795593,20.200001,2.322799,0.101901,O,2.35634,21.073803,81.29084,7,20,1,2014,22
2014-07-22 21:00:00,6.0115,84.851357,20.200001,2.055606,0.042555,OSO,1.760223,20.641163,84.105858,7,21,1,2014,22
2014-07-22 22:00:00,10.608211,79.558228,20.200001,2.234488,0.06437,SO,1.974851,20.412395,85.410324,7,22,1,2014,22
2014-07-22 23:00:00,12.755918,78.029732,20.200001,2.1459,0.08332,SO,2.009651,20.225986,86.629997,7,23,1,2014,22
2014-07-23 00:00:00,15.900199,74.935013,20.200001,2.174512,0.113941,OSO,2.194253,19.923756,87.893204,7,0,2,2014,23
2014-07-23 01:00:00,14.892371,75.156242,22.700001,2.302875,0.097599,O,1.316541,19.692646,88.768379,7,1,2,2014,23
2014-07-23 02:00:00,10.293002,77.830139,22.700001,2.304952,0.05451,ONO,1.43257,19.535614,88.941727,7,2,2,2014,23
2014-07-23 03:00:00,5.655241,83.713669,22.700001,2.181078,0.017109,O,1.377459,19.403608,87.725708,7,3,2,2014,23
2014-07-23 04:00:00,3.884504,88.243263,22.700001,2.249104,0.009444,OSO,1.648703,19.528559,85.598976,7,4,2,2014,23
2014-07-23 05:00:00,3.322749,87.259743,22.700001,2.29655,0.001991,SO,1.379959,19.479717,86.828964,7,5,2,2014,23
2014-07-23 06:00:00,3.781111,79.893692,22.700001,2.250826,0.004164,SO,1.392078,19.300842,88.034462,7,6,2,2014,23
2014-07-23 07:00:00,6.723494,70.285904,22.700001,2.272077,0.003829,SO,1.161654,19.168058,87.808983,7,7,2,2014,23
2014-07-23 08:00:00,9.174858,70.808937,22.700001,2.278642,0.011447,OSO,1.765664,19.649147,82.925613,7,8,2,2014,23
2014-07-23 09:00:00,9.373453,73.760574,22.700001,2.188514,0.026405,OSO,2.172081,20.248203,76.33622,7,9,2,2014,23
2014-07-23 10:00:00,8.64899,75.572845,22.700001,2.28623,0.017138,OSO,2.983611,20.507835,73.877663,7,10,2,2014,23
2014-07-23 11:00:00,8.007322,74.563797,22.700001,2.327444,0.005451,O,3.157489,20.935795,71.819092,7,11,2,2014,23
2014-07-23 12:00:00,6.957664,77.099121,22.700001,2.272015,0.004797,O,3.389739,21.02198,70.50502,7,12,2,2014,23
2014-07-23 13:00:00,6.96699,79.512321,22.700001,2.201079,0.00183,ONO,4.54759,20.851311,71.656731,7,13,2,2014,23
2014-07-23 14:00:00,6.643547,83.373283,22.700001,2.091747,0.003863,ONO,4.118251,20.925316,71.242035,7,14,2,2014,23
2014-07-23 15:00:00,8.402191,80.495522,22.700001,2.197188,0.013085,ONO,3.94808,20.98311,71.365623,7,15,2,2014,23
2014-07-23 16:00:00,7.366629,78.352554,22.700001,2.270504,0.017431,ONO,4.192833,20.747288,72.147873,7,16,2,2014,23
2014-07-23 17:00:00,10.184118,73.606735,22.700001,2.231653,0.029247,ONO,4.221201,20.601412,72.254448,7,17,2,2014,23
2014-07-23 18:00:00,10.268519,70.304916,22.700001,2.249464,0.039198,ONO,3.94679,20.310747,73.550842,7,18,2,2014,23
2014-07-23 19:00:00,10.704767,72.101616,22.700001,2.214012,0.038828,ONO,3.213107,20.093103,73.909851,7,19,2,2014,23
2014-07-23 20:00:00,12.855285,67.339935,22.700001,2.323461,0.058213,O,2.461683,19.998949,75.335777,7,20,2,2014,23
2014-07-23 21:00:00,5.185723,70.085335,22.700001,2.088709,0.009737,O,2.405623,19.798027,75.545715,7,21,2,2014,23
2014-07-23 22:00:00,11.518614,61.805225,22.700001,2.168697,0.037716,O,2.189852,19.777609,74.395981,7,22,2,2014,23
2014-07-23 23:00:00,13.393533,60.403389,22.700001,2.136342,0.047235,O,2.281271,19.589506,75.039513,7,23,2,2014,23
2014-07-24 00:00:00,13.561795,63.008934,22.700001,2.278287,0.044782,O,2.110762,19.448549,74.974396,7,0,3,2014,24
2014-07-24 01:00:00,11.925864,66.407684,20.5,2.117804,0.043524,ONO,2.221011,19.302029,74.973846,7,1,3,2014,24
2014-07-24 02:00:00,9.607101,69.555511,20.5,1.993793,0.013059,O,1.966215,19.188034,73.347198,7,2,3,2014,24
2014-07-24 03:00:00,8.154474,64.411522,20.5,2.161517,0.003104,ONO,1.804451,19.144722,73.273064,7,3,3,2014,24
2014-07-24 04:00:00,2.960584,68.681061,20.5,2.287947,0.0,O,1.600588,19.029102,73.077301,7,4,3,2014,24
2014-07-24 05:00:00,2.793564,68.208618,20.5,2.182493,0.0,O,1.738664,18.941833,73.225449,7,5,3,2014,24
2014-07-24 06:00:00,2.793014,66.098915,20.5,2.267556,7e-06,OSO,1.872716,18.92976,72.625183,7,6,3,2014,24
2014-07-24 07:00:00,4.376969,63.231804,20.5,2.137073,0.0,OSO,2.337805,19.005392,71.192947,7,7,3,2014,24
2014-07-24 08:00:00,8.103291,60.56076,20.5,2.212229,0.00036,O,1.969177,19.401711,69.182648,7,8,3,2014,24
2014-07-24 09:00:00,6.765439,68.031494,20.5,2.227039,0.002091,OSO,2.28921,20.050299,67.434845,7,9,3,2014,24
2014-07-24 10:00:00,7.728547,69.787712,20.5,2.187777,0.007079,O,2.412916,20.431082,66.296638,7,10,3,2014,24
2014-07-24 11:00:00,7.145484,69.958839,20.5,2.272976,0.003376,OSO,2.465292,21.158188,64.140411,7,11,3,2014,24
2014-07-24 12:00:00,6.347296,69.905502,20.5,2.276106,0.000248,O,3.246624,21.261499,63.878376,7,12,3,2014,24
2014-07-24 13:00:00,6.012762,70.547195,20.5,2.044747,8.4e-05,ONO,4.220031,21.234602,65.671181,7,13,3,2014,24
2014-07-24 14:00:00,6.506478,65.753914,20.5,2.267887,0.00134,O,4.284361,21.476498,65.540192,7,14,3,2014,24
2014-07-24 15:00:00,8.106522,66.285301,20.5,1.996351,0.002937,O,4.163317,21.578144,65.203293,7,15,3,2014,24
2014-07-24 16:00:00,8.26894,69.170845,20.5,2.332141,0.013546,ONO,4.082854,20.95211,68.69207,7,16,3,2014,24
2014-07-24 17:00:00,8.243302,70.639328,20.5,2.396488,0.010983,ONO,4.12621,20.683014,70.480263,7,17,3,2014,24
2014-07-24 18:00:00,12.562967,71.957558,20.5,2.433548,0.03627,ONO,3.706895,20.650761,72.127258,7,18,3,2014,24
2014-07-24 19:00:00,14.051765,66.775742,20.5,2.407424,0.080386,ONO,3.918437,20.456486,73.567528,7,19,3,2014,24
2014-07-24 20:00:00,9.518223,70.217583,20.5,2.359933,0.044462,ONO,3.116787,20.05854,73.09639,7,20,3,2014,24
2014-07-24 21:00:00,4.92546,69.068306,20.5,2.416369,0.000423,ONO,3.381122,20.038361,72.382545,7,21,3,2014,24
2014-07-24 22:00:00,6.48376,64.162407,20.5,2.254882,7e-06,ONO,2.839419,19.968288,71.93132,7,22,3,2014,24
2014-07-24 23:00:00,6.647077,60.652985,20.5,2.229891,0.0,ONO,2.603199,19.922264,70.812103,7,23,3,2014,24
2014-07-25 00:00:00,5.866826,62.435913,20.5,2.137439,0.0,ONO,2.09673,19.758278,70.28019,7,0,4,2014,25
2014-07-25 01:00:00,6.663704,60.376366,16.799999,2.222495,0.0,ONO,1.929941,19.669041,69.370674,7,1,4,2014,25
2014-07-25 02:00:00,7.275465,56.626827,16.799999,2.12171,1.6e-05,ONO,2.038713,19.532799,70.608978,7,2,4,2014,25
2014-07-25 03:00:00,5.851327,61.432129,16.799999,2.33958,0.0,ONO,1.986736,19.501698,69.413513,7,3,4,2014,25
2014-07-25 04:00:00,3.184877,64.647102,16.799999,2.138304,0.0,ONO,1.746087,19.429012,69.497086,7,4,4,2014,25
2014-07-25 05:00:00,3.149534,64.066612,16.799999,2.251384,0.0,ONO,2.174233,19.307455,69.324249,7,5,4,2014,25
2014-07-25 06:00:00,3.86839,66.235748,16.799999,2.235364,0.0,ONO,2.233818,19.268145,68.824753,7,6,4,2014,25
2014-07-25 07:00:00,3.42837,71.267311,16.799999,2.31257,0.0,ONO,2.127012,19.320887,68.615082,7,7,4,2014,25
2014-07-25 08:00:00,4.974984,71.040268,16.799999,2.233383,0.0,ONO,2.291016,19.583572,67.673248,7,8,4,2014,25
2014-07-25 09:00:00,6.074067,73.600266,16.799999,2.248426,0.001181,O,2.142926,20.02632,65.515465,7,9,4,2014,25
2014-07-25 10:00:00,6.151905,73.86058,16.799999,2.278145,0.000769,ONO,2.662623,20.381836,65.396011,7,10,4,2014,25
2014-07-25 11:00:00,5.168721,76.777534,16.799999,2.263714,0.000508,ONO,2.959152,21.169247,62.540024,7,11,4,2014,25
2014-07-25 12:00:00,7.246528,78.029404,16.799999,2.346519,0.000935,O,3.700924,21.006615,64.18692,7,12,4,2014,25
2014-07-25 13:00:00,6.047667,78.573715,16.799999,2.214896,0.001054,ONO,3.842331,21.22307,63.117996,7,13,4,2014,25
2014-07-25 14:00:00,4.540196,80.428085,16.799999,2.404287,0.0,ONO,4.686789,21.011871,65.052063,7,14,4,2014,25
2014-07-25 15:00:00,5.471603,75.476135,16.799999,2.404378,2.9e-05,ONO,4.16964,21.056744,64.377701,7,15,4,2014,25
2014-07-25 16:00:00,5.676946,77.870422,16.799999,2.42373,0.004306,ONO,3.848992,21.035139,64.085541,7,16,4,2014,25
2014-07-25 17:00:00,6.929514,78.310905,16.799999,2.404853,0.003858,ONO,3.905712,20.820345,64.906395,7,17,4,2014,25
2014-07-25 18:00:00,8.34819,81.207993,16.799999,2.434669,0.006109,ONO,3.33835,20.800468,65.873596,7,18,4,2014,25
2014-07-25 19:00:00,7.906513,84.204849,16.799999,2.431505,0.002848,ONO,3.044192,20.21656,68.34938,7,19,4,2014,25
2014-07-25 20:00:00,10.538564,86.814255,16.799999,2.283034,0.026628,ONO,2.985812,19.997253,69.141266,7,20,4,2014,25
2014-07-25 21:00:00,4.780164,92.583809,16.799999,2.201735,0.002297,ONO,2.413159,19.905407,68.831642,7,21,4,2014,25
2014-07-25 22:00:00,6.638753,90.28894,16.799999,2.092292,0.005698,ONO,2.118048,19.766077,69.620132,7,22,4,2014,25
2014-07-25 23:00:00,7.768877,91.582245,16.799999,2.158044,0.009134,ONO,1.634093,19.732803,69.794128,7,23,4,2014,25
2014-07-26 00:00:00,5.714212,96.170853,16.799999,2.352676,3.8e-05,ONO,1.472836,19.749355,69.757469,7,0,5,2014,26
2014-07-26 01:00:00,5.829123,95.475021,19.299999,2.174074,0.000309,ONO,1.510813,19.733416,70.103653,7,1,5,2014,26
2014-07-26 02:00:00,4.645884,96.707039,19.299999,2.249131,0.000122,ONO,1.447225,19.599817,70.47541,7,2,5,2014,26
2014-07-26 03:00:00,5.291347,96.989006,19.299999,2.350388,6e-06,NO,0.974619,19.183355,71.883224,7,3,5,2014,26
2014-07-26 04:00:00,5.94597,96.402672,19.299999,2.270768,3.9e-05,ONO,0.935898,19.284019,72.912735,7,4,5,2014,26
2014-07-26 05:00:00,3.35592,99.225517,19.299999,2.437561,0.0,ONO,1.739698,19.415888,73.143707,7,5,5,2014,26
2014-07-26 06:00:00,2.831178,98.478325,19.299999,2.13003,0.0,ONO,1.232576,19.375628,71.72728,7,6,5,2014,26
2014-07-26 07:00:00,4.225439,93.240356,19.299999,2.281472,2.2e-05,ONO,1.948968,19.351072,72.155815,7,7,5,2014,26
2014-07-26 08:00:00,3.783443,92.037193,19.299999,2.207655,0.000549,ONO,1.578461,19.549553,70.015602,7,8,5,2014,26
2014-07-26 09:00:00,5.306112,90.534676,19.299999,2.216968,0.001067,O,1.871924,19.908594,68.975174,7,9,5,2014,26
2014-07-26 10:00:00,5.507605,91.146141,19.299999,2.357581,0.000303,O,1.747831,20.125256,68.791718,7,10,5,2014,26
2014-07-26 11:00:00,5.94142,89.706985,19.299999,2.235882,0.001759,O,2.615951,20.436882,67.078247,7,11,5,2014,26
2014-07-26 12:00:00,6.585172,85.809906,19.299999,,0.008466,ONO,3.311163,20.911919,64.76577,7,12,5,2014,26
2014-07-26 13:00:00,3.76256,,19.299999,2.351512,0.018764,ONO,3.127498,21.385735,63.588249,7,13,5,2014,26
2014-07-26 14:00:00,4.381838,81.165924,19.299999,1.868714,1.172424,ONO,3.656289,21.227718,64.830078,7,14,5,2014,26
2014-07-26 15:00:00,5.561349,82.776001,19.299999,1.506844,1.165291,O,3.685355,21.525335,62.687016,7,15,5,2014,26
2014-07-26 16:00:00,4.943439,86.415634,19.299999,1.637345,1.148935,ONO,3.696098,21.358637,63.751457,7,16,5,2014,26
2014-07-26 17:00:00,3.38575,84.100647,19.299999,1.486456,1.145435,ONO,2.897934,21.506105,64.106667,7,17,5,2014,26
2014-07-26 18:00:00,4.950842,85.027786,19.299999,1.580512,1.153596,ONO,3.056933,21.174267,65.730362,7,18,5,2014,26
2014-07-26 19:00:00,5.474209,84.082031,19.299999,1.324349,1.155833,ONO,2.361376,20.505733,67.803589,7,19,5,2014,26
2014-07-26 20:00:00,6.875801,84.371841,19.299999,1.40179,1.170353,ONO,2.177084,20.227177,69.222832,7,20,5,2014,26
2014-07-26 21:00:00,3.187022,86.017868,19.299999,1.465496,1.144891,ONO,1.79971,19.922535,70.385971,7,21,5,2014,26
2014-07-26 22:00:00,8.105209,82.263817,19.299999,1.453495,1.193776,ONO,1.664714,19.753529,71.256409,7,22,5,2014,26
2014-07-26 23:00:00,14.5022,76.317024,19.299999,1.446745,1.24526,ONO,1.73109,19.604261,72.631424,7,23,5,2014,26
2014-07-27 00:00:00,11.998606,78.190796,19.299999,1.425607,1.20668,ONO,1.626501,19.403339,73.911102,7,0,6,2014,27
2014-07-27 01:00:00,16.911521,70.948746,16.700001,1.395444,1.22265,ONO,1.201099,19.182066,75.130203,7,1,6,2014,27
2014-07-27 02:00:00,8.647372,81.451614,16.700001,1.416889,1.177751,ONO,1.595657,19.323362,74.884171,7,2,6,2014,27
2014-07-27 03:00:00,4.338577,84.786484,16.700001,1.306618,1.152965,NO,1.412022,19.354973,74.218323,7,3,6,2014,27
2014-07-27 04:00:00,2.57684,88.680664,16.700001,1.411592,1.140405,ONO,1.641752,19.322887,73.189316,7,4,6,2014,27
2014-07-27 05:00:00,2.300095,89.880402,16.700001,1.43462,1.134642,ONO,1.68546,19.311255,72.465546,7,5,6,2014,27
2014-07-27 06:00:00,2.619767,85.323479,16.700001,1.284716,1.14867,ONO,1.711381,19.311255,71.650146,7,6,6,2014,27
2014-07-27 07:00:00,2.212607,96.105103,16.700001,1.328661,1.143363,ONO,1.739686,19.338728,70.521881,7,7,6,2014,27
2014-07-27 08:00:00,3.529287,93.738594,16.700001,1.466615,1.150083,ONO,1.848577,19.63109,69.584694,7,8,6,2014,27
2014-07-27 09:00:00,2.013747,96.334023,16.700001,1.45428,1.141185,ONO,1.564121,20.079636,67.690277,7,9,6,2014,27
2014-07-27 10:00:00,3.087446,91.694344,16.700001,1.360648,1.146806,ONO,2.194586,20.443768,66.05159,7,10,6,2014,27
2014-07-27 11:00:00,3.627544,88.208847,16.700001,1.342142,1.138887,ONO,2.416197,21.159241,62.382889,7,11,6,2014,27
2014-07-27 12:00:00,3.435727,87.136307,16.700001,1.444168,1.141198,ONO,3.11587,21.478191,61.957775,7,12,6,2014,27
2014-07-27 13:00:00,3.974542,84.84314,16.700001,1.447346,1.142374,ONO,3.124012,22.080891,60.029713,7,13,6,2014,27
2014-07-27 14:00:00,4.65411,83.583488,16.700001,1.195695,1.159507,ONO,3.729117,21.986298,61.497116,7,14,6,2014,27
2014-07-27 15:00:00,4.362732,82.548309,16.700001,1.437523,1.161794,ONO,3.549043,21.882921,62.492775,7,15,6,2014,27
2014-07-27 16:00:00,4.069335,83.665207,16.700001,1.51404,1.151974,O,3.465979,21.908291,62.526863,7,16,6,2014,27
2014-07-27 17:00:00,4.986653,85.084564,16.700001,1.257981,1.159683,ONO,3.189112,21.800434,62.830315,7,17,6,2014,27
2014-07-27 18:00:00,5.139204,82.949745,16.700001,0.935488,1.157745,ONO,3.189919,21.464422,65.091713,7,18,6,2014,27
2014-07-27 19:00:00,5.893601,77.890167,16.700001,1.499501,1.171127,ONO,2.68068,21.057829,66.870132,7,19,6,2014,27
2014-07-27 20:00:00,5.484171,81.105362,16.700001,1.571864,1.177456,ONO,1.669317,20.53429,69.052643,7,20,6,2014,27
2014-07-27 21:00:00,2.247147,83.208237,16.700001,1.493905,1.157231,ONO,1.429342,20.41202,69.136215,7,21,6,2014,27
2014-07-27 22:00:00,4.273814,79.286469,16.700001,1.427281,1.16292,ONO,0.961068,20.193699,69.906761,7,22,6,2014,27
2014-07-27 23:00:00,11.002424,71.148926,16.700001,1.270519,1.208567,ONO,1.080105,20.162327,71.812881,7,23,6,2014,27
2014-07-28 00:00:00,9.638118,71.136574,16.700001,1.426386,1.186625,N,0.638953,19.888075,72.296432,7,0,0,2014,28
2014-07-28 01:00:00,9.87148,71.85376,15.5,1.462127,1.186163,ONO,1.04623,19.777643,72.644249,7,1,0,2014,28
2014-07-28 02:00:00,14.031561,66.434601,15.5,1.448993,1.212003,ONO,1.100026,19.637432,73.839577,7,2,0,2014,28
2014-07-28 03:00:00,6.37952,78.102921,15.5,1.40088,1.167191,ONO,1.623217,19.727411,73.402557,7,3,0,2014,28
2014-07-28 04:00:00,2.028852,82.960945,15.5,1.479821,1.154665,E,1.274918,19.795143,72.882721,7,4,0,2014,28
2014-07-28 05:00:00,1.862894,81.841446,15.5,1.393516,1.150939,E,0.978104,19.836184,72.584015,7,5,0,2014,28
2014-07-28 06:00:00,6.617984,75.316772,15.5,1.506785,1.150874,SO,0.740773,19.740538,71.420296,7,6,0,2014,28
2014-07-28 07:00:00,3.822374,79.295471,15.5,1.526375,1.15116,ONO,0.760239,19.822922,72.379189,7,7,0,2014,28
2014-07-28 08:00:00,3.347936,82.63076,15.5,1.502866,1.145492,ONO,1.507247,20.307455,70.254349,7,8,0,2014,28
2014-07-28 09:00:00,3.296051,83.765686,15.5,1.486878,1.144275,ONO,1.27389,20.844696,67.470901,7,9,0,2014,28
2014-07-28 10:00:00,4.270355,84.859482,15.5,1.438115,1.152382,SO,1.829684,21.873255,62.440308,7,10,0,2014,28
2014-07-28 11:00:00,4.207319,85.191963,15.5,1.340887,1.146125,ONO,2.452234,22.041142,60.665989,7,11,0,2014,28
2014-07-28 12:00:00,4.177059,83.214005,15.5,1.457505,1.149566,ONO,3.417695,22.023302,60.528931,7,12,0,2014,28
2014-07-28 13:00:00,4.342853,82.87381,15.5,1.594585,1.164134,ONO,3.803453,22.17016,61.960724,7,13,0,2014,28
2014-07-28 14:00:00,3.997919,81.581345,15.5,1.319709,1.174636,ONO,3.971969,22.155781,64.478058,7,14,0,2014,28
2014-07-28 15:00:00,4.169604,84.639755,15.5,1.432789,1.167549,ONO,3.899183,22.246235,64.048607,7,15,0,2014,28
2014-07-28 16:00:00,4.145168,83.050438,15.5,1.428228,1.173949,ONO,3.735106,22.196991,63.162224,7,16,0,2014,28
2014-07-28 17:00:00,4.707829,89.229309,15.5,1.439624,1.17862,ONO,3.497839,22.234058,64.260376,7,17,0,2014,28
2014-07-28 18:00:00,5.431675,84.0597,15.5,1.516803,1.191669,ONO,3.144763,21.845783,67.841843,7,18,0,2014,28
2014-07-28 19:00:00,5.621705,84.237175,15.5,1.524877,1.201446,ONO,3.051522,21.486605,70.340019,7,19,0,2014,28
2014-07-28 20:00:00,4.433752,82.783913,15.5,1.551128,1.180447,ONO,1.979891,20.905712,71.951607,7,20,0,2014,28
2014-07-28 21:00:00,2.78584,83.218513,15.5,1.466938,1.170847,ONO,1.556553,20.479584,73.022995,7,21,0,2014,28
2014-07-28 22:00:00,4.724547,80.208855,15.5,1.51836,1.188019,ONO,1.170853,20.425961,74.00322,7,22,0,2014,28
2014-07-28 23:00:00,7.003613,76.716019,15.5,1.41216,1.196693,ONO,0.587392,19.964287,75.559425,7,23,0,2014,28
2014-07-29 00:00:00,14.155894,68.696487,15.5,1.640648,1.235605,ONO,0.76595,19.943531,75.531982,7,0,1,2014,29
2014-07-29 01:00:00,13.502422,66.639595,17.299999,1.479209,1.229514,S,0.747534,19.40361,76.826347,7,1,1,2014,29
2014-07-29 02:00:00,14.188347,63.828415,17.299999,1.70829,1.201207,NNE,0.869614,19.186474,78.217339,7,2,1,2014,29
2014-07-29 03:00:00,8.702029,70.979324,17.299999,1.7717,1.196881,NNE,1.181535,19.522079,77.896286,7,3,1,2014,29
2014-07-29 04:00:00,10.195322,69.793388,17.299999,2.908546,1.173479,NE,1.224463,19.751696,74.808678,7,4,1,2014,29
2014-07-29 05:00:00,11.08707,63.047348,17.299999,4.195347,1.2054,NE,1.491435,19.788361,73.598732,7,5,1,2014,29
2014-07-29 06:00:00,8.228416,66.835358,17.299999,4.218496,1.205306,ENE,1.375979,19.487755,73.879356,7,6,1,2014,29
2014-07-29 07:00:00,7.849582,68.087166,17.299999,2.63981,1.181985,ESE,0.666828,19.452211,74.281853,7,7,1,2014,29
2014-07-29 08:00:00,6.199549,75.956589,17.299999,2.475851,1.176707,SSO,1.212391,20.544771,67.544975,7,8,1,2014,29
2014-07-29 09:00:00,6.610483,80.016869,17.299999,2.645818,1.188949,OSO,1.875952,21.435797,63.102871,7,9,1,2014,29
2014-07-29 10:00:00,7.11801,82.263275,17.299999,2.625876,1.196795,O,2.513388,21.656559,63.973579,7,10,1,2014,29
2014-07-29 11:00:00,5.260535,83.634384,17.299999,2.420571,1.176271,O,3.123916,21.610704,65.937286,7,11,1,2014,29
2014-07-29 12:00:00,5.65296,79.644081,17.299999,2.024888,1.169683,ONO,3.48705,21.715542,64.61528,7,12,1,2014,29
2014-07-29 13:00:00,4.280249,81.215958,17.299999,1.578032,1.161349,O,3.516896,21.931522,62.255768,7,13,1,2014,29
2014-07-29 14:00:00,3.607232,81.774628,17.299999,1.561259,1.153456,ONO,3.518348,22.002136,60.990978,7,14,1,2014,29
2014-07-29 15:00:00,3.357767,82.569427,17.299999,1.697044,1.14803,ONO,3.334707,22.156391,59.720085,7,15,1,2014,29
2014-07-29 16:00:00,3.384218,86.172562,17.299999,1.445188,1.156266,ONO,3.371169,22.136583,60.045414,7,16,1,2014,29
2014-07-29 17:00:00,3.48162,84.905952,17.299999,1.709198,1.159471,ONO,3.373995,21.680065,61.523098,7,17,1,2014,29
2014-07-29 18:00:00,5.412283,87.082031,17.299999,1.757204,1.17485,ONO,3.209535,21.558304,62.802673,7,18,1,2014,29
2014-07-29 19:00:00,5.178394,82.686981,17.299999,1.653892,1.174215,ONO,2.856228,20.935017,66.027786,7,19,1,2014,29
2014-07-29 20:00:00,7.96169,79.863945,17.299999,1.453994,1.191319,ONO,1.923017,20.34897,68.044197,7,20,1,2014,29
2014-07-29 21:00:00,7.707505,79.314369,17.299999,1.451591,1.192547,ONO,1.429952,19.956486,70.28093,7,21,1,2014,29
2014-07-29 22:00:00,7.675541,80.404785,17.299999,1.69297,1.193091,ONO,1.383006,19.717644,73.074478,7,22,1,2014,29
2014-07-29 23:00:00,9.156049,78.634842,17.299999,1.435713,1.194546,ONO,1.176693,19.415955,74.614403,7,23,1,2014,29
2014-07-30 00:00:00,10.469632,74.580391,17.299999,1.588332,1.201327,ONO,1.115173,19.157681,75.791412,7,0,2,2014,30
2014-07-30 01:00:00,13.229825,65.88974,16.700001,1.772696,1.215873,ONO,0.737607,18.754852,77.954453,7,1,2,2014,30
2014-07-30 02:00:00,9.094872,70.849815,16.700001,1.824569,1.19461,ONO,0.689887,18.630444,79.428062,7,2,2,2014,30
2014-07-30 03:00:00,5.912525,71.293518,16.700001,1.714933,1.176521,SSE,0.659944,18.356499,80.650017,7,3,2,2014,30
2014-07-30 04:00:00,6.689068,67.7099,16.700001,1.756342,1.173209,NNO,0.590838,18.270657,81.754478,7,4,2,2014,30
2014-07-30 05:00:00,11.227226,66.866005,16.700001,2.26008,1.166167,SO,0.98058,18.632072,81.151237,7,5,2,2014,30
2014-07-30 06:00:00,10.512208,67.804695,16.700001,3.237322,1.170856,ONO,0.979325,18.853447,79.693123,7,6,2,2014,30
2014-07-30 07:00:00,9.329336,68.691299,16.700001,4.020646,1.167533,SO,1.248855,18.889704,78.682739,7,7,2,2014,30
2014-07-30 08:00:00,4.639316,75.846153,16.700001,3.466261,1.164972,SSE,1.101996,19.231043,76.850227,7,8,2,2014,30
2014-07-30 09:00:00,4.299397,78.157333,16.700001,3.3093,1.169275,SO,1.726258,19.765568,73.65799,7,9,2,2014,30
2014-07-30 10:00:00,4.770609,81.747627,16.700001,3.474559,1.176056,O,1.968523,20.765839,68.618851,7,10,2,2014,30
2014-07-30 11:00:00,4.484235,81.699654,16.700001,2.790326,1.168171,ONO,2.598706,21.024117,67.232368,7,11,2,2014,30
2014-07-30 12:00:00,4.045237,81.744186,16.700001,2.10631,1.171703,ONO,3.361947,21.25234,66.255226,7,12,2,2014,30
2014-07-30 13:00:00,4.146654,80.987411,16.700001,1.87348,1.169057,ONO,3.712765,21.371593,65.806335,7,13,2,2014,30
2014-07-30 14:00:00,3.905952,78.372589,16.700001,1.843592,1.163878,ONO,4.141039,21.4884,65.413818,7,14,2,2014,30
2014-07-30 15:00:00,3.527436,76.336395,16.700001,1.809929,1.150092,ONO,3.596811,21.651505,64.739075,7,15,2,2014,30
2014-07-30 16:00:00,4.283723,77.652397,16.700001,1.692759,1.147732,ONO,3.722834,21.499254,64.8255,7,16,2,2014,30
2014-07-30 17:00:00,4.764222,79.19397,16.700001,1.692489,1.157216,ONO,3.431324,21.60321,63.959503,7,17,2,2014,30
2014-07-30 18:00:00,4.904853,76.598793,16.700001,1.768237,1.157652,ONO,3.003684,21.343781,65.740059,7,18,2,2014,30
2014-07-30 19:00:00,6.301873,63.979198,16.700001,1.733893,1.174428,ONO,3.09653,20.764959,68.146179,7,19,2,2014,30
2014-07-30 20:00:00,8.365899,60.27169,16.700001,1.704832,1.173806,ONO,2.23609,20.133226,70.170494,7,20,2,2014,30
2014-07-30 21:00:00,7.271328,58.877823,16.700001,1.504524,1.168837,ONO,1.467149,19.864096,71.739624,7,21,2,2014,30
2014-07-30 22:00:00,4.893195,61.219215,16.700001,1.422581,1.156202,ONO,0.999157,19.716322,72.920807,7,22,2,2014,30
2014-07-30 23:00:00,6.80185,59.562569,16.700001,1.615345,1.166262,ONO,1.085512,19.54155,74.663986,7,23,2,2014,30
2014-07-31 00:00:00,8.679126,56.34753,16.700001,1.652511,1.172718,ONO,1.041345,19.330011,76.337784,7,0,3,2014,31
2014-07-31 01:00:00,9.557984,54.835487,,1.561024,1.184319,ONO,1.274243,19.148827,77.415962,7,1,3,2014,31
2014-07-31 02:00:00,6.469208,57.750008,,1.580867,1.169949,ONO,1.299146,19.008379,78.43631,7,2,3,2014,31
2014-07-31 03:00:00,5.796527,57.618221,,1.460386,1.177608,ONO,0.844211,18.819632,79.135902,7,3,3,2014,31
2014-07-31 04:00:00,1.750104,69.023537,16.700001,1.525932,1.1469,O,1.159589,19.045517,77.779541,7,4,3,2014,31
2014-07-31 05:00:00,1.149625,73.145218,16.700001,1.572147,1.142197,SO,1.495027,19.134718,76.610466,7,5,3,2014,31
2014-07-31 06:00:00,1.698876,73.576553,16.700001,1.558856,1.146581,OSO,1.18094,19.215643,76.121422,7,6,3,2014,31
2014-07-31 07:00:00,2.767808,73.74205,16.700001,1.619999,1.152286,SO,1.183731,19.302979,75.627121,7,7,3,2014,31
2014-07-31 08:00:00,4.34809,73.639816,16.700001,1.554786,1.158226,O,0.947339,19.57777,74.311386,7,8,3,2014,31
2014-07-31 09:00:00,8.341524,69.584274,16.700001,1.54946,1.17807,O,1.108065,20.269537,71.451599,7,9,3,2014,31
2014-07-31 10:00:00,7.473346,71.841873,16.700001,1.466209,1.178639,ONO,1.638856,20.701094,69.298676,7,10,3,2014,31
2014-07-31 11:00:00,6.059811,76.261322,16.700001,1.394231,1.165384,ONO,2.289646,21.236876,66.311356,7,11,3,2014,31
2014-07-31 12:00:00,5.685493,76.184677,16.700001,1.544961,1.161122,ONO,2.929864,21.834862,63.759537,7,12,3,2014,31
2014-07-31 13:00:00,5.249351,75.246086,16.700001,1.545813,1.154738,ONO,3.424596,21.954348,63.895401,7,13,3,2014,31
2014-07-31 14:00:00,4.565188,74.493347,16.700001,1.584202,1.156477,ONO,3.843005,21.927114,63.596664,7,14,3,2014,31
2014-07-31 15:00:00,4.713993,72.52623,16.700001,1.481522,1.1566,ONO,3.815528,21.98077,62.66114,7,15,3,2014,31
2014-07-31 16:00:00,4.206624,73.300392,16.700001,1.572574,1.155549,ONO,3.602825,22.039854,61.970394,7,16,3,2014,31
2014-07-31 17:00:00,4.468903,76.217094,16.700001,1.629082,1.152496,ONO,3.677264,21.923857,63.7943,7,17,3,2014,31
2014-07-31 18:00:00,5.14222,76.294205,16.700001,1.628414,1.157699,ONO,3.107805,21.602736,64.564102,7,18,3,2014,31
2014-07-31 19:00:00,6.941118,72.595543,16.700001,1.696494,1.169746,ONO,2.823722,21.05827,66.765366,7,19,3,2014,31
2014-07-31 20:00:00,7.264289,70.125603,16.700001,1.593512,1.187933,O,2.151966,20.487621,69.371727,7,20,3,2014,31
2014-07-31 21:00:00,6.657263,68.213036,16.700001,1.607102,1.17595,ONO,2.227376,20.161377,70.308716,7,21,3,2014,31
2014-07-31 22:00:00,11.402074,64.94381,16.700001,1.42559,1.197369,ONO,1.875605,19.919516,70.164055,7,22,3,2014,31
2014-07-31 23:00:00,8.686181,68.801926,16.700001,1.463208,1.178208,ONO,1.510095,19.631428,70.215614,7,23,3,2014,31
2014-08-01 00:00:00,8.540082,68.01635,16.700001,1.523353,1.182477,O,1.693079,19.600531,70.155922,8,0,4,2014,1
2014-08-01 01:00:00,5.600743,70.179695,,1.407969,1.155287,ONO,1.644152,19.542023,69.157951,8,1,4,2014,1
2014-08-01 02:00:00,4.754618,70.945091,,1.439173,1.148888,O,1.774756,19.554979,68.220291,8,2,4,2014,1
2014-08-01 03:00:00,3.144998,72.679749,,1.472302,1.137371,OSO,1.920094,19.582689,67.247116,8,3,4,2014,1
2014-08-01 04:00:00,1.191278,75.291046,12.3,1.592695,1.128849,SSO,1.210799,19.547688,66.805283,8,4,4,2014,1
2014-08-01 05:00:00,1.932318,73.229584,12.3,1.21038,1.123932,O,1.390469,19.566071,66.358162,8,5,4,2014,1
2014-08-01 06:00:00,1.404553,70.923073,12.3,1.457387,1.123705,OSO,1.687686,19.549248,66.15097,8,6,4,2014,1
2014-08-01 07:00:00,3.634887,64.977425,12.3,1.494938,1.122352,SSO,1.135874,19.66375,65.733826,8,7,4,2014,1
2014-08-01 08:00:00,6.218171,60.696972,12.3,1.596655,1.148269,SSO,1.289445,19.785646,66.66243,8,8,4,2014,1
2014-08-01 09:00:00,9.812835,58.014782,12.3,1.515585,1.172757,OSO,2.004341,20.063425,65.34063,8,9,4,2014,1
2014-08-01 10:00:00,8.550169,62.296898,12.3,1.430901,1.166441,SO,1.789282,20.618473,61.648792,8,10,4,2014,1
2014-08-01 11:00:00,6.26863,66.545868,12.3,1.575156,1.14697,SO,2.032984,21.168093,60.848801,8,11,4,2014,1
2014-08-01 12:00:00,7.272396,64.916481,12.3,1.430343,1.155708,OSO,2.722211,21.925961,59.667683,8,12,4,2014,1
2014-08-01 13:00:00,7.362905,66.739044,12.3,1.553881,1.171812,OSO,3.876472,21.892687,62.721714,8,13,4,2014,1
2014-08-01 14:00:00,5.31161,77.924072,12.3,1.589309,1.155312,O,4.405372,21.641468,64.746407,8,14,4,2014,1
2014-08-01 15:00:00,5.005965,78.099289,12.3,1.60243,1.150515,ONO,3.474179,21.742573,64.462021,8,15,4,2014,1
2014-08-01 16:00:00,5.272994,77.273712,12.3,1.559355,1.152313,ONO,3.7647370000000002,22.136242,60.951397,8,16,4,2014,1
2014-08-01 17:00:00,5.191242,78.810791,12.3,1.529712,1.171257,O,3.729031,21.863249,62.228771,8,17,4,2014,1
2014-08-01 18:00:00,6.174705,73.864731,12.3,1.633084,1.174785,ONO,3.387537,21.401711,69.901405,8,18,4,2014,1
2014-08-01 19:00:00,8.430646,71.066826,12.3,1.528901,1.178633,ONO,2.914224,20.901913,70.746536,8,19,4,2014,1
2014-08-01 20:00:00,10.149348,70.802589,12.3,1.566839,1.20263,ONO,2.677583,20.561865,72.940819,8,20,4,2014,1
2014-08-01 21:00:00,9.505529,71.447113,12.3,1.573562,1.194284,ONO,2.686115,20.197634,77.248749,8,21,4,2014,1
2014-08-01 22:00:00,7.295562,70.204193,12.3,1.254168,1.166632,ONO,2.351576,20.123016,76.879189,8,22,4,2014,1
2014-08-01 23:00:00,6.813894,66.259781,12.3,1.154407,1.152382,ONO,2.271897,20.133904,74.582253,8,23,4,2014,1
2014-08-02 00:00:00,5.786064,60.87225,12.3,1.526727,1.150982,ONO,2.882031,19.867352,73.974602,8,0,5,2014,2
2014-08-02 01:00:00,4.577582,61.986847,,1.544192,1.13788,ONO,2.275056,19.802673,71.39917,8,1,5,2014,2
2014-08-02 02:00:00,4.394457,63.607735,,1.493991,1.122705,ONO,1.843809,19.853548,65.061562,8,2,5,2014,2
2014-08-02 03:00:00,1.99225,63.046181,,1.486341,1.125366,ONO,0.862903,19.926605,67.027405,8,3,5,2014,2
2014-08-02 04:00:00,3.383783,62.528671,7.4,1.466436,1.13023,ONO,2.445408,19.778084,65.434036,8,4,5,2014,2
2014-08-02 05:00:00,4.383622,63.803596,7.4,1.425233,1.136965,ONO,2.21029,19.874914,64.360199,8,5,5,2014,2
2014-08-02 06:00:00,4.556802,63.560303,7.4,1.472558,1.139831,ONO,2.49177,19.913343,65.609215,8,6,5,2014,2
2014-08-02 07:00:00,5.512359,63.061272,7.4,1.506545,1.142199,ONO,2.094318,19.838285,65.873451,8,7,5,2014,2
2014-08-02 08:00:00,4.400252,66.868164,7.4,1.569349,1.135517,ONO,2.188513,20.297043,62.33408,8,8,5,2014,2
2014-08-02 09:00:00,3.121337,66.034302,7.4,1.507957,1.148256,ONO,2.235543,20.550673,67.301109,8,9,5,2014,2
2014-08-02 10:00:00,2.957033,67.040398,7.4,1.446027,1.14294,ONO,2.838987,20.755598,66.35881,8,10,5,2014,2
2014-08-02 11:00:00,2.254442,67.208443,7.4,1.52524,1.144323,NO,2.91243,22.140924,60.754173,8,11,5,2014,2
2014-08-02 12:00:00,2.947346,66.349258,7.4,1.665212,1.133264,ONO,3.370665,21.823025,61.071022,8,12,5,2014,2
2014-08-02 13:00:00,2.210523,66.493713,7.4,1.636093,1.136273,NO,2.606643,23.072651,57.280357,8,13,5,2014,2
2014-08-02 14:00:00,2.262485,64.603233,7.4,1.596417,1.131572,NO,3.057939,22.886143,56.012379,8,14,5,2014,2
2014-08-02 15:00:00,1.336868,63.216377,7.4,1.548272,1.125529,OSO,3.064712,22.454857,61.757023,8,15,5,2014,2
2014-08-02 16:00:00,1.549098,61.063148,7.4,1.615753,1.129804,NNO,3.117959,22.510788,60.88652,8,16,5,2014,2
2014-08-02 17:00:00,1.759639,61.068684,7.4,1.723074,1.131008,NO,3.073635,22.268621,61.16497,8,17,5,2014,2
2014-08-02 18:00:00,2.514074,57.974609,7.4,1.78792,1.131434,ONO,3.226141,21.804165,62.843849,8,18,5,2014,2
2014-08-02 19:00:00,2.939014,57.420029,7.4,1.701337,1.128109,NO,2.446156,21.109449,66.471581,8,19,5,2014,2
2014-08-02 20:00:00,5.39378,52.561554,7.4,1.723186,1.144224,OSO,1.986106,20.229307,69.382156,8,20,5,2014,2
2014-08-02 21:00:00,6.733405,47.835152,7.4,1.703909,1.155775,ONO,1.515382,19.855312,72.113388,8,21,5,2014,2
2014-08-02 22:00:00,7.320222,46.340782,7.4,1.632056,1.155868,NO,1.26766,19.625763,74.079575,8,22,5,2014,2
2014-08-02 23:00:00,6.717682,45.718491,7.4,1.658278,1.161087,ONO,1.286032,19.385159,75.314651,8,23,5,2014,2
2014-08-03 00:00:00,5.26277,47.487591,7.4,1.720903,1.156687,S,1.653641,19.380342,74.891365,8,0,6,2014,3
2014-08-03 01:00:00,4.664846,46.934032,,1.75419,1.154706,N,1.968244,19.460487,75.88662,8,1,6,2014,3
2014-08-03 02:00:00,5.061708,45.610188,,1.807139,1.144918,NNE,2.058376,19.561119,75.565735,8,2,6,2014,3
2014-08-03 03:00:00,2.006434,48.755775,,1.892766,1.141896,NNE,2.193814,19.475784,75.013191,8,3,6,2014,3
2014-08-03 04:00:00,3.366677,46.096977,7.6,2.002767,1.138433,NNE,2.248919,19.475819,74.018723,8,4,6,2014,3
2014-08-03 05:00:00,6.668589,39.26944,7.6,2.254481,1.165105,NNE,2.320992,19.054607,74.633362,8,5,6,2014,3
2014-08-03 06:00:00,8.251129,37.559414,7.6,3.034103,1.157765,NNE,2.222101,19.06926,73.687157,8,6,6,2014,3
2014-08-03 07:00:00,9.558607,37.469776,7.6,3.900745,1.169586,NNE,2.213472,18.951466,74.411652,8,7,6,2014,3
2014-08-03 08:00:00,12.408624,37.31139,7.6,4.429995,1.175875,NE,2.373613,19.454079,73.495766,8,8,6,2014,3
2014-08-03 09:00:00,5.595034,46.257401,7.6,4.811289,1.154162,N,2.540392,21.130104,68.121521,8,9,6,2014,3
2014-08-03 10:00:00,2.942135,50.020073,7.6,4.001395,1.139565,E,2.552594,22.075092,64.233894,8,10,6,2014,3
2014-08-03 11:00:00,2.587995,52.374428,7.6,2.622888,1.142375,OSO,2.425477,22.386517,63.075127,8,11,6,2014,3
2014-08-03 12:00:00,2.575316,56.127071,7.6,2.219795,1.147865,NO,2.764452,22.501085,65.759125,8,12,6,2014,3
2014-08-03 13:00:00,1.868585,55.689568,7.6,1.98506,1.158744,NO,3.178044,22.638992,66.692886,8,13,6,2014,3
2014-08-03 14:00:00,2.665164,49.343128,7.6,1.942217,1.157939,ONO,4.17873,21.668159,70.534119,8,14,6,2014,3
2014-08-03 15:00:00,1.673391,51.040367,7.6,1.91828,1.157152,ONO,4.23888,21.852566,69.814713,8,15,6,2014,3
2014-08-03 16:00:00,1.626915,47.733837,7.6,1.860656,1.179399,ONO,3.974209,21.915277,69.35891,8,16,6,2014,3
2014-08-03 17:00:00,1.685525,48.935917,7.6,1.743222,1.183426,ONO,3.481729,21.959368,69.777985,8,17,6,2014,3
2014-08-03 18:00:00,2.212899,50.565414,7.6,1.792075,1.19027,ONO,3.497417,21.467781,71.945129,8,18,6,2014,3
2014-08-03 19:00:00,3.770928,44.321663,7.6,1.836979,1.214699,ONO,2.833697,20.897165,74.497421,8,19,6,2014,3
2014-08-03 20:00:00,6.142457,44.15654,7.6,1.811705,1.251341,ONO,2.801186,20.509769,77.007187,8,20,6,2014,3
2014-08-03 21:00:00,5.958023,41.415451,7.6,1.777739,1.163776,ONO,2.418308,20.299587,79.322983,8,21,6,2014,3
2014-08-03 22:00:00,5.747195,40.988472,7.6,1.457553,1.039781,ONO,2.070014,20.162735,80.864365,8,22,6,2014,3
2014-08-03 23:00:00,6.060147,43.255772,7.6,1.5157,1.025014,ONO,1.73609,20.14045,81.457581,8,23,6,2014,3
2014-08-04 00:00:00,4.882432,47.415707,7.6,1.736101,1.028951,ONO,1.450034,19.880342,82.63974,8,0,0,2014,4
2014-08-04 01:00:00,3.665513,43.867855,,1.709278,1.067809,SO,1.43268,19.792397,83.919891,8,1,0,2014,4
2014-08-04 02:00:00,3.359793,45.306,,1.688991,1.059177,ONO,1.857958,19.884546,83.605179,8,2,0,2014,4
2014-08-04 03:00:00,2.608729,49.421219,,1.744434,1.074786,SO,1.438908,19.90266,83.769135,8,3,0,2014,4
2014-08-04 04:00:00,2.02621,49.818283,12.3,1.659864,1.089119,NNO,1.076904,19.740129,84.078613,8,4,0,2014,4
2014-08-04 05:00:00,3.146809,54.897339,12.3,1.619961,1.061599,ONO,1.23223,19.643333,83.449127,8,5,0,2014,4
2014-08-04 06:00:00,4.538097,55.077133,12.3,1.572197,1.073313,ONO,0.991839,19.406696,83.890656,8,6,0,2014,4
2014-08-04 07:00:00,11.182072,45.815071,12.3,1.693133,1.118972,ONO,1.066108,19.293076,84.45649,8,7,0,2014,4
2014-08-04 08:00:00,6.82009,55.132,12.3,1.550245,1.068196,ONO,1.349474,20.058304,79.871117,8,8,0,2014,4
2014-08-04 09:00:00,5.169302,61.663921,12.3,1.709048,1.114773,ONO,2.196297,20.485891,74.528595,8,9,0,2014,4
2014-08-04 10:00:00,3.870273,62.763229,12.3,1.637869,1.087378,ONO,1.970176,21.061899,72.071564,8,10,0,2014,4
2014-08-04 11:00:00,4.118678,64.273926,12.3,1.704339,1.165027,ONO,2.835512,21.710522,68.57106,8,11,0,2014,4
2014-08-04 12:00:00,6.464593,63.975662,12.3,1.58154,1.095284,ONO,3.38368,21.598055,69.858162,8,12,0,2014,4
2014-08-04 13:00:00,7.604539,66.97644,12.3,1.59411,1.141981,O,3.686431,21.843271,67.834183,8,13,0,2014,4
2014-08-04 14:00:00,5.687015,73.269226,12.3,1.680792,1.209389,O,4.045949,21.76194,66.590256,8,14,0,2014,4
2014-08-04 15:00:00,6.837852,76.496689,12.3,1.57884,1.121993,O,3.901534,21.971783,68.304436,8,15,0,2014,4
2014-08-04 16:00:00,4.547448,78.231064,12.3,1.692281,1.100733,ONO,4.120358,21.64262,71.132004,8,16,0,2014,4
2014-08-04 17:00:00,6.124579,78.387161,12.3,1.492359,1.107348,ONO,3.34539,21.829502,70.383461,8,17,0,2014,4
2014-08-04 18:00:00,5.35487,79.88031,12.3,1.500214,1.090102,ONO,3.314997,21.469206,71.212494,8,18,0,2014,4
2014-08-04 19:00:00,5.48623,80.058792,12.3,1.614271,1.102908,ONO,3.06811,20.760242,74.578178,8,19,0,2014,4
2014-08-04 20:00:00,6.291773,76.681152,12.3,1.742463,1.129812,ONO,2.465346,20.260448,78.815567,8,20,0,2014,4
2014-08-04 21:00:00,6.226516,83.224319,12.3,1.654383,1.131979,ONO,1.684962,20.243862,79.323944,8,21,0,2014,4
2014-08-04 22:00:00,8.129926,81.281113,12.3,1.61633,1.131312,ONO,1.854337,20.001358,80.199875,8,22,0,2014,4
2014-08-04 23:00:00,9.068778,80.196587,12.3,1.52783,1.148884,ONO,1.712376,19.693869,81.720322,8,23,0,2014,4
2014-08-05 00:00:00,8.574922,77.43071,12.3,1.306087,1.145958,ONO,1.310399,19.482838,82.149948,8,0,1,2014,5
2014-08-05 01:00:00,5.12597,79.819389,,1.487099,1.132416,ONO,1.318638,19.621389,81.705536,8,1,1,2014,5
2014-08-05 02:00:00,3.304827,79.752457,,1.438132,1.133372,NO,0.969429,19.537512,82.678337,8,2,1,2014,5
2014-08-05 03:00:00,3.292298,79.022736,,1.503314,1.129012,N,0.90923,19.36318,83.06414,8,3,1,2014,5
2014-08-05 04:00:00,2.501158,75.337494,16.200001,1.587278,1.135233,N,0.848454,19.03619,85.041824,8,4,1,2014,5
2014-08-05 05:00:00,4.259189,71.116516,16.200001,1.628753,1.132502,NNO,1.167428,18.905237,86.607956,8,5,1,2014,5
2014-08-05 06:00:00,12.731695,64.900505,16.200001,1.53423,1.132735,E,1.631068,19.055759,85.544365,8,6,1,2014,5
2014-08-05 07:00:00,28.896269,48.900978,16.200001,1.790072,1.142985,E,1.59102,19.255699,84.123657,8,7,1,2014,5
2014-08-05 08:00:00,11.881667,69.220818,16.200001,2.016192,1.147798,NNE,2.140872,19.918972,80.995178,8,8,1,2014,5
2014-08-05 09:00:00,15.7058,65.405884,16.200001,2.041992,1.168215,E,2.115633,21.198143,74.260452,8,9,1,2014,5
2014-08-05 10:00:00,15.394193,67.58139,16.200001,2.825199,1.161428,O,2.031291,22.236265,67.837273,8,10,1,2014,5
2014-08-05 11:00:00,8.011493,76.868027,16.200001,2.474957,1.161388,SO,2.399131,22.549385,65.510246,8,11,1,2014,5
2014-08-05 12:00:00,5.549306,78.667915,16.200001,1.942457,1.18799,ONO,3.247216,22.478497,66.699257,8,12,1,2014,5
2014-08-05 13:00:00,4.849009,80.361595,16.200001,1.873726,1.171602,ONO,3.509633,22.598461,67.446213,8,13,1,2014,5
2014-08-05 14:00:00,4.059699,80.527206,16.200001,1.894357,1.164358,NO,3.039098,23.611757,62.620441,8,14,1,2014,5
2014-08-05 15:00:00,3.98983,73.909454,16.200001,1.698203,1.16688,NO,3.013208,23.805218,62.428707,8,15,1,2014,5
2014-08-05 16:00:00,4.711001,85.360779,16.200001,1.7527,1.189409,ONO,2.978155,23.965134,65.810951,8,16,1,2014,5
2014-08-05 17:00:00,5.122357,86.259583,16.200001,1.623368,1.21027,ONO,2.908327,23.382446,70.447571,8,17,1,2014,5
2014-08-05 18:00:00,6.094823,83.638809,16.200001,1.844468,1.200506,ONO,2.834357,22.540598,71.96283,8,18,1,2014,5
2014-08-05 19:00:00,7.057689,76.680458,16.200001,1.896739,1.194017,NO,2.273034,21.935017,74.193733,8,19,1,2014,5
2014-08-05 20:00:00,9.530715,72.472855,16.200001,1.610333,1.204184,SO,1.586187,21.049519,78.263199,8,20,1,2014,5
2014-08-05 21:00:00,8.756561,74.584396,16.200001,1.492805,1.20086,ONO,1.647161,20.645096,81.432846,8,21,1,2014,5
2014-08-05 22:00:00,8.879735,69.120682,16.200001,1.596489,1.191652,NO,1.554935,20.380648,81.518761,8,22,1,2014,5
2014-08-05 23:00:00,10.988688,61.962887,16.200001,1.584111,1.185017,ONO,1.279217,20.125425,83.594864,8,23,1,2014,5
2014-08-06 00:00:00,11.119714,63.160187,16.200001,1.694831,1.201334,ONO,1.06125,19.913174,85.194237,8,0,2,2014,6
2014-08-06 01:00:00,8.730894,63.180004,,1.571677,1.183224,ONO,1.453661,19.699295,87.483276,8,1,2,2014,6
2014-08-06 02:00:00,7.655935,64.56163,,1.6241,1.183234,ONO,1.421901,19.465033,88.446754,8,2,2,2014,6
2014-08-06 03:00:00,7.008074,62.573483,,1.729482,1.187639,N,0.620523,19.240776,89.863586,8,3,2,2014,6
2014-08-06 04:00:00,4.803734,69.740585,16.700001,1.785867,1.172385,ONO,1.216999,19.319088,90.672333,8,4,2,2014,6
2014-08-06 05:00:00,3.668109,65.627647,16.700001,1.709145,1.159843,ONO,0.888956,19.384378,89.562981,8,5,2,2014,6
2014-08-06 06:00:00,5.303818,61.484871,16.700001,1.071578,1.150288,ONO,1.144475,19.686033,86.97863,8,6,2,2014,6
2014-08-06 07:00:00,6.527918,53.783543,16.700001,1.499678,1.148859,ONO,0.980256,19.940411,85.313698,8,7,2,2014,6
2014-08-06 08:00:00,5.381154,55.385139,16.700001,1.599381,1.141039,ONO,1.676894,20.517672,81.599579,8,8,2,2014,6
2014-08-06 09:00:00,5.151977,55.757877,16.700001,1.710752,1.138096,NO,1.570608,21.621084,76.749863,8,9,2,2014,6
2014-08-06 10:00:00,6.247524,56.646145,16.700001,1.599709,1.159952,ONO,2.149407,22.281136,74.239418,8,10,2,2014,6
2014-08-06 11:00:00,5.414695,61.075684,16.700001,1.628067,1.159319,ONO,2.459629,22.720631,72.967949,8,11,2,2014,6
2014-08-06 12:00:00,5.101847,64.828094,16.700001,1.550696,1.167318,ONO,3.397397,22.735992,72.743355,8,12,2,2014,6
2014-08-06 13:00:00,4.182486,67.654175,16.700001,1.652954,1.154952,ONO,3.748935,22.798096,73.364166,8,13,2,2014,6
2014-08-06 14:00:00,3.142676,67.120682,16.700001,1.527251,1.141639,ONO,4.083797,22.847816,73.988571,8,14,2,2014,6
2014-08-06 15:00:00,4.017599,65.780876,16.700001,1.636838,1.149645,ONO,4.087983,22.442545,76.530899,8,15,2,2014,6
2014-08-06 16:00:00,4.074471,63.095886,16.700001,1.632919,1.148306,ONO,4.296699,22.03904,78.60453,8,16,2,2014,6
2014-08-06 17:00:00,5.065706,68.611031,16.700001,1.627656,1.148705,ONO,4.171096,22.15015,77.517776,8,17,2,2014,6
2014-08-06 18:00:00,4.724815,60.846138,16.700001,1.624869,1.146357,ONO,3.124244,21.991453,77.4534,8,18,2,2014,6
2014-08-06 19:00:00,4.336111,56.706856,16.700001,1.711945,1.142743,ONO,3.069085,20.931591,81.570244,8,19,2,2014,6
2014-08-06 20:00:00,6.044493,58.483574,16.700001,1.804349,1.140522,ONO,2.531976,20.277033,85.184914,8,20,2,2014,6
2014-08-06 21:00:00,4.49536,62.347317,16.700001,1.804218,1.131397,ONO,2.006409,19.986774,86.368233,8,21,2,2014,6
2014-08-06 22:00:00,3.21559,55.312057,16.700001,1.737836,1.123824,SO,1.681854,19.954756,83.21418,8,22,2,2014,6
2014-08-06 23:00:00,3.800684,55.338699,16.700001,1.645225,1.120972,ONO,1.574223,19.912359,80.88414,8,23,2,2014,6
2014-08-07 00:00:00,2.59081,54.70507,16.700001,1.545003,1.115395,ONO,1.546619,19.631226,81.309731,8,0,3,2014,7
2014-08-07 01:00:00,3.561132,58.348957,,1.578864,1.11961,ONO,1.71248,19.453365,81.561592,8,1,3,2014,7
2014-08-07 02:00:00,2.961268,57.888103,,1.781435,1.115385,ONO,1.703502,19.299349,81.310371,8,2,3,2014,7
2014-08-07 03:00:00,1.372112,57.937431,,1.592807,1.108951,ONO,1.526172,19.192207,81.034454,8,3,3,2014,7
2014-08-07 04:00:00,1.729486,56.36277,16.4,1.777846,1.112481,NO,1.000325,19.045111,81.214996,8,4,3,2014,7
2014-08-07 05:00:00,2.501848,55.73175,16.4,1.682735,1.117654,SO,0.645814,18.95808,80.839172,8,5,3,2014,7
2014-08-07 06:00:00,6.250557,51.04631,16.4,1.66852,1.133706,ONO,0.791748,18.674807,80.830994,8,6,3,2014,7
2014-08-07 07:00:00,9.615906,48.819275,16.4,1.741889,1.153417,ONO,0.889004,18.671349,81.103378,8,7,3,2014,7
2014-08-07 08:00:00,9.273571,52.404461,16.4,1.780722,1.156006,S,0.677254,20.12166,75.476463,8,8,3,2014,7
2014-08-07 09:00:00,12.558106,52.669228,16.4,1.730021,1.202993,ONO,1.557757,20.895233,71.285683,8,9,3,2014,7
2014-08-07 10:00:00,8.526871,57.709122,16.4,1.780962,1.169916,O,2.541527,21.067562,71.281784,8,10,3,2014,7
2014-08-07 11:00:00,6.201336,58.627396,16.4,1.762133,1.154227,ONO,2.832428,21.230295,72.260551,8,11,3,2014,7
2014-08-07 12:00:00,5.871752,58.642384,16.4,1.787658,1.152779,ONO,3.898833,21.466661,73.527267,8,12,3,2014,7
2014-08-07 13:00:00,4.296596,64.369583,16.4,1.695664,1.172339,ONO,3.885493,21.897165,74.861145,8,13,3,2014,7
2014-08-07 14:00:00,3.202126,65.388397,16.4,1.696096,1.145806,ONO,4.058213,22.287785,74.937019,8,14,3,2014,7
2014-08-07 15:00:00,4.459222,67.836517,16.4,1.874423,1.163447,ONO,3.685976,22.952923,73.342766,8,15,3,2014,7
2014-08-07 16:00:00,4.225273,68.236198,16.4,1.841745,1.167277,ONO,3.504736,23.009937,74.199532,8,16,3,2014,7
2014-08-07 17:00:00,3.949553,70.550468,16.4,1.904196,1.160116,ONO,3.806039,22.239384,78.070137,8,17,3,2014,7
2014-08-07 18:00:00,4.974635,69.214478,16.4,1.885194,1.167683,ONO,3.594567,22.062984,78.187088,8,18,3,2014,7
2014-08-07 19:00:00,6.475446,67.356071,16.4,1.760443,1.168232,ONO,3.080014,21.603548,80.676498,8,19,3,2014,7
2014-08-07 20:00:00,7.123811,61.274094,16.4,1.832549,1.176507,ONO,2.608263,20.93644,83.594894,8,20,3,2014,7
2014-08-07 21:00:00,7.287183,63.336342,16.4,1.747368,1.167972,ONO,1.874917,20.452145,86.773438,8,21,3,2014,7
2014-08-07 22:00:00,7.973887,64.012032,16.4,1.662911,1.164664,ONO,1.960867,20.187187,87.112335,8,22,3,2014,7
2014-08-07 23:00:00,9.946405,55.446556,16.4,1.710429,1.197814,ONO,2.20574,20.196819,86.749634,8,23,3,2014,7
2014-08-08 00:00:00,6.91552,53.721451,16.4,1.804685,1.180626,ONO,1.901842,20.063765,88.33387,8,0,4,2014,8
2014-08-08 01:00:00,5.466181,54.212017,,1.793701,1.170057,ONO,2.294999,19.92959,88.021233,8,1,4,2014,8
2014-08-08 02:00:00,2.99586,54.377869,,1.796731,1.14854,ONO,2.005185,19.976158,85.092018,8,2,4,2014,8
2014-08-08 03:00:00,1.586855,56.206142,,1.725856,1.130921,ONO,1.463495,19.98267,83.804771,8,3,4,2014,8
2014-08-08 04:00:00,1.624035,55.269531,12.0,1.893722,1.126673,SO,1.291835,19.848801,83.468567,8,4,4,2014,8
2014-08-08 05:00:00,2.013071,52.598122,12.0,1.901753,1.131336,O,1.527735,19.574347,83.540939,8,5,4,2014,8
2014-08-08 06:00:00,3.086485,49.059704,12.0,1.874575,1.138083,SO,1.090196,19.266823,83.52198,8,6,4,2014,8
2014-08-08 07:00:00,5.943872,45.48632,12.0,1.879875,1.159033,OSO,1.677274,19.321735,82.838699,8,7,4,2014,8
2014-08-08 08:00:00,8.087526,44.783127,12.0,1.830376,1.184793,OSO,1.770162,19.661953,81.267227,8,8,4,2014,8
2014-08-08 09:00:00,6.566568,47.021988,12.0,1.859927,1.170847,OSO,2.4334,20.227039,78.812172,8,9,4,2014,8
2014-08-08 10:00:00,4.686974,47.504112,12.0,1.832621,1.155901,ONO,2.915689,20.721884,76.000381,8,10,4,2014,8
2014-08-08 11:00:00,4.240274,48.153061,12.0,2.074465,1.159521,ONO,2.64053,21.613079,73.059731,8,11,4,2014,8
2014-08-08 12:00:00,4.403345,51.582787,12.0,2.035277,1.160026,ONO,3.457795,21.799519,72.847008,8,12,4,2014,8
2014-08-08 13:00:00,5.077353,56.153511,12.0,1.898845,1.169078,ONO,3.384151,22.384752,72.014854,8,13,4,2014,8
2014-08-08 14:00:00,3.089698,64.369324,12.0,1.828467,1.146748,ONO,3.766803,22.586964,73.499084,8,14,4,2014,8
2014-08-08 15:00:00,3.576777,64.024475,12.0,1.807053,1.14404,ONO,4.247972,22.072208,77.162491,8,15,4,2014,8
2014-08-08 16:00:00,4.553872,70.288986,12.0,1.95849,1.145896,ONO,3.969111,22.17647,77.202858,8,16,4,2014,8
2014-08-08 17:00:00,5.74345,70.933846,12.0,1.973632,1.149809,ONO,3.995696,21.690136,79.359482,8,17,4,2014,8
2014-08-08 18:00:00,7.438183,66.42382,12.0,2.125721,1.15551,ONO,3.823035,21.100258,82.121284,8,18,4,2014,8
2014-08-08 19:00:00,6.999291,64.878372,12.0,1.932607,1.150562,ONO,2.560358,20.914293,81.537109,8,19,4,2014,8
2014-08-08 20:00:00,6.364454,62.753979,12.0,1.893129,1.137213,ONO,1.850729,20.761126,82.209946,8,20,4,2014,8
2014-08-08 21:00:00,14.26744,52.159855,12.0,1.908487,1.184019,ONO,2.582865,20.358873,86.081673,8,21,4,2014,8
2014-08-08 22:00:00,16.224996,48.147636,12.0,2.022285,1.1857,ONO,2.476723,20.084589,88.475105,8,22,4,2014,8
2014-08-08 23:00:00,10.354503,49.827179,12.0,1.960664,1.130774,ONO,1.960953,20.0193,88.367859,8,23,4,2014,8
2014-08-09 00:00:00,5.321149,48.25705,12.0,1.878772,1.123328,ONO,1.452039,20.154423,86.196045,8,0,5,2014,9
2014-08-09 01:00:00,4.587041,39.348148,,1.934308,1.117851,ONO,1.431368,20.235788,84.726227,8,1,5,2014,9
2014-08-09 02:00:00,2.784133,40.066025,,1.961849,1.119263,OSO,1.316242,20.39954,81.96534,8,2,5,2014,9
2014-08-09 03:00:00,2.561745,38.0061,,1.958992,1.110757,ONO,1.711093,20.31373,80.86525,8,3,5,2014,9
2014-08-09 04:00:00,3.440181,33.950996,9.8,1.980993,1.115494,ONO,1.635851,20.077229,84.539307,8,4,5,2014,9
2014-08-09 05:00:00,3.123089,34.684544,9.8,1.970719,1.111046,ONO,1.422452,20.11759,82.575974,8,5,5,2014,9
2014-08-09 06:00:00,5.961952,31.179018,9.8,1.994324,1.12525,ONO,1.490352,20.101311,81.21904,8,6,5,2014,9
2014-08-09 07:00:00,5.901934,31.272209,9.8,2.057264,1.137672,ONO,1.579597,20.150286,80.531036,8,7,5,2014,9
2014-08-09 08:00:00,3.820252,35.191578,9.8,2.075479,1.130143,ONO,1.565347,20.625423,78.152428,8,8,5,2014,9
2014-08-09 09:00:00,3.043587,38.175018,9.8,1.939034,1.118566,ONO,1.572941,21.236908,74.748848,8,9,5,2014,9
2014-08-09 10:00:00,5.525527,38.174301,9.8,1.956309,1.129311,ONO,2.639741,21.706348,75.779678,8,10,5,2014,9
2014-08-09 11:00:00,3.61113,46.299381,9.8,1.870421,1.113178,ONO,2.749107,22.15456,74.396553,8,11,5,2014,9
2014-08-09 12:00:00,3.416228,51.540436,9.8,1.734034,1.110121,ONO,2.938686,22.659885,72.754311,8,12,5,2014,9
2014-08-09 13:00:00,4.925636,55.090588,9.8,1.978099,1.092813,ONO,3.703282,22.583267,73.73484,8,13,5,2014,9
2014-08-09 14:00:00,3.826083,57.348934,9.8,2.020101,1.06588,ONO,3.857177,22.446854,75.019943,8,14,5,2014,9
2014-08-09 15:00:00,4.848701,54.466766,9.8,2.114491,1.25459,ONO,4.195447,22.451025,77.944206,8,15,5,2014,9
2014-08-09 16:00:00,5.017471,55.480331,9.8,1.921367,1.260397,ONO,4.87507,21.706791,80.926949,8,16,5,2014,9
2014-08-09 17:00:00,4.248474,59.534378,9.8,1.984336,1.195712,ONO,3.70001,21.410393,80.486031,8,17,5,2014,9
2014-08-09 18:00:00,4.709288,56.87812,9.8,1.979164,1.215499,ONO,2.970906,21.527473,79.96344,8,18,5,2014,9
2014-08-09 19:00:00,5.027317,53.12738,9.8,1.966917,1.257954,ONO,2.245097,21.484978,80.890518,8,19,5,2014,9
2014-08-09 20:00:00,6.900725,50.378365,9.8,1.996193,1.231464,ONO,1.894928,20.985653,83.631599,8,20,5,2014,9
2014-08-09 21:00:00,8.98099,46.869167,9.8,2.022362,1.194284,ONO,1.865032,20.677452,87.04715,8,21,5,2014,9
2014-08-09 22:00:00,9.08735,43.608166,9.8,1.854376,1.201063,ONO,1.915211,20.425247,88.248238,8,22,5,2014,9
2014-08-09 23:00:00,11.044863,40.746429,9.8,1.835363,1.223994,ONO,1.286454,20.407272,87.193291,8,23,5,2014,9
2014-08-10 00:00:00,8.551874,39.452354,9.8,1.817445,1.204109,ONO,1.534852,20.267536,88.488976,8,0,6,2014,10
2014-08-10 01:00:00,8.297143,35.960968,,1.942174,1.209237,NO,1.328544,20.230907,87.181625,8,1,6,2014,10
2014-08-10 02:00:00,4.571692,41.438438,,2.011314,1.203109,ONO,1.241845,20.345612,85.776085,8,2,6,2014,10
2014-08-10 03:00:00,5.223042,37.284264,,1.904855,1.186228,SO,0.946042,20.182302,86.621117,8,3,6,2014,10
2014-08-10 04:00:00,9.616819,32.920101,9.5,2.065552,1.182692,O,1.339419,20.148726,87.778969,8,4,6,2014,10
2014-08-10 05:00:00,14.787079,27.687599,9.5,1.899465,1.179158,E,1.346895,19.959742,88.792267,8,5,6,2014,10
2014-08-10 06:00:00,14.510728,25.637903,9.5,1.914358,1.179783,E,1.172062,19.682812,89.561798,8,6,6,2014,10
2014-08-10 07:00:00,10.421015,27.892391,9.5,1.934992,1.18594,NO,0.861639,19.871897,89.817322,8,7,6,2014,10
2014-08-10 08:00:00,4.989527,32.715862,9.5,1.976978,1.176147,NNO,1.340111,20.419346,88.595238,8,8,6,2014,10
2014-08-10 09:00:00,4.447903,38.135185,9.5,2.046699,1.175281,ONO,1.956114,20.865658,84.778969,8,9,6,2014,10
2014-08-10 10:00:00,2.898937,41.213234,9.5,1.981802,1.177132,ONO,2.318857,21.576483,80.072754,8,10,6,2014,10
2014-08-10 11:00:00,2.194405,47.201561,9.5,1.991807,1.183172,NO,2.391863,22.364504,74.603958,8,11,6,2014,10
2014-08-10 12:00:00,2.36839,54.511948,9.5,1.819626,1.201255,NO,2.949013,22.404863,73.363113,8,12,6,2014,10
2014-08-10 13:00:00,2.034255,58.314812,9.5,1.875387,1.220965,ONO,3.006639,22.613111,71.919891,8,13,6,2014,10
2014-08-10 14:00:00,2.229342,57.950413,9.5,1.893249,1.232531,ONO,3.715195,22.149336,72.67379,8,14,6,2014,10
2014-08-10 15:00:00,2.177686,54.034286,9.5,1.754959,1.20738,ONO,3.823656,22.372101,73.236801,8,15,6,2014,10
2014-08-10 16:00:00,2.244494,55.903336,9.5,1.928755,1.217207,ONO,4.237635,22.099785,74.360298,8,16,6,2014,10
2014-08-10 17:00:00,2.263889,61.089996,9.5,1.938898,1.20215,ONO,3.346527,22.168802,74.904999,8,17,6,2014,10
2014-08-10 18:00:00,1.463385,55.317642,9.5,2.002228,1.190996,ONO,2.335341,22.148724,74.746712,8,18,6,2014,10
2014-08-10 19:00:00,3.224649,54.12122,9.5,1.941373,1.19369,ONO,3.102784,21.107618,79.355621,8,19,6,2014,10
2014-08-10 20:00:00,5.559175,53.510429,9.5,1.862768,1.192696,ONO,2.778539,20.745319,81.231049,8,20,6,2014,10
2014-08-10 21:00:00,6.97068,53.715508,9.5,1.919423,1.200261,ONO,2.103069,20.458351,83.093849,8,21,6,2014,10
2014-08-10 22:00:00,11.191899,44.017761,9.5,1.686917,1.211359,ONO,1.557307,20.146893,83.684273,8,22,6,2014,10
2014-08-10 23:00:00,12.061516,43.377659,9.5,1.780572,1.218039,ONO,1.470701,19.930878,84.283447,8,23,6,2014,10
2014-08-11 00:00:00,4.506286,50.583801,9.5,1.611981,1.1858,OSO,1.377457,20.113758,81.790054,8,0,0,2014,11
2014-08-11 01:00:00,4.234088,48.393436,,1.690262,1.198524,SSE,1.307075,20.253019,79.687088,8,1,0,2014,11
2014-08-11 02:00:00,3.462589,48.957394,,1.870009,1.19508,NNO,1.421386,20.212149,80.237625,8,2,0,2014,11
2014-08-11 03:00:00,1.835342,53.019493,,1.917396,1.230372,O,1.623918,20.239115,78.424675,8,3,0,2014,11
2014-08-11 04:00:00,1.006952,56.630127,6.2,2.032716,1.237077,NNE,2.129161,20.086794,77.645203,8,4,0,2014,11
2014-08-11 05:00:00,2.212447,52.51384,6.2,1.892408,1.186609,S,1.68222,20.063221,76.753937,8,5,0,2014,11
2014-08-11 06:00:00,2.931974,54.037334,6.2,1.900941,1.118637,SSE,1.32804,20.00061,75.751358,8,6,0,2014,11
2014-08-11 07:00:00,3.952118,54.860443,6.2,1.973127,1.053594,S,1.395967,20.056303,74.350227,8,7,0,2014,11
2014-08-11 08:00:00,5.004698,57.204384,6.2,1.777985,1.068381,NNO,1.718896,20.84948,71.180809,8,8,0,2014,11
2014-08-11 09:00:00,3.890141,57.72543,6.2,1.796971,1.13015,NNO,2.153309,21.808134,68.150116,8,9,0,2014,11
2014-08-11 10:00:00,2.909058,57.666451,6.2,1.874241,1.238783,NO,2.305387,22.349648,66.718559,8,10,0,2014,11
2014-08-11 11:00:00,2.861764,58.011059,6.2,1.84839,1.245367,SO,2.329973,23.171654,64.101143,8,11,0,2014,11
2014-08-11 12:00:00,3.155337,57.432148,6.2,1.768328,1.232769,ONO,2.667577,23.31139,64.507805,8,12,0,2014,11
2014-08-11 13:00:00,2.798702,55.856705,6.2,1.752041,1.179133,ONO,3.568942,23.006207,68.971306,8,13,0,2014,11
2014-08-11 14:00:00,2.15138,54.072697,6.2,1.711847,1.18066,ONO,3.825978,23.151405,69.131729,8,14,0,2014,11
2014-08-11 15:00:00,3.045084,56.934303,6.2,1.762216,1.168644,ONO,4.073136,22.886312,71.350296,8,15,0,2014,11
2014-08-11 16:00:00,2.164874,51.071133,6.2,1.737051,1.167101,ONO,3.626606,22.709776,71.667961,8,16,0,2014,11
2014-08-11 17:00:00,3.515768,52.755318,6.2,1.910185,1.175871,ONO,4.211082,21.938713,75.198448,8,17,0,2014,11
2014-08-11 18:00:00,3.766245,57.176262,6.2,1.905958,1.177566,ONO,3.723529,21.45479,76.552406,8,18,0,2014,11
2014-08-11 19:00:00,5.488944,54.639103,6.2,2.018184,1.180357,ONO,3.111601,21.001188,77.787651,8,19,0,2014,11
2014-08-11 20:00:00,3.546207,53.226627,6.2,1.950659,1.165843,NO,1.666255,20.936544,78.501427,8,20,0,2014,11
2014-08-11 21:00:00,3.784984,49.623383,6.2,1.890616,1.163,ONO,1.723452,20.839846,79.607689,8,21,0,2014,11
2014-08-11 22:00:00,3.519916,47.873062,6.2,1.794737,1.154125,ONO,2.142267,20.609112,80.990982,8,22,0,2014,11
2014-08-11 23:00:00,3.178807,48.429642,6.2,1.785525,1.154998,ONO,1.973945,20.576822,80.563293,8,23,0,2014,11
2014-08-12 00:00:00,2.231128,52.201851,6.2,1.731783,1.152161,NO,1.663926,20.721544,79.742065,8,0,1,2014,12
2014-08-12 01:00:00,2.048278,54.931473,,1.556146,1.150473,ONO,1.799779,20.533985,79.937927,8,1,1,2014,12
2014-08-12 02:00:00,2.498335,54.566875,,1.835195,1.149241,ONO,2.230905,20.268078,79.667618,8,2,1,2014,12
2014-08-12 03:00:00,1.581887,49.992455,,1.894624,1.146452,ONO,2.061388,19.84351,79.818039,8,3,1,2014,12
2014-08-12 04:00:00,1.001176,56.423767,16.299999,1.773702,1.15868,SO,1.405413,19.97073,77.266724,8,4,1,2014,12
2014-08-12 05:00:00,1.313041,60.77779,16.299999,1.953839,1.155426,ONO,1.367571,19.785784,76.553391,8,5,1,2014,12
2014-08-12 06:00:00,2.936415,62.948349,16.299999,2.013775,1.166738,ONO,1.754366,19.626781,75.966019,8,6,1,2014,12
2014-08-12 07:00:00,5.263404,62.817101,16.299999,1.933601,1.178204,ONO,1.640144,19.445665,76.478127,8,7,1,2014,12
2014-08-12 08:00:00,4.872309,64.539925,16.299999,1.825097,1.188067,ONO,1.394422,19.937763,73.305588,8,8,1,2014,12
2014-08-12 09:00:00,5.851879,65.705719,16.299999,1.922958,1.201067,ONO,1.802689,20.600122,70.182373,8,9,1,2014,12
2014-08-12 10:00:00,6.903114,71.642876,16.299999,1.714776,1.219536,O,1.966646,21.279713,67.398796,8,10,1,2014,12
2014-08-12 11:00:00,6.299348,73.350487,16.299999,0.805251,1.214391,ONO,3.34799,21.362877,67.701164,8,11,1,2014,12
2014-08-12 12:00:00,5.372582,71.812141,16.299999,1.954995,1.200542,ONO,3.654908,21.351446,69.708351,8,12,1,2014,12
2014-08-12 13:00:00,3.91549,73.733292,16.299999,1.828982,1.188278,ONO,3.820112,21.606024,70.751366,8,13,1,2014,12
2014-08-12 14:00:00,4.623434,70.405113,16.299999,1.856187,1.188792,ONO,3.660418,22.195869,71.026352,8,14,1,2014,12
2014-08-12 15:00:00,3.354237,70.447266,16.299999,1.947829,1.186323,ONO,3.488462,22.44726,71.089813,8,15,1,2014,12
2014-08-12 16:00:00,3.554286,72.66806,16.299999,2.086223,1.182925,ONO,3.489946,21.890619,73.795891,8,16,1,2014,12
2014-08-12 17:00:00,3.873144,82.277588,16.299999,2.027342,1.186835,ONO,3.850561,21.424198,76.452454,8,17,1,2014,12
2014-08-12 18:00:00,4.110272,88.03904,16.299999,2.003258,1.185686,ONO,3.139273,21.585087,75.490005,8,18,1,2014,12
2014-08-12 19:00:00,4.16117,83.238396,16.299999,2.070775,1.190032,ONO,2.761159,21.298738,75.01265,8,19,1,2014,12
2014-08-12 20:00:00,9.066,80.731445,16.299999,1.942433,1.212983,ONO,2.678502,20.437323,78.303452,8,20,1,2014,12
2014-08-12 21:00:00,10.607662,73.693687,16.299999,1.862061,1.215494,ONO,1.707497,20.023235,79.924194,8,21,1,2014,12
2014-08-12 22:00:00,11.71678,72.898209,16.299999,1.909234,1.225851,ONO,1.346623,19.880341,81.038666,8,22,1,2014,12
2014-08-12 23:00:00,12.252079,75.119804,16.299999,1.888838,1.217987,ONO,1.134308,19.719578,82.496613,8,23,1,2014,12
2014-08-13 00:00:00,7.331493,80.948326,16.299999,1.794691,1.197151,ONO,1.042951,19.58642,83.191055,8,0,2,2014,13
2014-08-13 01:00:00,8.753761,72.993027,,1.88168,1.19688,NO,0.746199,19.423281,85.111008,8,1,2,2014,13
2014-08-13 02:00:00,3.475054,70.486618,,1.884483,1.171186,SO,0.99109,19.792328,85.25325,8,2,2,2014,13
2014-08-13 03:00:00,4.718498,61.02697,,1.867761,1.163074,OSO,0.961456,20.039072,84.624168,8,3,2,2014,13
2014-08-13 04:00:00,3.410229,57.893211,3.8,1.90552,1.161705,SSE,0.854837,20.133532,84.454315,8,4,2,2014,13
2014-08-13 05:00:00,2.753389,56.305084,11.4,2.094225,1.153627,SSE,1.046398,20.183693,84.294197,8,5,2,2014,13
2014-08-13 06:00:00,4.053715,52.832016,11.4,2.025048,1.164009,SO,0.884799,20.314308,84.455002,8,6,2,2014,13
2014-08-13 07:00:00,7.711851,47.450462,11.4,2.090976,1.181018,ONO,1.342078,20.368914,85.113586,8,7,2,2014,13
2014-08-13 08:00:00,8.082916,44.49794,11.4,2.049668,1.179736,NO,1.263619,20.922636,84.086014,8,8,2,2014,13
2014-08-13 09:00:00,7.506951,43.854939,11.4,2.013524,1.187715,NO,1.524594,21.619488,81.206619,8,9,2,2014,13
2014-08-13 10:00:00,6.350826,41.697479,11.4,1.96037,1.174399,ONO,2.273396,21.855753,81.884857,8,10,2,2014,13
2014-08-13 11:00:00,6.720264,44.358505,11.4,1.922563,1.165933,ONO,2.469973,22.243013,80.592934,8,11,2,2014,13
2014-08-13 12:00:00,7.321131,50.152069,11.4,1.853939,1.170228,ONO,2.444376,22.90354,76.208694,8,12,2,2014,13
2014-08-13 13:00:00,4.461544,60.823502,11.4,2.023881,1.167788,ONO,3.030945,23.576145,71.493927,8,13,2,2014,13
2014-08-13 14:00:00,3.517393,62.754532,11.4,1.921335,1.163021,NO,3.238044,23.859348,70.16066,8,14,2,2014,13
2014-08-13 15:00:00,4.373621,59.612251,11.4,2.139925,1.168178,NO,2.969913,24.020012,70.502274,8,15,2,2014,13
2014-08-13 16:00:00,3.024876,58.133675,11.4,1.935534,1.163327,NO,3.134621,23.576992,70.749123,8,16,2,2014,13
2014-08-13 17:00:00,3.187028,53.006355,11.4,1.914251,1.146785,ONO,4.231343,22.827433,73.883698,8,17,2,2014,13
2014-08-13 18:00:00,3.74,49.30862,11.4,1.724767,1.162021,ONO,3.502728,21.751324,78.559525,8,18,2,2014,13
2014-08-13 19:00:00,5.520544,43.832439,11.4,2.00282,1.164534,ONO,2.487479,21.586863,80.001114,8,19,2,2014,13
2014-08-13 20:00:00,5.389359,42.457844,11.4,1.963414,1.159683,ONO,2.263829,21.044331,81.653412,8,20,2,2014,13
2014-08-13 21:00:00,5.03663,42.704239,11.4,1.836573,1.159071,ONO,1.926736,20.792601,82.126923,8,21,2,2014,13
2014-08-13 22:00:00,4.181567,44.719383,11.4,1.694593,1.159843,NO,1.794569,20.53982,82.255188,8,22,2,2014,13
2014-08-13 23:00:00,2.795121,50.733521,11.4,1.886304,1.153408,SO,1.732044,20.40439,81.238129,8,23,2,2014,13
2014-08-14 00:00:00,2.797787,60.200562,11.4,1.840978,1.157573,ONO,1.600395,20.283545,80.994408,8,0,3,2014,14
2014-08-14 01:00:00,1.995973,71.066452,,1.961102,1.162792,NNO,1.683552,20.109077,81.145805,8,1,3,2014,14
2014-08-14 02:00:00,2.768845,83.969604,,1.871675,1.188149,ONO,1.192101,19.795958,81.301079,8,2,3,2014,14
2014-08-14 03:00:00,2.475637,83.077881,,1.85993,1.191085,ONO,0.936532,19.542194,81.840454,8,3,3,2014,14
2014-08-14 04:00:00,2.849867,80.533615,4.825,1.921634,1.187294,ONO,0.843125,19.196445,82.936745,8,4,3,2014,14
2014-08-14 05:00:00,4.076971,77.483795,14.474999,1.86892,1.199991,ONO,0.846754,18.819666,84.415108,8,5,3,2014,14
2014-08-14 06:00:00,7.80689,69.979874,14.474999,1.962159,1.211743,ONO,0.780764,18.516926,85.800575,8,6,3,2014,14
2014-08-14 07:00:00,13.960639,59.187328,14.474999,1.998666,1.24587,N,0.342754,18.490402,87.133362,8,7,3,2014,14
2014-08-14 08:00:00,9.345254,75.027061,14.474999,2.002975,1.219318,OSO,1.201199,20.05827,80.945435,8,8,3,2014,14
2014-08-14 09:00:00,5.933891,81.639992,14.474999,1.892328,1.209117,SO,1.87757,21.126986,74.903641,8,9,3,2014,14
2014-08-14 10:00:00,3.530297,80.223175,14.474999,1.930421,1.196874,ONO,2.147752,21.467476,74.667648,8,10,3,2014,14
2014-08-14 11:00:00,4.862526,82.525803,14.474999,2.044467,1.204046,ONO,2.470934,22.438171,69.044876,8,11,3,2014,14
2014-08-14 12:00:00,4.150432,87.068878,14.474999,1.925166,1.199906,ONO,2.669296,23.110909,63.32872,8,12,3,2014,14
2014-08-14 13:00:00,4.970001,87.550499,14.474999,1.169732,1.207017,ONO,4.022644,22.70401,68.530663,8,13,3,2014,14
2014-08-14 14:00:00,3.497491,88.021347,14.474999,2.037239,1.202274,ONO,3.900415,23.293787,70.43335,8,14,3,2014,14
2014-08-14 15:00:00,3.117364,92.677032,14.474999,2.073268,1.192721,ONO,3.991496,23.260786,68.678436,8,15,3,2014,14
2014-08-14 16:00:00,2.894464,89.809059,14.474999,2.055112,1.186163,ONO,4.612813,22.53005,73.066513,8,16,3,2014,14
2014-08-14 17:00:00,3.968817,83.26384,14.474999,2.077276,1.185008,ONO,3.393648,22.5387,73.485275,8,17,3,2014,14
2014-08-14 18:00:00,4.481095,84.067314,14.474999,2.037482,1.177756,ONO,2.688075,22.410255,73.426231,8,18,3,2014,14
2014-08-14 19:00:00,4.625583,85.786438,14.474999,1.860347,1.198076,NO,2.504419,21.73172,75.289474,8,19,3,2014,14
2014-08-14 20:00:00,8.141146,81.821999,14.474999,2.005805,1.207255,NO,1.707287,20.561459,80.155846,8,20,3,2014,14
2014-08-14 21:00:00,9.932714,79.290245,14.474999,1.925647,1.22765,NO,1.192467,20.259871,81.763298,8,21,3,2014,14
2014-08-14 22:00:00,10.377526,76.451736,14.474999,1.953559,1.220937,NO,0.958865,19.944683,82.003326,8,22,3,2014,14
2014-08-14 23:00:00,15.186962,72.041801,14.474999,1.955823,1.222947,ONO,1.740876,19.734806,83.517197,8,23,3,2014,14
2014-08-15 00:00:00,10.814151,72.305496,14.474999,1.885613,1.210373,SSE,0.745498,19.212387,85.446144,8,0,4,2014,15
2014-08-15 01:00:00,9.413905,70.165039,,1.920176,1.202727,NNE,0.889446,19.02425,83.734467,8,1,4,2014,15
2014-08-15 02:00:00,8.520176,69.183128,,1.936685,1.206974,NNE,0.585216,18.774794,84.715714,8,2,4,2014,15
2014-08-15 03:00:00,9.25781,61.509258,,1.898965,1.216208,ONO,0.528414,18.557625,86.588829,8,3,4,2014,15
2014-08-15 04:00:00,9.301602,69.462868,6.35,1.867828,1.191205,OSO,0.889078,18.806847,86.13604,8,4,4,2014,15
2014-08-15 05:00:00,11.304333,62.963333,19.049999,2.046721,1.201963,O,0.641187,18.464727,87.210114,8,5,4,2014,15
2014-08-15 06:00:00,14.876506,54.429096,19.049999,2.059689,1.208302,N,0.2753,17.981346,89.168434,8,6,4,2014,15
2014-08-15 07:00:00,27.170703,40.754379,19.049999,1.857765,1.269742,N,0.0,17.875593,91.242401,8,7,4,2014,15
2014-08-15 08:00:00,32.034981,45.99065,19.049999,2.114069,1.295588,SSO,0.901241,19.570547,88.691124,8,8,4,2014,15
2014-08-15 09:00:00,33.158442,51.94516,19.049999,1.926523,1.264456,OSO,1.340367,21.696445,74.430199,8,9,4,2014,15
2014-08-15 10:00:00,26.185529,61.041725,19.049999,4.183129,1.234492,ONO,1.790571,22.726532,65.975311,8,10,4,2014,15
2014-08-15 11:00:00,10.951692,78.73999,19.049999,4.704094,1.223705,ONO,2.897344,22.709131,68.772522,8,11,4,2014,15
2014-08-15 12:00:00,11.146565,85.638023,19.049999,2.759389,1.229971,ONO,3.20254,22.859043,68.613419,8,12,4,2014,15
2014-08-15 13:00:00,8.280543,87.599869,19.049999,2.311045,1.227025,O,3.5634,23.042295,71.627289,8,13,4,2014,15
2014-08-15 14:00:00,4.633599,87.845909,19.049999,2.165477,1.193063,ONO,3.566052,23.546297,70.138138,8,14,4,2014,15
2014-08-15 15:00:00,4.272821,94.107361,19.049999,2.015981,1.192764,ONO,4.38879,23.71232,73.270729,8,15,4,2014,15
2014-08-15 16:00:00,3.390953,93.202148,19.049999,1.921394,1.191755,ONO,4.366176,22.92474,79.303146,8,16,4,2014,15
2014-08-15 17:00:00,4.776278,93.672493,19.049999,1.997315,1.199713,ONO,3.895268,22.516586,80.842628,8,17,4,2014,15
2014-08-15 18:00:00,5.572119,93.906731,19.049999,2.025737,1.197814,ONO,2.966277,22.159714,80.968628,8,18,4,2014,15
2014-08-15 19:00:00,6.563014,91.640488,19.049999,1.977108,1.189782,ONO,3.020019,21.580994,83.023605,8,19,4,2014,15
2014-08-15 20:00:00,7.302721,86.808037,19.049999,1.946724,1.197361,ONO,2.137448,21.349886,85.87146,8,20,4,2014,15
2014-08-15 21:00:00,8.87527,87.71962,19.049999,1.853247,1.20078,ONO,1.648352,21.353041,86.776764,8,21,4,2014,15
2014-08-15 22:00:00,9.658512,89.952492,19.049999,1.971392,1.202167,ONO,1.512782,21.34161,85.472595,8,22,4,2014,15
2014-08-15 23:00:00,9.559382,86.600647,19.049999,1.946454,1.20077,ONO,1.476801,21.317598,85.833817,8,23,4,2014,15
2014-08-16 00:00:00,8.420403,89.808907,19.049999,1.734333,1.198507,ONO,1.516929,20.875935,86.554916,8,0,5,2014,16
2014-08-16 01:00:00,11.024784,83.492142,,1.733874,1.192442,NO,1.058156,20.535105,88.754272,8,1,5,2014,16
2014-08-16 02:00:00,7.775843,84.865784,,1.956416,1.185092,ONO,0.948435,20.234432,91.293549,8,2,5,2014,16
2014-08-16 03:00:00,6.558342,79.692612,,2.13451,1.191039,SO,0.665532,19.981279,92.21344,8,3,5,2014,16
2014-08-16 04:00:00,5.296573,77.406693,6.6,2.017377,1.183838,NNE,0.720435,19.617622,91.914093,8,4,5,2014,16
2014-08-16 05:00:00,8.826901,65.107483,19.799999,1.888283,1.203143,NE,0.578776,19.419651,92.017334,8,5,5,2014,16
2014-08-16 06:00:00,22.7981,46.969891,19.799999,2.036356,1.257721,N,0.651699,19.340252,92.62413,8,6,5,2014,16
2014-08-16 07:00:00,37.346108,35.349442,19.799999,2.217998,1.335766,ONO,0.74729,19.644146,92.581947,8,7,5,2014,16
2014-08-16 08:00:00,20.993703,60.334461,19.799999,2.215977,1.275024,NO,0.905819,20.283646,91.306236,8,8,5,2014,16
2014-08-16 09:00:00,10.718773,80.285629,19.799999,2.164387,1.221139,ONO,1.765553,21.598259,81.678917,8,9,5,2014,16
2014-08-16 10:00:00,11.318951,75.800247,19.799999,2.344332,1.22274,ONO,2.072531,22.489553,77.206795,8,10,5,2014,16
2014-08-16 11:00:00,8.815943,75.57489,19.799999,2.001627,1.211176,O,2.638459,22.770214,75.121185,8,11,5,2014,16
2014-08-16 12:00:00,9.416334,76.223076,19.799999,2.163181,1.214398,ONO,3.115565,23.230194,72.932365,8,12,5,2014,16
2014-08-16 13:00:00,5.473611,83.343765,19.799999,2.313921,1.185848,ONO,3.131031,23.944988,71.381905,8,13,5,2014,16
2014-08-16 14:00:00,4.378894,93.525162,19.799999,2.172867,1.188137,ONO,3.950618,23.9592,72.590256,8,14,5,2014,16
2014-08-16 15:00:00,3.564041,98.431747,19.799999,2.218695,1.213438,ONO,4.133451,23.605551,75.066582,8,15,5,2014,16
2014-08-16 16:00:00,4.36156,102.95224,19.799999,2.022002,1.220245,ONO,3.41154,23.792973,75.558266,8,16,5,2014,16
2014-08-16 17:00:00,4.201666,95.204483,19.799999,2.015252,1.224515,ONO,3.118321,23.554302,77.50116,8,17,5,2014,16
2014-08-16 18:00:00,4.336875,94.806,19.799999,2.257976,1.213144,ONO,2.99739,22.81312,80.832619,8,18,5,2014,16
2014-08-16 19:00:00,6.680229,92.797256,19.799999,2.183382,1.211894,ONO,2.405737,22.010752,84.837471,8,19,5,2014,16
2014-08-16 20:00:00,8.444477,85.387375,19.799999,2.344839,1.21544,ONO,2.027677,21.465746,87.636681,8,20,5,2014,16
2014-08-16 21:00:00,9.745043,81.486252,19.799999,2.242675,1.23503,NO,1.324453,21.255426,89.394829,8,21,5,2014,16
2014-08-16 22:00:00,8.365506,87.58651,19.799999,2.10949,1.22074,OSO,1.462335,21.229685,88.878304,8,22,5,2014,16
2014-08-16 23:00:00,7.530221,89.209442,19.799999,1.878417,1.221374,SO,0.788463,21.232805,87.444275,8,23,5,2014,16
2014-08-17 00:00:00,9.408929,86.457611,19.799999,2.092706,1.216384,ONO,1.409963,20.982195,88.271667,8,0,6,2014,17
2014-08-17 01:00:00,6.606285,88.384857,,2.314249,1.203238,ONO,2.013912,20.74749,89.521835,8,1,6,2014,17
2014-08-17 02:00:00,3.236604,89.575493,,2.285611,1.192447,O,1.396477,20.505325,89.945633,8,2,6,2014,17
2014-08-17 03:00:00,3.430402,86.742264,,2.25352,1.191936,ONO,1.08708,20.32048,89.854225,8,3,6,2014,17
2014-08-17 04:00:00,3.114585,83.548164,8.375,2.408925,1.184275,SO,1.030277,20.09127,89.677422,8,4,6,2014,17
2014-08-17 05:00:00,4.918447,74.792519,25.125,2.22399,1.194966,S,0.689956,20.04026,90.27327,8,5,6,2014,17
2014-08-17 06:00:00,3.630656,75.493744,25.125,2.159096,1.189534,S,1.175898,19.959539,90.545784,8,6,6,2014,17
2014-08-17 07:00:00,5.987712,71.186668,25.125,2.094065,1.199115,S,1.204682,19.921619,90.331268,8,7,6,2014,17
2014-08-17 08:00:00,6.581203,68.346786,25.125,2.240434,1.208301,S,1.935828,20.213133,89.352699,8,8,6,2014,17
2014-08-17 09:00:00,5.827897,67.177002,25.125,2.271236,1.219826,SO,2.127098,21.332214,83.683968,8,9,6,2014,17
2014-08-17 10:00:00,5.496002,65.330025,25.125,2.275267,1.20788,OSO,2.864183,22.128342,79.138214,8,10,6,2014,17
2014-08-17 11:00:00,4.698376,64.259285,25.125,2.110603,1.209192,OSO,3.503323,22.115486,78.618408,8,11,6,2014,17
2014-08-17 12:00:00,5.076449,66.570984,25.125,2.272213,1.216256,OSO,3.392065,22.478497,76.494438,8,12,6,2014,17
2014-08-17 13:00:00,5.212335,66.284958,25.125,2.311224,1.214725,OSO,3.693555,22.852226,75.579536,8,13,6,2014,17
2014-08-17 14:00:00,5.54791,69.931671,25.125,2.448427,1.242276,OSO,3.650508,22.841202,76.016251,8,14,6,2014,17
2014-08-17 15:00:00,4.747654,71.788475,25.125,2.443322,1.223103,OSO,3.277496,22.852463,75.846634,8,15,6,2014,17
2014-08-17 16:00:00,4.855434,67.13945,25.125,2.409117,1.239825,OSO,3.158577,23.069939,75.286263,8,16,6,2014,17
2014-08-17 17:00:00,4.692685,64.659874,25.125,2.553503,1.218298,SO,3.729392,22.53446,77.184448,8,17,6,2014,17
2014-08-17 18:00:00,5.704129,65.025139,25.125,2.48923,1.22105,SO,4.014966,22.090694,79.146217,8,18,6,2014,17
2014-08-17 19:00:00,9.735594,59.368587,25.125,2.382249,1.260598,SO,3.645222,21.627188,81.359253,8,19,6,2014,17
2014-08-17 20:00:00,16.665665,53.726418,25.125,2.531195,1.319131,SSO,2.875386,21.126747,83.634789,8,20,6,2014,17
2014-08-17 21:00:00,21.445127,48.001366,25.125,2.431064,1.347108,SSO,2.329944,20.743183,85.489456,8,21,6,2014,17
2014-08-17 22:00:00,19.248723,45.909515,25.125,2.399841,1.295594,S,2.923406,20.619999,86.129463,8,22,6,2014,17
2014-08-17 23:00:00,14.940655,51.011055,25.125,2.308415,1.217153,S,4.125332,20.841949,82.17572,8,23,6,2014,17
2014-08-18 00:00:00,5.527887,62.838825,25.125,2.435027,1.193156,S,3.635322,20.492437,82.094833,8,0,0,2014,18
2014-08-18 01:00:00,3.643552,62.985565,,2.256134,1.183028,S,3.496089,20.145809,83.258171,8,1,0,2014,18
2014-08-18 02:00:00,4.805138,61.954227,,2.113334,1.163932,SSO,4.264513,19.999187,83.838928,8,2,0,2014,18
2014-08-18 03:00:00,19.736719,42.566277,,2.235201,1.164628,S,3.460546,20.130478,82.295898,8,3,0,2014,18
2014-08-18 04:00:00,15.228867,48.122704,7.9,2.653777,1.154872,S,3.342309,20.098326,81.136246,8,4,0,2014,18
2014-08-18 05:00:00,13.046201,47.860241,23.700001,3.300956,1.15239,S,2.824032,20.100395,80.272453,8,5,0,2014,18
2014-08-18 06:00:00,12.033061,52.370419,23.700001,3.750095,1.168426,S,2.466726,20.054132,79.657066,8,6,0,2014,18
2014-08-18 07:00:00,10.114798,57.696899,23.700001,3.266796,1.187961,SSO,2.683963,20.003359,78.630753,8,7,0,2014,18
2014-08-18 08:00:00,18.3111,47.986183,23.700001,3.276525,1.223657,S,2.817527,20.124237,77.423691,8,8,0,2014,18
2014-08-18 09:00:00,23.448752,45.52475,23.700001,4.436165,1.23158,S,2.729064,20.703739,74.293449,8,9,0,2014,18
2014-08-18 10:00:00,15.734283,58.000107,23.700001,6.191316,1.22524,S,3.149847,21.986095,69.285545,8,10,0,2014,18
2014-08-18 11:00:00,7.157435,76.37989,23.700001,4.114646,1.210963,OSO,4.101768,22.205706,69.873222,8,11,0,2014,18
2014-08-18 12:00:00,6.770029,79.504852,23.700001,2.931463,1.202006,OSO,4.764759,22.457706,70.181656,8,12,0,2014,18
2014-08-18 13:00:00,7.133187,78.78627,23.700001,2.555988,1.21328,OSO,4.095101,23.20974,67.680878,8,13,0,2014,18
2014-08-18 14:00:00,5.978044,77.477959,23.700001,2.561491,1.220263,OSO,4.228278,23.43227,68.185898,8,14,0,2014,18
2014-08-18 15:00:00,6.486677,81.749229,23.700001,2.332533,1.240594,OSO,4.207026,22.93634,73.638107,8,15,0,2014,18
2014-08-18 16:00:00,7.878377,79.769264,23.700001,2.278666,1.246894,O,3.930591,22.7209,72.745155,8,16,0,2014,18
2014-08-18 17:00:00,8.740378,76.970245,23.700001,2.262302,1.251112,O,3.572689,22.065086,76.587952,8,17,0,2014,18
2014-08-18 18:00:00,10.343689,72.460373,23.700001,2.181857,1.266632,O,3.039362,21.526524,78.909958,8,18,0,2014,18
2014-08-18 19:00:00,11.749479,73.034332,23.700001,2.231079,1.264475,OSO,2.747125,21.119286,79.396179,8,19,0,2014,18
2014-08-18 20:00:00,13.292836,72.665955,23.700001,2.167744,1.266597,O,2.441939,21.052469,80.098022,8,20,0,2014,18
2014-08-18 21:00:00,13.063725,70.324371,23.700001,2.237983,1.241459,ONO,2.62119,21.058914,81.094902,8,21,0,2014,18
2014-08-18 22:00:00,12.142586,72.544563,23.700001,2.153336,1.229855,ONO,3.150202,20.657476,83.932777,8,22,0,2014,18
2014-08-18 23:00:00,9.602225,83.103493,23.700001,2.107468,1.218512,O,2.562975,20.046162,84.047852,8,23,0,2014,18
2014-08-19 00:00:00,7.376957,85.905113,23.700001,2.113217,1.210483,ONO,2.136131,19.740538,83.687119,8,0,1,2014,19
2014-08-19 01:00:00,5.009504,87.511742,,2.07008,1.200572,ONO,1.896995,19.561459,83.157944,8,1,1,2014,19
2014-08-19 02:00:00,4.474083,85.259583,,2.153318,1.18972,ONO,1.574857,19.542803,81.906792,8,2,1,2014,19
2014-08-19 03:00:00,3.340852,89.733505,,2.105695,1.168765,ONO,1.486255,19.527304,81.154663,8,3,1,2014,19
2014-08-19 04:00:00,3.450205,87.941681,4.9,2.15968,1.165051,ONO,1.576958,19.4786,80.826004,8,4,1,2014,19
2014-08-19 05:00:00,3.570584,83.420021,14.700001,2.115209,1.162611,ONO,1.215651,19.332994,81.171448,8,5,1,2014,19
2014-08-19 06:00:00,5.251279,78.891205,14.700001,2.168454,1.163602,ONO,1.753262,19.265839,80.574074,8,6,1,2014,19
2014-08-19 07:00:00,7.395342,75.516327,14.700001,2.178397,1.183078,ONO,1.270859,19.274828,80.028389,8,7,1,2014,19
2014-08-19 08:00:00,6.92078,77.445969,14.700001,2.147011,1.180544,ONO,1.918527,19.902321,76.167442,8,8,1,2014,19
2014-08-19 09:00:00,5.945505,80.732056,14.700001,1.815635,1.177307,ONO,2.3058,20.568953,71.785004,8,9,1,2014,19
2014-08-19 10:00:00,5.323344,81.012451,14.700001,2.107679,1.17958,ONO,2.22909,21.269978,69.051819,8,10,1,2014,19
2014-08-19 11:00:00,6.237009,76.26313,14.700001,2.001549,1.179003,ONO,3.742878,21.204453,70.084656,8,11,1,2014,19
2014-08-19 12:00:00,6.039777,72.987839,14.700001,1.931977,1.180733,ONO,3.374785,21.458994,69.387199,8,12,1,2014,19
2014-08-19 13:00:00,3.315023,74.02652,14.700001,2.050165,1.15431,ONO,3.12873,21.951977,67.133057,8,13,1,2014,19
2014-08-19 14:00:00,3.321564,73.369316,14.700001,2.219347,1.157984,ONO,3.873212,21.771402,67.492302,8,14,1,2014,19
2014-08-19 15:00:00,2.737802,73.316849,14.700001,2.087905,1.158116,ONO,3.814079,22.070311,66.234123,8,15,1,2014,19
2014-08-19 16:00:00,2.644454,70.393906,14.700001,1.833588,1.156322,ONO,3.814008,21.878647,67.46727,8,16,1,2014,19
2014-08-19 17:00:00,3.156032,72.068199,14.700001,1.792614,1.154267,ONO,3.530609,21.45072,68.786766,8,17,1,2014,19
2014-08-19 18:00:00,3.524334,72.99144,14.700001,2.180287,1.15736,ONO,3.326496,20.987247,70.193634,8,18,1,2014,19
2014-08-19 19:00:00,4.525109,75.397858,14.700001,1.946329,1.154303,ONO,2.298807,20.618877,71.34687,8,19,1,2014,19
2014-08-19 20:00:00,5.389393,74.891693,14.700001,2.103154,1.1567,NO,2.082219,19.781441,75.038635,8,20,1,2014,19
2014-08-19 21:00:00,7.023859,71.342293,14.700001,1.99803,1.169453,SO,1.662411,19.420738,76.974091,8,21,1,2014,19
2014-08-19 22:00:00,9.857182,67.506744,14.700001,1.943896,1.166204,ESE,1.499636,19.232161,78.282188,8,22,1,2014,19
2014-08-19 23:00:00,8.250157,68.019478,14.700001,2.000049,1.16723,NNE,1.621929,18.99966,79.326279,8,23,1,2014,19
2014-08-20 00:00:00,14.374653,55.210957,14.700001,2.186511,1.200563,NNE,1.589775,18.843611,80.274933,8,0,2,2014,20
2014-08-20 01:00:00,9.828558,59.834797,,2.290273,1.181704,NNE,1.85785,18.715168,80.988266,8,1,2,2014,20
2014-08-20 02:00:00,9.504911,57.228043,,2.37119,1.179858,NNE,1.633106,18.444479,82.102798,8,2,2,2014,20
2014-08-20 03:00:00,11.422885,54.485481,,2.525281,1.179887,N,1.568404,18.283579,82.931053,8,3,2,2014,20
2014-08-20 04:00:00,10.565996,56.800285,5.2,2.436677,1.173567,NNE,1.727684,18.190952,85.177589,8,4,2,2014,20
2014-08-20 05:00:00,8.624643,56.460613,15.599999,2.22223,1.174287,E,1.608804,17.966661,86.613449,8,5,2,2014,20
2014-08-20 06:00:00,9.624505,51.60574,15.599999,2.138192,1.191638,NNE,1.715784,17.752781,87.291885,8,6,2,2014,20
2014-08-20 07:00:00,17.469054,45.522835,15.599999,2.269527,1.217681,NNE,2.157845,17.697599,87.885193,8,7,2,2014,20
2014-08-20 08:00:00,16.67514,53.477581,15.599999,3.490496,1.221515,NNE,2.252161,18.917753,83.588623,8,8,2,2014,20
2014-08-20 09:00:00,11.383995,66.153732,15.599999,4.227414,1.196386,N,2.518476,20.365082,76.483315,8,9,2,2014,20
2014-08-20 10:00:00,10.179396,68.606956,15.599999,3.298278,1.2115,S,2.138443,21.557489,71.102394,8,10,2,2014,20
2014-08-20 11:00:00,8.654837,74.620285,15.599999,3.086651,1.199227,S,2.392607,22.094898,68.433929,8,11,2,2014,20
2014-08-20 12:00:00,5.800809,79.243912,15.599999,3.15135,1.204307,NNO,2.309346,22.791176,67.407677,8,12,2,2014,20
2014-08-20 13:00:00,5.610806,75.929611,15.599999,2.454104,1.181329,NO,2.807524,22.81278,67.462349,8,13,2,2014,20
2014-08-20 14:00:00,5.145494,74.398544,15.599999,2.198769,1.17268,ONO,2.987652,22.795246,66.751465,8,14,2,2014,20
2014-08-20 15:00:00,3.753855,69.805397,15.599999,1.896207,1.180171,NO,2.496738,23.569393,65.141235,8,15,2,2014,20
2014-08-20 16:00:00,3.202864,63.608215,15.599999,2.200635,1.162503,NO,2.633848,23.206316,68.241898,8,16,2,2014,20
2014-08-20 17:00:00,2.721269,62.697941,15.599999,2.229028,1.18057,NO,2.867754,22.920773,70.105347,8,17,2,2014,20
2014-08-20 18:00:00,3.490303,61.656429,15.599999,2.213467,1.18485,NO,2.218462,22.296467,73.642319,8,18,2,2014,20
2014-08-20 19:00:00,5.223034,59.256897,15.599999,1.872407,1.183469,ONO,1.896803,21.334929,78.31221,8,19,2,2014,20
2014-08-20 20:00:00,7.366236,57.824982,15.599999,2.144867,1.182828,ONO,1.824427,20.408798,83.970291,8,20,2,2014,20
2014-08-20 21:00:00,6.99701,60.239876,15.599999,2.105399,1.183087,NO,1.500123,20.293449,85.77948,8,21,2,2014,20
2014-08-20 22:00:00,4.308882,64.453468,15.599999,2.081585,1.164323,N,1.519092,20.070412,84.907341,8,22,2,2014,20
2014-08-20 23:00:00,5.795492,59.500427,15.599999,2.215235,1.174136,NNE,1.063131,19.953941,84.898895,8,23,2,2014,20
2014-08-21 00:00:00,9.307967,53.082565,15.599999,2.096447,1.185441,ENE,0.812643,19.693359,86.193054,8,0,3,2014,21
2014-08-21 01:00:00,10.707973,51.774643,,2.141879,1.183198,O,0.780132,19.426071,87.463501,8,1,3,2014,21
2014-08-21 02:00:00,10.123357,53.287666,,2.160113,1.202674,ONO,1.446165,19.356056,88.969009,8,2,3,2014,21
2014-08-21 03:00:00,4.307052,60.797077,,1.998661,1.175406,ONO,1.182559,19.183523,90.70723,8,3,3,2014,21
2014-08-21 04:00:00,2.424224,58.380333,3.925,2.03733,1.149481,ONO,0.709574,19.020758,90.226967,8,4,3,2014,21
2014-08-21 05:00:00,4.49611,51.748894,11.775,2.089182,1.167843,N,0.509198,18.833876,90.843651,8,5,3,2014,21
2014-08-21 06:00:00,5.164376,57.040207,11.775,2.045928,1.149994,NO,0.889237,19.019436,91.047966,8,6,3,2014,21
2014-08-21 07:00:00,6.413098,60.120831,11.775,2.064404,1.150159,ESE,1.316649,19.2442,89.914085,8,7,3,2014,21
2014-08-21 08:00:00,7.18733,63.47398,11.775,1.882297,1.161926,OSO,1.130653,19.942884,84.560913,8,8,3,2014,21
2014-08-21 09:00:00,6.80975,69.131813,11.775,2.191875,1.161521,S,1.638945,21.225988,75.514343,8,9,3,2014,21
2014-08-21 10:00:00,5.168747,73.839027,11.775,2.085131,1.164966,ONO,2.197253,21.877594,72.462761,8,10,3,2014,21
2014-08-21 11:00:00,4.161586,73.899292,11.775,2.061371,1.160846,ONO,2.193845,22.664429,67.311287,8,11,3,2014,21
2014-08-21 12:00:00,4.25281,74.830338,11.775,2.155705,1.154773,ONO,2.936849,22.642384,67.01442,8,12,3,2014,21
2014-08-21 13:00:00,4.05751,71.408066,11.775,2.204833,1.156368,ONO,3.167134,22.851379,68.222565,8,13,3,2014,21
2014-08-21 14:00:00,3.581038,73.382004,11.775,2.199172,1.15224,ONO,3.641533,22.765297,66.952927,8,14,3,2014,21
2014-08-21 15:00:00,2.999023,75.184868,11.775,2.234683,1.153234,ONO,4.371706,22.430235,69.019974,8,15,3,2014,21
2014-08-21 16:00:00,3.165015,70.130196,11.775,2.203634,1.146106,ONO,4.036595,22.356636,69.157242,8,16,3,2014,21
2014-08-21 17:00:00,2.83245,72.346886,11.775,2.196697,1.154423,ONO,3.644521,22.255733,70.511566,8,17,3,2014,21
2014-08-21 18:00:00,3.85004,74.734222,11.775,2.207839,1.154292,ONO,2.804013,22.009701,73.09256,8,18,3,2014,21
2014-08-21 19:00:00,4.216646,70.919388,11.775,2.207521,1.156608,ONO,2.595493,21.137703,77.827599,8,19,3,2014,21
2014-08-21 20:00:00,6.774409,69.491226,11.775,2.208381,1.159463,ONO,1.742442,20.436882,82.443062,8,20,3,2014,21
2014-08-21 21:00:00,7.866172,65.167183,11.775,2.143241,1.172353,ONO,1.453585,20.244337,82.417381,8,21,3,2014,21
2014-08-21 22:00:00,9.456731,58.790428,11.775,2.09575,1.175926,ONO,1.40374,20.104429,83.338425,8,22,3,2014,21
2014-08-21 23:00:00,9.47004,56.241173,11.775,2.136932,1.179048,ONO,1.245852,20.016008,83.587639,8,23,3,2014,21
2014-08-22 00:00:00,8.726666,51.86422,11.775,2.075965,1.158226,ONO,1.357326,20.079842,84.627869,8,0,4,2014,22
2014-08-22 01:00:00,6.590818,50.386909,,2.005309,1.151073,ONO,1.48107,19.849716,87.82502,8,1,4,2014,22
2014-08-22 02:00:00,4.979339,48.586601,,2.023524,1.144135,ONO,1.189838,19.635429,89.149345,8,2,4,2014,22
2014-08-22 03:00:00,3.422368,47.205738,,2.179446,1.133419,NO,1.073801,19.509903,89.064613,8,3,4,2014,22
2014-08-22 04:00:00,3.477138,45.200249,2.4,2.247392,1.137882,ONO,0.964414,19.403984,89.061127,8,4,4,2014,22
2014-08-22 05:00:00,3.818726,46.395061,7.2,2.054338,1.134947,ONO,1.129295,19.508278,87.685425,8,5,4,2014,22
2014-08-22 06:00:00,3.917504,49.808308,7.2,2.092009,1.142891,ONO,1.209117,19.684303,86.091339,8,6,4,2014,22
2014-08-22 07:00:00,6.930462,46.115807,7.2,2.029251,1.154928,NO,1.151367,19.753935,85.727676,8,7,4,2014,22
2014-08-22 08:00:00,7.941743,46.256226,7.2,1.918422,1.163394,OSO,1.535348,20.105616,83.643265,8,8,4,2014,22
2014-08-22 09:00:00,6.112588,49.745346,7.2,2.051203,1.154674,O,2.178657,21.112808,77.540909,8,9,4,2014,22
2014-08-22 10:00:00,3.787427,52.543175,7.2,2.086912,1.147965,SSE,2.253804,21.936646,72.369453,8,10,4,2014,22
2014-08-22 11:00:00,3.324252,53.993793,7.2,2.104355,1.147996,NNO,2.382058,22.683796,67.860703,8,11,4,2014,22
2014-08-22 12:00:00,3.065915,53.686954,7.2,2.242541,1.14521,NO,2.93073,22.495152,66.798912,8,12,4,2014,22
2014-08-22 13:00:00,2.124993,54.566761,7.2,2.117743,1.131689,ONO,3.102463,22.83313,65.466225,8,13,4,2014,22
2014-08-22 14:00:00,1.333167,56.36964,7.2,2.179567,1.134693,NO,3.541176,22.871252,67.04966,8,14,4,2014,22
2014-08-22 15:00:00,2.198603,56.714005,7.2,2.236568,1.1273,ONO,3.710307,22.260517,68.181252,8,15,4,2014,22
2014-08-22 16:00:00,1.776439,54.774254,7.2,2.146079,1.134593,ONO,4.211109,22.043243,69.717239,8,16,4,2014,22
2014-08-22 17:00:00,1.952708,54.616058,7.2,2.173911,1.133513,NO,3.154571,22.423992,68.873085,8,17,4,2014,22
2014-08-22 18:00:00,3.069882,57.477627,7.2,2.114568,1.123276,ONO,2.553151,22.152523,70.128716,8,18,4,2014,22
2014-08-22 19:00:00,5.297005,58.945808,7.2,1.971603,1.142373,ONO,2.203673,20.912937,75.314102,8,19,4,2014,22
2014-08-22 20:00:00,7.084501,54.107697,7.2,2.128999,1.138323,NO,1.963542,20.240166,78.452927,8,20,4,2014,22
2014-08-22 21:00:00,7.626431,54.419266,7.2,1.911899,1.150366,ONO,1.522026,19.875187,80.222229,8,21,4,2014,22
2014-08-22 22:00:00,7.282801,57.028564,7.2,2.053815,1.150984,ONO,1.641909,19.674568,81.720055,8,22,4,2014,22
2014-08-22 23:00:00,5.800895,59.028137,7.2,2.038032,1.145552,ONO,1.646913,19.639059,81.991417,8,23,4,2014,22
2014-08-23 00:00:00,7.547556,60.044025,7.2,2.061237,1.141251,NO,1.411109,19.265228,82.817795,8,0,5,2014,23
2014-08-23 01:00:00,7.181827,62.710384,,2.109292,1.131473,NO,1.306146,19.2384,82.902802,8,1,5,2014,23
2014-08-23 02:00:00,5.877057,59.313873,,2.109196,1.130643,ONO,1.269119,19.157951,84.651337,8,2,5,2014,23
2014-08-23 03:00:00,4.541768,60.245663,,2.053684,1.117502,SO,1.006743,18.989792,84.794128,8,3,5,2014,23
2014-08-23 04:00:00,6.773762,57.014759,3.7,2.024733,1.138277,NNE,1.042722,18.935799,83.764992,8,4,5,2014,23
2014-08-23 05:00:00,8.380908,52.119156,11.1,2.035237,1.139786,NNE,0.79778,18.695904,84.533577,8,5,5,2014,23
2014-08-23 06:00:00,7.903196,48.058464,11.1,2.089585,1.155351,N,0.0,18.212896,85.970901,8,6,5,2014,23
2014-08-23 07:00:00,20.298125,33.991489,11.1,2.097696,1.212535,N,0.0,18.367113,86.541481,8,7,5,2014,23
2014-08-23 08:00:00,26.776477,38.566303,11.1,2.138451,1.246057,E,1.149206,20.061798,79.96167,8,8,5,2014,23
2014-08-23 09:00:00,11.696895,53.517181,11.1,2.290732,1.172793,NO,1.521913,21.191799,75.132072,8,9,5,2014,23
2014-08-23 10:00:00,6.49721,60.657818,11.1,2.330851,1.157806,NO,2.104905,22.011362,71.12149,8,10,5,2014,23
2014-08-23 11:00:00,3.943455,64.807617,11.1,2.227055,1.146072,ONO,2.89382,22.080521,70.282936,8,11,5,2014,23
2014-08-23 12:00:00,3.234935,67.646408,11.1,2.15748,1.128934,NO,2.795908,22.802538,67.520721,8,12,5,2014,23
2014-08-23 13:00:00,4.076343,72.604324,11.1,2.101247,1.144958,ONO,2.902475,23.418671,66.378479,8,13,5,2014,23
2014-08-23 14:00:00,3.267766,72.866196,11.1,2.174074,1.141457,ONO,4.297159,22.709946,71.402664,8,14,5,2014,23
2014-08-23 15:00:00,2.796194,80.182686,11.1,2.18273,1.147165,NO,2.79301,23.710556,68.472733,8,15,5,2014,23
2014-08-23 16:00:00,2.629056,82.989426,11.1,2.179497,1.14466,NO,2.976416,23.577026,68.186646,8,16,5,2014,23
2014-08-23 17:00:00,2.748994,88.26519,11.1,2.159392,1.160494,NO,2.824416,23.309763,68.440445,8,17,5,2014,23
2014-08-23 18:00:00,3.639014,87.568741,11.1,2.276824,1.154924,NO,2.430649,22.895878,68.962692,8,18,5,2014,23
2014-08-23 19:00:00,6.09238,79.553024,11.1,2.303585,1.166501,NO,1.942316,22.279034,71.002953,8,19,5,2014,23
2014-08-23 20:00:00,9.973789,74.923042,11.1,2.260809,1.180951,ONO,1.627134,21.143875,77.840157,8,20,5,2014,23
2014-08-23 21:00:00,11.365623,74.790833,11.1,2.161013,1.191908,N,1.428378,20.673859,81.250168,8,21,5,2014,23
2014-08-23 22:00:00,12.270138,71.97847,11.1,2.060808,1.191394,ONO,1.279554,20.44112,83.03524,8,22,5,2014,23
2014-08-23 23:00:00,9.471262,71.198303,11.1,2.137322,1.178901,ONO,1.492156,20.199873,84.657005,8,23,5,2014,23
2014-08-24 00:00:00,13.432816,61.652485,11.1,2.236341,1.188686,E,1.139847,19.909206,86.1026,8,0,6,2014,24
2014-08-24 01:00:00,17.621561,52.976635,,1.626823,1.18204,S,0.97032,19.665344,86.994095,8,1,6,2014,24
2014-08-24 02:00:00,10.985651,54.558022,,1.461411,1.165314,E,1.174163,19.436373,88.286118,8,2,6,2014,24
2014-08-24 03:00:00,7.404984,54.500935,,2.217611,1.163698,E,1.413884,19.433048,89.04406,8,3,6,2014,24
2014-08-24 04:00:00,7.295753,54.669579,4.425,2.216404,1.164841,NNE,1.858156,19.511158000000002,87.711746,8,4,6,2014,24
2014-08-24 05:00:00,6.592766,52.185921,13.275001,2.297252,1.15195,S,1.475877,19.358162,86.036667,8,5,6,2014,24
2014-08-24 06:00:00,6.895675,52.795689,13.275001,2.208536,1.14795,NNE,1.425933,19.106806,87.131012,8,6,6,2014,24
2014-08-24 07:00:00,7.287891,50.191559,13.275001,2.121403,1.159653,N,1.048597,19.095104,88.686104,8,7,6,2014,24
2014-08-24 08:00:00,8.100709,55.915276,13.275001,2.017615,1.161661,E,1.551542,19.767027,86.442993,8,8,6,2014,24
2014-08-24 09:00:00,4.796654,65.258354,13.275001,2.179769,1.145548,E,1.805587,20.912157,78.494507,8,9,6,2014,24
2014-08-24 10:00:00,3.580587,69.266396,13.275001,2.146995,1.157636,NNO,1.890762,21.935186,72.006073,8,10,6,2014,24
2014-08-24 11:00:00,3.733721,72.402054,13.275001,2.251745,1.155101,ONO,2.671572,22.026051,70.364365,8,11,6,2014,24
2014-08-24 12:00:00,3.534594,73.907425,13.275001,2.089013,1.15385,ONO,3.639261,21.813526,72.972488,8,12,6,2014,24
2014-08-24 13:00:00,3.87781,77.11422,13.275001,2.16812,1.151148,ONO,3.235744,22.43824,69.310776,8,13,6,2014,24
2014-08-24 14:00:00,3.207858,77.230453,13.275001,2.202163,1.149703,ONO,3.958587,22.543209,69.836929,8,14,6,2014,24
2014-08-24 15:00:00,2.440611,81.720459,13.275001,2.38282,1.159041,ONO,4.094035,22.585369,74.856087,8,15,6,2014,24
2014-08-24 16:00:00,2.5917,88.773232,13.275001,2.215889,1.16666,ONO,4.141624,22.28273,77.589752,8,16,6,2014,24
2014-08-24 17:00:00,3.885215,86.062729,13.275001,2.257045,1.166364,ONO,4.147814,21.877663,80.847336,8,17,6,2014,24
2014-08-24 18:00:00,3.937221,82.908577,13.275001,2.272525,1.165404,ONO,3.443544,21.659952,82.77388,8,18,6,2014,24
2014-08-24 19:00:00,5.54155,81.774216,13.275001,2.233063,1.174164,ONO,2.859363,21.339947,84.84124,8,19,6,2014,24
2014-08-24 20:00:00,6.388205,84.462891,13.275001,2.146101,1.175177,ONO,2.319435,20.917006,86.615219,8,20,6,2014,24
2014-08-24 21:00:00,9.769247,84.583328,13.275001,1.889655,1.17924,ONO,1.80592,20.791582,87.455231,8,21,6,2014,24
2014-08-24 22:00:00,8.477181,88.248154,13.275001,1.966677,1.191641,ONO,1.768541,20.733177,86.900627,8,22,6,2014,24
2014-08-24 23:00:00,10.152782,87.205246,13.275001,2.167939,1.196404,ONO,1.683118,20.658562,87.66246,8,23,6,2014,24
2014-08-25 00:00:00,5.176799,89.579124,13.275001,2.033555,1.164159,NO,1.206815,20.703604,88.429291,8,0,0,2014,25
2014-08-25 01:00:00,3.324531,92.868309,,2.209289,1.149901,ONO,1.504574,20.890078,85.098328,8,1,0,2014,25
2014-08-25 02:00:00,2.845673,93.990181,,2.169282,1.154409,NO,1.299834,20.971817,84.019844,8,2,0,2014,25
2014-08-25 03:00:00,2.9743,88.393791,,2.241729,1.147898,NNO,1.410565,20.953941,84.024384,8,3,0,2014,25
2014-08-25 04:00:00,2.58091,84.301941,6.025,2.292761,1.149978,E,1.655876,20.749695,84.675629,8,4,0,2014,25
2014-08-25 05:00:00,1.966003,76.466385,18.075001,2.110296,1.152742,E,1.387655,20.683321,85.066238,8,5,0,2014,25
2014-08-25 06:00:00,3.851156,62.311222,18.075001,2.182114,1.143397,O,1.528712,20.454891,86.181252,8,6,0,2014,25
2014-08-25 07:00:00,11.823194,51.6422,18.075001,2.1971,1.170704,ESE,1.35348,20.081978,87.275543,8,7,0,2014,25
2014-08-25 08:00:00,28.529031,43.662704,18.075001,2.198329,1.227938,NNE,1.9885,20.844357,84.352806,8,8,0,2014,25
2014-08-25 09:00:00,22.467454,63.65905,18.075001,3.100623,1.246935,E,1.961286,22.78931,72.110336,8,9,0,2014,25
2014-08-25 10:00:00,9.810847,79.655106,18.075001,2.371459,1.183419,NO,2.185709,23.422976,68.806808,8,10,0,2014,25
2014-08-25 11:00:00,5.502662,83.680557,18.075001,2.666081,1.167293,ONO,2.814699,23.202042,72.583099,8,11,0,2014,25
2014-08-25 12:00:00,7.38025,83.214272,18.075001,2.301492,1.185631,ONO,2.936301,23.512211,72.063728,8,12,0,2014,25
2014-08-25 13:00:00,6.41577,81.728394,18.075001,2.286334,1.168806,ONO,3.737889,23.097273,75.69075,8,13,0,2014,25
2014-08-25 14:00:00,6.003646,84.399689,18.075001,2.152856,1.188665,ONO,3.44373,23.620132,73.787849,8,14,0,2014,25
2014-08-25 15:00:00,8.286584,82.414543,18.075001,2.420088,1.211047,O,4.191205,23.623222,74.731415,8,15,0,2014,25
2014-08-25 16:00:00,4.59604,77.566566,18.075001,2.345918,1.181582,ONO,3.960831,23.172976,79.448448,8,16,0,2014,25
2014-08-25 17:00:00,4.368069,79.472618,18.075001,2.23176,1.180104,ONO,2.985007,22.987621,80.542061,8,17,0,2014,25
2014-08-25 18:00:00,6.75736,85.001434,18.075001,2.526381,1.187267,ONO,2.604231,22.507193,81.873734,8,18,0,2014,25
2014-08-25 19:00:00,8.212642,83.957367,18.075001,2.325087,1.184881,ONO,2.423463,21.478327,85.722565,8,19,0,2014,25
2014-08-25 20:00:00,9.210453,74.653313,18.075001,2.321189,1.188923,ONO,1.985021,21.014448,87.835777,8,20,0,2014,25
2014-08-25 21:00:00,6.362538,75.068604,18.075001,2.245123,1.169624,ONO,1.736944,20.878986,87.968727,8,21,0,2014,25
2014-08-25 22:00:00,4.271408,77.576706,18.075001,2.2499,1.162022,ONO,1.356614,20.781136,88.002007,8,22,0,2014,25
2014-08-25 23:00:00,3.613181,83.244896,18.075001,2.142168,1.155436,ONO,1.108616,20.918329,87.533539,8,23,0,2014,25
2014-08-26 00:00:00,5.860934,85.84745,18.075001,2.243011,1.157125,ONO,1.634764,21.221645,86.333771,8,0,1,2014,26
2014-08-26 01:00:00,5.050013,93.54924,,2.270103,1.16345,ONO,1.352789,21.121796,86.794357,8,1,1,2014,26
2014-08-26 02:00:00,3.889371,91.436874,,2.232059,1.160043,E,1.007071,20.893501,88.461815,8,2,1,2014,26
2014-08-26 03:00:00,6.613052,80.903572,,2.362053,1.164892,NNE,1.03665,20.483856,90.154526,8,3,1,2014,26
2014-08-26 04:00:00,9.076587,70.35569,5.6,2.216207,1.180911,N,0.254129,20.293753,90.762955,8,4,1,2014,26
2014-08-26 05:00:00,12.742231,57.57217,16.799999,2.371363,1.186852,SO,0.377508,20.062239,90.851814,8,5,1,2014,26
2014-08-26 06:00:00,25.708204,38.135746,16.799999,2.300272,1.258369,N,0.275449,19.760651,91.874283,8,6,1,2014,26
2014-08-26 07:00:00,40.428659,39.550835,16.799999,2.433409,1.359686,ONO,1.360846,20.128782,91.212013,8,7,1,2014,26
2014-08-26 08:00:00,20.746648,68.890144,16.799999,2.541546,1.291587,ONO,1.51304,20.273438,91.913269,8,8,1,2014,26
2014-08-26 09:00:00,16.076007,70.660965,16.799999,2.123745,1.24497,ONO,1.42539,20.814342,90.681252,8,9,1,2014,26
2014-08-26 10:00:00,10.945813,73.566483,16.799999,2.199103,1.203711,ONO,1.344518,22.84948,76.218224,8,10,1,2014,26
2014-08-26 11:00:00,13.442939,73.325798,16.799999,2.058637,1.22939,ONO,2.126268,23.673655,71.465439,8,11,1,2014,26
2014-08-26 12:00:00,7.669656,70.618629,16.799999,2.267781,1.186835,ONO,3.02361,23.406696,73.974258,8,12,1,2014,26
2014-08-26 13:00:00,5.240597,67.945702,16.799999,2.224374,1.160488,ONO,3.21553,23.327467,76.145035,8,13,1,2014,26
2014-08-26 14:00:00,3.446656,70.031677,16.799999,2.216904,1.151168,ONO,3.490999,23.445293,74.560097,8,14,1,2014,26
2014-08-26 15:00:00,3.887263,75.024139,16.799999,2.287637,1.159683,ONO,2.623482,24.526762,70.682304,8,15,1,2014,26
2014-08-26 16:00:00,5.506902,82.121765,16.799999,2.302459,1.168136,ONO,2.755554,24.513399,70.798943,8,16,1,2014,26
2014-08-26 17:00:00,6.136318,72.576828,16.799999,2.143009,1.171891,ONO,2.406455,24.053181,74.043755,8,17,1,2014,26
2014-08-26 18:00:00,9.241885,66.530243,16.799999,2.184655,1.184046,ONO,2.186465,23.276014,78.329506,8,18,1,2014,26
2014-08-26 19:00:00,16.827944,63.984211,16.799999,2.313213,1.224995,OSO,1.283585,22.988129,79.241318,8,19,1,2014,26
2014-08-26 20:00:00,14.71895,66.151039,16.799999,2.256721,1.206975,ONO,1.120442,22.090286,84.165611,8,20,1,2014,26
2014-08-26 21:00:00,15.432577,64.831123,16.799999,2.237329,1.217401,ONO,1.200113,21.6859,86.864639,8,21,1,2014,26
2014-08-26 22:00:00,14.964843,62.302612,16.799999,2.238365,1.210309,ONO,1.219545,21.523573,87.576385,8,22,1,2014,26
2014-08-26 23:00:00,13.792417,59.41082,16.799999,2.28639,1.197942,ONO,1.30221,21.313969,88.527298,8,23,1,2014,26
2014-08-27 00:00:00,10.321945,57.882946,16.799999,2.261036,1.172255,ONO,0.95997,20.916397,89.875221,8,0,2,2014,27
2014-08-27 01:00:00,7.361793,56.621479,,2.440674,1.142551,ONO,1.392701,20.828857,90.235931,8,1,2,2014,27
2014-08-27 02:00:00,7.799093,51.554142,,2.301319,1.14136,E,1.277776,20.73423,91.791138,8,2,2,2014,27
2014-08-27 03:00:00,8.931498,43.964485,,2.187237,1.136896,N,0.641691,20.551487,92.15554,8,3,2,2014,27
2014-08-27 04:00:00,8.370177,45.737289,7.225,2.247347,1.131099,ONO,1.356664,20.526489,92.408218,8,4,2,2014,27
2014-08-27 05:00:00,7.081379,42.884628,21.674999,2.359565,1.133769,OSO,0.72487,20.181522,93.401299,8,5,2,2014,27
2014-08-27 06:00:00,16.301205,32.012535,21.674999,2.335502,1.157664,ESE,0.568021,20.046602,94.01889,8,6,2,2014,27
2014-08-27 07:00:00,23.295837,24.920597,21.674999,2.426675,1.214738,NNO,0.394496,19.98094,94.643509,8,7,2,2014,27
2014-08-27 08:00:00,38.021753,18.326504,21.674999,2.363401,1.332187,NE,1.000664,20.34446,94.172836,8,8,2,2014,27
2014-08-27 09:00:00,55.515225,24.536634,21.674999,2.791392,1.542781,NNE,1.392081,23.287785,72.976738,8,9,2,2014,27
2014-08-27 10:00:00,44.774746,39.773285,21.674999,4.165427,1.380399,E,1.632187,26.094425,54.606976,8,10,2,2014,27
2014-08-27 11:00:00,42.604233,38.573212,21.674999,18.390493,1.305364,NO,1.743059,26.723785,55.05888,8,11,2,2014,27
2014-08-27 12:00:00,24.80495,54.405418,21.674999,18.33045,1.215884,ONO,2.50612,25.991114,62.908974,8,12,2,2014,27
2014-08-27 13:00:00,10.019627,57.869099,21.674999,4.129513,1.166053,ONO,3.037996,25.15493,68.285477,8,13,2,2014,27
2014-08-27 14:00:00,5.799046,58.283173,21.674999,3.171856,1.148755,ONO,3.268403,24.716187,69.029747,8,14,2,2014,27
2014-08-27 15:00:00,4.388561,57.887009,21.674999,2.750797,1.133689,ONO,3.38937,25.15707,66.47934,8,15,2,2014,27
2014-08-27 16:00:00,4.854771,59.38295,21.674999,2.701159,1.153649,ONO,3.023337,25.153236,72.988808,8,16,2,2014,27
2014-08-27 17:00:00,6.164958,68.875511,21.674999,2.48051,1.159142,NO,2.289504,25.241489,72.327873,8,17,2,2014,27
2014-08-27 18:00:00,9.754263,69.701447,21.674999,2.398106,1.168155,NO,2.261458,24.256174,76.790192,8,18,2,2014,27
2014-08-27 19:00:00,14.666634,66.758514,21.674999,2.412265,1.207518,NNO,1.587619,23.504581,80.107994,8,19,2,2014,27
2014-08-27 20:00:00,19.866973,63.909313,21.674999,2.473058,1.215225,NNE,1.70937,22.723715,81.975143,8,20,2,2014,27
2014-08-27 21:00:00,31.30068,46.874969,21.674999,2.500759,1.257953,E,0.867963,22.555759,81.936203,8,21,2,2014,27
2014-08-27 22:00:00,68.149186,16.020412,21.674999,2.564289,1.515354,NNO,0.660869,22.932064,79.641571,8,22,2,2014,27
2014-08-27 23:00:00,83.948303,10.468436,21.674999,3.315392,1.756341,O,1.484764,23.431488,72.646385,8,23,2,2014,27
2014-08-28 00:00:00,41.999616,30.078405,21.674999,3.308426,1.356945,ONO,1.006716,22.101343,83.337196,8,0,3,2014,28
2014-08-28 01:00:00,13.917809,54.136978,,2.780346,1.179657,ONO,1.659419,21.443291,89.421829,8,1,3,2014,28
2014-08-28 02:00:00,6.615455,61.140266,,2.583941,1.140497,SO,0.9135,20.987011,92.357315,8,2,3,2014,28
2014-08-28 03:00:00,8.460834,54.051575,,2.297423,1.145168,ONO,1.128962,20.724598,93.629356,8,3,3,2014,28
2014-08-28 04:00:00,8.346948,50.516762,6.725,2.476155,1.130857,E,0.770644,20.407036,93.939667,8,4,3,2014,28
2014-08-28 05:00:00,6.520709,55.019108,20.174999,2.235097,1.134518,SO,0.821157,20.313663,94.254379,8,5,3,2014,28
2014-08-28 06:00:00,11.459519,51.159859,20.174999,2.163752,1.143487,ONO,1.060418,20.256413,94.793381,8,6,3,2014,28
2014-08-28 07:00:00,12.704581,48.241962,20.174999,2.415119,1.157755,SSE,0.991922,20.055725,95.755875,8,7,3,2014,28
2014-08-28 08:00:00,27.42653,35.79641,20.174999,2.479835,1.232641,OSO,0.97402,20.159613,96.229416,8,8,3,2014,28
2014-08-28 09:00:00,21.991474,45.232464,20.174999,2.457684,1.227224,ONO,1.404464,20.683083,94.617149,8,9,3,2014,28
2014-08-28 10:00:00,14.124035,58.741081,20.174999,2.456432,1.20166,ONO,2.039525,22.325974,84.418167,8,10,3,2014,28
2014-08-28 11:00:00,7.631235,55.979027,20.174999,2.262096,1.157592,ONO,2.844656,23.246471,78.034599,8,11,3,2014,28
2014-08-28 12:00:00,7.312786,52.611435,20.174999,2.075792,1.160426,ONO,3.153183,23.705095,76.749763,8,12,3,2014,28
2014-08-28 13:00:00,6.172085,48.658981,20.174999,2.377248,1.139458,ONO,2.664886,23.908155,78.11644,8,13,3,2014,28
2014-08-28 14:00:00,10.135613,47.442055,20.174999,2.41894,1.159111,SSE,2.883399,24.15741,75.506241,8,14,3,2014,28
2014-08-28 15:00:00,15.966104,56.23148,20.174999,2.363367,1.182607,ESE,3.26336,23.764923,74.190651,8,15,3,2014,28
2014-08-28 16:00:00,25.616801,51.348969,20.174999,2.544702,1.211809,NNE,3.544925,24.974869,61.437527,8,16,3,2014,28
2014-08-28 17:00:00,37.427537,39.544548,20.174999,14.75625,1.270828,SO,3.248513,25.581671,55.684849,8,17,3,2014,28
2014-08-28 18:00:00,13.888452,66.177132,20.174999,3.985197,1.196402,ONO,2.942019,22.62956,81.441902,8,18,3,2014,28
2014-08-28 19:00:00,20.186063,59.169151,20.174999,2.829914,1.236394,NNO,1.506439,22.798874,81.799828,8,19,3,2014,28
2014-08-28 20:00:00,24.697715,51.979004,20.174999,2.552931,1.219743,OSO,1.345214,22.502306,81.639671,8,20,3,2014,28
2014-08-28 21:00:00,17.664257,56.11953,20.174999,2.455607,1.200269,ONO,1.379987,22.098494,84.486237,8,21,3,2014,28
2014-08-28 22:00:00,16.685166,50.631271,20.174999,2.408837,1.181965,ESE,1.59885,21.940205,85.757355,8,22,3,2014,28
2014-08-28 23:00:00,41.593859,27.170326,20.174999,2.528941,1.35571,S,1.903334,22.211742,83.625732,8,23,3,2014,28
2014-08-29 00:00:00,28.580618,39.663425,20.174999,2.360769,1.216122,ONO,2.096199,21.598801,84.966087,8,0,4,2014,29
2014-08-29 01:00:00,8.409632,51.309708,,2.384873,1.127556,SSE,1.695596,20.691631,90.456757,8,1,4,2014,29
2014-08-29 02:00:00,9.489943,52.307228,,2.459684,1.129956,N,1.953814,21.038191,85.738235,8,2,4,2014,29
2014-08-29 03:00:00,7.035638,52.722782,,2.409793,1.110013,ESE,1.276471,21.047688,85.716766,8,3,4,2014,29
2014-08-29 04:00:00,7.984106,44.359528,4.825,2.417191,1.144086,SSE,0.97862,20.539175,88.695061,8,4,4,2014,29
2014-08-29 05:00:00,13.301176,42.077728,14.474999,2.465935,1.146197,ONO,1.458076,20.489792,91.023033,8,5,4,2014,29
2014-08-29 06:00:00,11.839618,42.205788,14.474999,2.484761,1.143566,ONO,1.336346,20.389671,93.092766,8,6,4,2014,29
2014-08-29 07:00:00,16.40696,33.383911,14.474999,2.451348,1.175479,ONO,0.724262,20.176233,94.653816,8,7,4,2014,29
2014-08-29 08:00:00,21.250351,32.50742,14.474999,2.510363,1.20591,ONO,1.239901,20.715576,94.7267,8,8,4,2014,29
2014-08-29 09:00:00,7.989102,44.908382,14.474999,2.428643,1.156541,ONO,1.728886,21.752377,91.941666,8,9,4,2014,29
2014-08-29 10:00:00,7.814488,51.339409,14.474999,2.391084,1.15868,NO,2.035806,23.288464,80.918129,8,10,4,2014,29
2014-08-29 11:00:00,10.129996,63.37674,14.474999,2.561702,1.166322,NO,2.044284,24.585844,71.444923,8,11,4,2014,29
2014-08-29 12:00:00,9.333098,77.649872,14.474999,2.413995,1.180574,NNO,2.254552,25.390823,63.91555,8,12,4,2014,29
2014-08-29 13:00:00,6.887989,74.086555,14.474999,2.520133,1.1544,ONO,2.808676,24.917719,65.414803,8,13,4,2014,29
2014-08-29 14:00:00,4.800646,76.434105,14.474999,2.309574,1.133959,ONO,3.377842,24.839577,63.366436,8,14,4,2014,29
2014-08-29 15:00:00,3.77539,81.706284,14.474999,2.514812,1.134707,ONO,3.169075,24.70574,64.263939,8,15,4,2014,29
2014-08-29 16:00:00,3.720349,77.820618,14.474999,2.527427,1.132634,NO,2.907515,24.661579,63.598663,8,16,4,2014,29
2014-08-29 17:00:00,4.810507,77.262733,14.474999,2.561969,1.137128,ONO,2.551368,24.147232,64.220833,8,17,4,2014,29
2014-08-29 18:00:00,5.666023,80.859123,14.474999,2.437336,1.144601,SO,2.111147,23.807386,65.394997,8,18,4,2014,29
2014-08-29 19:00:00,8.503815,75.973564,14.474999,2.336672,1.162414,NO,1.737803,22.781137,71.736908,8,19,4,2014,29
2014-08-29 20:00:00,11.752682,69.981995,14.474999,2.457409,1.173949,OSO,1.233616,21.775507,77.249222,8,20,4,2014,29
2014-08-29 21:00:00,17.981262,63.169468,14.474999,2.328229,1.17506,OSO,1.210631,21.55817,77.955399,8,21,4,2014,29
2014-08-29 22:00:00,12.477746,70.271515,14.474999,2.295784,1.15643,ONO,1.546777,21.244133,80.797386,8,22,4,2014,29
2014-08-29 23:00:00,11.76679,67.158981,14.474999,2.416422,1.153608,ONO,1.368847,20.824074,85.235825,8,23,4,2014,29
2014-08-30 00:00:00,13.207589,62.326935,14.474999,2.298336,1.16063,ONO,1.222298,20.413378,88.581841,8,0,5,2014,30
2014-08-30 01:00:00,13.351592,60.282043,,2.368731,1.158246,ONO,1.087931,20.000645,89.547104,8,1,5,2014,30
2014-08-30 02:00:00,7.943385,68.408966,,2.481867,1.138766,ONO,1.121336,19.857618,89.420471,8,2,5,2014,30
2014-08-30 03:00:00,6.698886,67.963997,,2.349349,1.12615,NO,0.791518,19.617285,89.495087,8,3,5,2014,30
2014-08-30 04:00:00,7.997676,64.839447,5.075,2.394857,1.130588,ONO,0.886193,19.534529,87.870743,8,4,5,2014,30
2014-08-30 05:00:00,12.201158,57.537163,15.224999,2.306365,1.136211,ONO,0.703585,19.493996,87.019875,8,5,5,2014,30
2014-08-30 06:00:00,13.211573,58.488178,15.224999,2.283096,1.158552,ONO,0.775328,19.39608,88.09951,8,6,5,2014,30
2014-08-30 07:00:00,19.832804,52.213963,15.224999,2.489003,1.203338,ONO,0.90467,19.492472,88.843781,8,7,5,2014,30
2014-08-30 08:00:00,14.433713,58.160728,15.224999,2.316569,1.19532,ONO,1.276196,20.421856,87.033852,8,8,5,2014,30
2014-08-30 09:00:00,7.447783,67.334023,15.224999,2.356689,1.156443,ONO,2.534086,21.047857,83.964287,8,9,5,2014,30
2014-08-30 10:00:00,5.112464,71.336067,15.224999,2.211959,1.144528,ONO,2.692841,21.888142,79.488464,8,10,5,2014,30
2014-08-30 11:00:00,5.806751,71.280632,15.224999,2.27115,1.141264,ONO,3.154522,22.440477,75.463097,8,11,5,2014,30
2014-08-30 12:00:00,5.715763,73.500221,15.224999,2.381429,1.146841,ONO,3.649783,22.775438,72.751328,8,12,5,2014,30
2014-08-30 13:00:00,5.154288,74.269928,15.224999,2.453402,1.147399,ONO,2.892998,23.552774,69.37281,8,13,5,2014,30
2014-08-30 14:00:00,4.492411,74.372932,15.224999,2.434656,1.14381,ONO,3.631148,23.225784,70.692238,8,14,5,2014,30
2014-08-30 15:00:00,3.665036,72.246185,15.224999,2.374904,1.141505,ONO,4.049972,23.242065,70.528358,8,15,5,2014,30
2014-08-30 16:00:00,2.949856,73.149063,15.224999,2.464314,1.141265,ONO,4.155735,22.782391,72.741257,8,16,5,2014,30
2014-08-30 17:00:00,4.415421,74.861061,15.224999,2.375059,1.139112,ONO,3.135919,22.962761,72.317024,8,17,5,2014,30
2014-08-30 18:00:00,5.007737,77.639687,15.224999,2.463844,1.149,NO,2.042852,22.837336,72.34066,8,18,5,2014,30
2014-08-30 19:00:00,7.688859,74.802116,15.224999,2.343755,1.145523,ONO,1.867067,21.816376,75.818642,8,19,5,2014,30
2014-08-30 20:00:00,14.75008,62.062836,15.224999,2.321028,1.176249,ONO,1.456709,21.050741,79.367416,8,20,5,2014,30
2014-08-30 21:00:00,16.054414,56.650501,15.224999,2.283809,1.179237,NO,1.815922,20.614368,81.176201,8,21,5,2014,30
2014-08-30 22:00:00,11.063581,62.124805,15.224999,2.386999,1.172853,ONO,1.470557,20.451941,81.554001,8,22,5,2014,30
2014-08-30 23:00:00,9.173519,65.761345,15.224999,2.445627,1.166698,ONO,1.361113,20.270826,83.628372,8,23,5,2014,30
2014-08-31 00:00:00,11.140453,60.98391,15.224999,1.306503,1.158901,ONO,1.363611,20.001019,84.944069,8,0,6,2014,31
2014-08-31 01:00:00,12.60311,56.560295,,2.13148,1.165712,ONO,1.13758,19.791515,85.441864,8,1,6,2014,31
2014-08-31 02:00:00,10.413916,57.5028,,2.132396,1.142681,ONO,1.284808,19.678675,85.49678,8,2,6,2014,31
2014-08-31 03:00:00,5.58343,60.724323,,2.384166,1.126018,NO,1.32842,19.581673,86.021667,8,3,6,2014,31
2014-08-31 04:00:00,4.734393,59.128632,3.25,2.419097,1.129869,NO,1.097141,19.453976,86.877357,8,4,6,2014,31
2014-08-31 05:00:00,4.337434,60.189796,9.75,2.532014,1.130034,ONO,1.417915,19.42457,87.464088,8,5,6,2014,31
2014-08-31 06:00:00,4.549899,58.459881,9.75,2.477923,1.136128,ONO,1.029439,19.397911,88.441757,8,6,6,2014,31
2014-08-31 07:00:00,8.667127,54.700451,9.75,2.497043,1.162397,ONO,0.88368,19.578585,87.871796,8,7,6,2014,31
2014-08-31 08:00:00,7.598478,62.594353,9.75,2.539752,1.163918,ONO,1.11064,20.108805,85.146317,8,8,6,2014,31
2014-08-31 09:00:00,2.849046,71.936501,9.75,2.160927,1.137622,ONO,1.841631,21.25882,78.574791,8,9,6,2014,31
2014-08-31 10:00:00,3.624049,69.9245,3.25,2.258748,1.136278,ONO,3.125488,21.46249,76.361725,8,10,6,2014,31
2014-08-31 11:00:00,3.536682,77.16713,,2.280097,1.128942,ONO,2.744341,21.932201,71.864136,8,11,6,2014,31
2014-08-31 12:00:00,3.531051,77.805634,,2.509541,1.133561,ONO,3.056376,22.403982,69.0466,8,12,6,2014,31
2014-08-31 13:00:00,5.9994,72.893616,,2.506353,1.171772,ONO,3.994351,22.493523,69.87841,8,13,6,2014,31
2014-08-31 14:00:00,4.133056,77.277542,,2.574972,1.154872,ONO,3.943193,22.51557,71.660118,8,14,6,2014,31
2014-08-31 15:00:00,2.402625,72.59095,,2.584619,1.145209,ONO,3.276137,22.639908,73.594292,8,15,6,2014,31
2014-08-31 16:00:00,5.093122,70.286438,,2.541795,1.17008,ONO,3.55395,22.495251,74.903061,8,16,6,2014,31
2014-08-31 17:00:00,2.633535,76.386795,,2.557358,1.149972,ONO,2.628832,22.622406,74.556099,8,17,6,2014,31
2014-08-31 18:00:00,3.34343,78.043076,,2.620186,1.146457,ONO,2.476721,21.845104,78.96917,8,18,6,2014,31
2014-08-31 19:00:00,6.658396,69.889893,,2.314062,1.189347,ONO,3.190053,21.057827,83.32859,8,19,6,2014,31
2014-08-31 20:00:00,7.194242,71.138496,,2.177983,1.190807,ONO,2.720873,20.579741,86.132713,8,20,6,2014,31
2014-08-31 21:00:00,9.848569,68.958595,,2.539827,1.206805,ONO,1.585637,20.480837,87.215271,8,21,6,2014,31
2014-08-31 22:00:00,8.46652,72.96524,,2.376289,1.187729,SSE,0.885411,20.428267,86.717712,8,22,6,2014,31
2014-08-31 23:00:00,11.249607,73.833252,,2.460923,1.228499,OSO,1.615986,20.265366,86.159744,8,23,6,2014,31
2014-09-01 00:00:00,8.168399,75.571205,,2.503138,1.195371,OSO,1.247937,20.132277,86.567123,9,0,0,2014,1
2014-09-01 01:00:00,5.116371,86.338165,,2.556765,1.166112,ONO,1.416127,19.994982,87.171478,9,1,0,2014,1
2014-09-01 02:00:00,3.260146,90.186081,,2.396683,1.134815,ONO,1.039209,20.249798,85.514999,9,2,0,2014,1
2014-09-01 03:00:00,1.421911,89.240707,,2.423249,1.127157,NNE,0.70422,20.455297,83.874275,9,3,0,2014,1
2014-09-01 04:00:00,3.0024,87.172806,,2.45545,1.116204,SO,0.865761,20.550842,82.210594,9,4,0,2014,1
2014-09-01 05:00:00,3.680377,86.71064,,2.512668,1.129252,ONO,1.493196,20.541176,81.673279,9,5,0,2014,1
2014-09-01 06:00:00,7.31667,79.672615,,2.430728,1.162956,O,0.908158,20.565868,82.485214,9,6,0,2014,1
2014-09-01 07:00:00,12.095069,77.012032,,2.483383,1.188497,SSO,0.83435,20.67128,82.053619,9,7,0,2014,1
2014-09-01 08:00:00,20.525392,69.348953,,2.461596,1.251546,OSO,1.706586,20.706045,82.564407,9,8,0,2014,1
2014-09-01 09:00:00,13.771352,74.454788,,2.468487,1.186263,O,1.588384,21.097851,80.109825,9,9,0,2014,1
2014-09-01 10:00:00,7.976,79.932892,,2.257701,1.14722,OSO,1.976714,21.985289,74.339264,9,10,0,2014,1
2014-09-01 11:00:00,8.747727,81.110313,,2.345277,1.163255,O,2.808827,22.251324,73.262314,9,11,0,2014,1
2014-09-01 12:00:00,8.221534,82.508583,,2.441467,1.170111,OSO,3.112579,22.434746,72.105042,9,12,0,2014,1
2014-09-01 13:00:00,7.614442,79.462624,,2.429046,1.161394,OSO,3.379106,22.636957,71.587746,9,13,0,2014,1
2014-09-01 14:00:00,5.544205,74.139297,,2.401537,1.151716,SO,3.849778,22.450109,75.292465,9,14,0,2014,1
2014-09-01 15:00:00,7.42366,68.263519,,2.605608,1.171835,OSO,3.329327,22.261362,76.767433,9,15,0,2014,1
2014-09-01 16:00:00,6.550758,66.600143,,2.51258,1.175756,OSO,3.680643,21.926908,78.947495,9,16,0,2014,1
2014-09-01 17:00:00,6.831741,64.155289,,2.484216,1.148569,OSO,3.31338,21.576143,81.905205,9,17,0,2014,1
2014-09-01 18:00:00,9.334179,58.745613,,2.307718,1.211444,OSO,3.548845,21.226667,83.296402,9,18,0,2014,1
2014-09-01 19:00:00,10.499469,58.407211,,2.25297,1.187586,SO,3.000903,20.904932,84.79718,9,19,0,2014,1
2014-09-01 20:00:00,11.672656,58.644928,,2.356224,1.193433,SSO,2.11964,20.813629,85.077667,9,20,0,2014,1
2014-09-01 21:00:00,13.195531,56.748058,,2.290852,1.22222,SSO,2.468574,21.041412,82.679459,9,21,0,2014,1
2014-09-01 22:00:00,9.850794,58.5247,,2.160783,1.183351,OSO,2.432079,20.634991,83.94339,9,22,0,2014,1
2014-09-01 23:00:00,6.460947,64.662521,,2.302835,1.168216,SSO,2.010242,20.523912,85.4049,9,23,0,2014,1
2014-09-02 00:00:00,3.214692,70.347565,,2.222447,1.134328,S,1.724058,20.489723,85.686066,9,0,1,2014,2
2014-09-02 01:00:00,2.421292,68.798523,,2.36683,1.120456,SO,1.621413,20.477785,84.898972,9,1,1,2014,2
2014-09-02 02:00:00,2.612956,69.226059,,2.631592,1.11284,OSO,1.687688,20.320648,85.698074,9,2,1,2014,2
2014-09-02 03:00:00,1.462206,70.434425,,2.459892,1.106399,OSO,1.191853,20.293007,85.714325,9,3,1,2014,2
2014-09-02 04:00:00,1.512928,69.241318,5.5,2.48706,1.109704,OSO,1.488434,20.366844,84.893776,9,4,1,2014,2
2014-09-02 05:00:00,1.527662,73.532326,16.5,2.460181,1.098994,SO,1.06329,20.290531,84.251526,9,5,1,2014,2
2014-09-02 06:00:00,4.566892,71.406082,16.5,2.45942,1.115381,OSO,1.185956,20.443327,83.527512,9,6,1,2014,2
2014-09-02 07:00:00,10.859794,68.925888,16.5,2.493919,1.164581,OSO,1.860948,20.209946,85.859589,9,7,1,2014,2
2014-09-02 08:00:00,16.637974,63.297588,16.5,2.457815,1.209168,SO,1.82262,20.190104,85.845848,9,8,1,2014,2
2014-09-02 09:00:00,17.25215,63.729805,16.5,2.332627,1.198293,OSO,1.999477,20.041719,86.983345,9,9,1,2014,2
2014-09-02 10:00:00,15.64395,66.643341,16.5,2.504604,1.197178,SO,1.673309,20.499628,83.390724,9,10,1,2014,2
2014-09-02 11:00:00,12.387181,69.658424,16.5,2.460053,1.178416,O,1.859592,21.06641,80.190552,9,11,1,2014,2
2014-09-02 12:00:00,8.729513,68.443466,16.5,2.23412,1.163728,OSO,2.859674,21.608601,77.80098,9,12,1,2014,2
2014-09-02 13:00:00,9.106339,65.128883,16.5,2.053065,1.157787,O,3.034722,21.919651,75.438141,9,13,1,2014,2
2014-09-02 14:00:00,5.152479,65.301056,16.5,2.293634,1.128737,ONO,3.4365,21.830181,74.400352,9,14,1,2014,2
2014-09-02 15:00:00,7.555127,60.962677,16.5,2.486149,1.148136,O,3.203404,22.065292,73.919891,9,15,1,2014,2
2014-09-02 16:00:00,6.231119,65.903809,16.5,2.517233,1.142594,ONO,3.513509,21.532696,80.146896,9,16,1,2014,2
2014-09-02 17:00:00,6.259878,62.156563,16.5,2.51687,1.130332,ONO,3.25175,21.511702,78.442749,9,17,1,2014,2
2014-09-02 18:00:00,4.503576,63.210575,16.5,2.501304,1.108497,ONO,2.401899,21.377628,77.306747,9,18,1,2014,2
2014-09-02 19:00:00,5.656287,61.902596,16.5,2.351397,1.112247,ONO,1.821623,21.146353,79.356567,9,19,1,2014,2
2014-09-02 20:00:00,6.294327,61.988308,16.5,2.476198,1.11056,ONO,1.548562,21.018486,75.699295,9,20,1,2014,2
2014-09-02 21:00:00,9.013834,57.519161,16.5,2.495972,1.119656,ONO,1.49347,20.746778,77.19017,9,21,1,2014,2
2014-09-02 22:00:00,14.023023,51.845165,16.5,2.420918,1.149493,ONO,1.43336,20.687119,78.057457,9,22,1,2014,2
2014-09-02 23:00:00,6.64566,59.148609,16.5,2.341609,1.105877,ONO,1.44987,20.775743,77.556534,9,23,1,2014,2
2014-09-03 00:00:00,4.606534,59.438713,16.5,2.312079,1.094779,NO,1.254412,20.664022,77.468597,9,0,2,2014,3
2014-09-03 01:00:00,5.088016,57.615337,,2.435131,1.096425,ONO,1.065407,20.352022,78.658051,9,1,2,2014,3
2014-09-03 02:00:00,3.537257,59.10424,,2.511792,1.085705,ONO,1.643617,20.363758,79.739151,9,2,2,2014,3
2014-09-03 03:00:00,2.038892,59.868149,,2.214186,1.083034,ONO,1.55885,20.293245,78.846939,9,3,2,2014,3
2014-09-03 04:00:00,2.304749,60.002914,4.525,2.444796,1.084161,E,1.531496,20.331978,78.863113,9,4,2,2014,3
2014-09-03 05:00:00,2.080637,60.39452,13.575001,2.462269,1.074239,ONO,1.505234,20.228836,78.214966,9,5,2,2014,3
2014-09-03 06:00:00,3.76499,59.663433,13.575001,2.406007,1.087493,E,1.715034,20.356092,78.059357,9,6,2,2014,3
2014-09-03 07:00:00,12.749412,50.506256,13.575001,2.48318,1.10965,E,1.532479,20.394451,78.696106,9,7,2,2014,3
2014-09-03 08:00:00,19.984596,44.718693,13.575001,2.335641,1.141308,NNE,1.809714,20.712116,78.0485,9,8,2,2014,3
2014-09-03 09:00:00,10.726944,56.481792,13.575001,2.531,1.119241,NNE,2.542072,21.233009,73.217682,9,9,2,2014,3
2014-09-03 10:00:00,6.741607,60.7957,13.575001,2.545845,1.111595,NNE,2.610405,22.140924,69.420738,9,10,2,2014,3
2014-09-03 11:00:00,8.742967,59.103207,13.575001,2.503256,1.122523,S,2.626213,23.279882,65.288399,9,11,2,2014,3
2014-09-03 12:00:00,9.939002,58.194218,13.575001,3.994718,1.13012,OSO,2.49021,23.855618,62.456894,9,12,2,2014,3
2014-09-03 13:00:00,5.985344,58.547974,13.575001,4.541964,1.132042,ONO,2.655515,23.506275,63.94577,9,13,2,2014,3
2014-09-03 14:00:00,3.748014,56.259151,13.575001,3.160637,1.121168,NO,2.978824,23.796366,62.637939,9,14,2,2014,3
2014-09-03 15:00:00,3.221956,55.268578,13.575001,2.901809,1.104402,ONO,2.834563,23.362604,66.537651,9,15,2,2014,3
2014-09-03 16:00:00,3.026296,53.942787,13.575001,2.73518,1.105243,NO,2.844449,23.226564,68.283745,9,16,2,2014,3
2014-09-03 17:00:00,3.742945,55.549713,13.575001,2.705231,1.11116,ONO,2.77588,22.956757,69.128036,9,17,2,2014,3
2014-09-03 18:00:00,3.663359,56.326332,13.575001,2.613118,1.104552,ONO,2.654895,22.393095,71.840492,9,18,2,2014,3
2014-09-03 19:00:00,5.90118,51.294132,13.575001,2.642598,1.108894,ONO,1.989699,21.416023,77.635399,9,19,2,2014,3
2014-09-03 20:00:00,7.911503,49.259315,13.575001,2.577121,1.127238,NO,1.721743,20.841745,80.535583,9,20,2,2014,3
2014-09-03 21:00:00,10.232773,50.637196,13.575001,2.472212,1.13677,ONO,1.351804,20.769062,81.786057,9,21,2,2014,3
2014-09-03 22:00:00,7.364672,59.499702,13.575001,2.460792,1.123649,ONO,1.471753,20.757599,81.611038,9,22,2,2014,3
2014-09-03 23:00:00,8.485992,59.965637,13.575001,2.186877,1.111979,NO,1.210884,20.634445,82.313423,9,23,2,2014,3
2014-09-04 00:00:00,5.173351,61.566608,13.575001,2.353156,1.129346,ONO,1.217992,20.560644,83.3564,9,0,3,2014,4
2014-09-04 01:00:00,3.663483,54.650669,,2.41435,1.096661,OSO,1.184526,20.585844,83.336258,9,1,3,2014,4
2014-09-04 02:00:00,6.494095,50.486721,,2.402714,1.093649,E,1.585533,20.622881,80.901367,9,2,3,2014,4
2014-09-04 03:00:00,6.8642,49.204765,,2.349418,1.100361,OSO,1.072651,20.257124,84.959946,9,3,3,2014,4
2014-09-04 04:00:00,6.553424,49.70752,3.275,2.069178,1.100627,NNE,1.242587,19.893604,87.273911,9,4,3,2014,4
2014-09-04 05:00:00,9.868389,43.967815,9.825001,2.51365,1.105531,N,1.223389,19.640959,87.928299,9,5,3,2014,4
2014-09-04 06:00:00,11.717132,41.367912,9.825001,2.656204,1.116812,NNE,1.21884,19.378851,89.0989,9,6,3,2014,4
2014-09-04 07:00:00,21.617651,28.990669,9.825001,2.603464,1.164689,NNE,1.187275,19.119421,89.542603,9,7,3,2014,4
2014-09-04 08:00:00,29.639807,28.462648,9.825001,2.759725,1.212825,NNE,1.929311,19.92725,86.794533,9,8,3,2014,4
2014-09-04 09:00:00,22.871613,37.095478,9.825001,4.922498,1.182076,E,1.774226,21.653643,74.122101,9,9,3,2014,4
2014-09-04 10:00:00,10.718935,50.02652,9.825001,4.610033,1.144309,E,2.079215,22.673622,67.946106,9,10,3,2014,4
2014-09-04 11:00:00,6.61246,53.412895,9.825001,3.554016,1.111077,SO,2.487764,22.899776,67.732086,9,11,3,2014,4
2014-09-04 12:00:00,4.223123,54.987427,9.825001,2.845731,1.097133,ONO,2.706779,23.01964,68.200989,9,12,3,2014,4
2014-09-04 13:00:00,4.982082,58.880238,9.825001,2.640846,1.114192,ONO,2.629628,23.529509,67.287346,9,13,3,2014,4
2014-09-04 14:00:00,3.149752,60.214844,9.825001,2.589297,1.105096,NO,2.960115,23.820921,66.874855,9,14,3,2014,4
2014-09-04 15:00:00,3.596532,58.883339,9.825001,2.701845,1.103489,ONO,3.819166,23.231583,70.377663,9,15,3,2014,4
2014-09-04 16:00:00,2.888543,59.550083,9.825001,2.518568,1.111564,ONO,3.261428,23.277847,68.64547,9,16,3,2014,4
2014-09-04 17:00:00,3.097575,58.632584,9.825001,2.577089,1.120485,NO,2.390738,23.626204,68.617493,9,17,3,2014,4
2014-09-04 18:00:00,3.78923,58.588104,9.825001,2.497446,1.105695,ONO,2.433844,22.560541,73.360092,9,18,3,2014,4
2014-09-04 19:00:00,5.918284,60.009941,9.825001,2.62755,1.123854,NO,2.002425,21.62434,78.381905,9,19,3,2014,4
2014-09-04 20:00:00,8.469544,56.0975,9.825001,2.638,1.134834,SO,1.337517,20.993998,82.95211,9,20,3,2014,4
2014-09-04 21:00:00,10.418031,55.576145,9.825001,2.443162,1.130944,NO,1.403927,20.772217,83.492882,9,21,3,2014,4
2014-09-04 22:00:00,10.371235,49.295334,9.825001,1.61264,1.129425,NNE,1.326143,20.497492,84.39357,9,22,3,2014,4
2014-09-04 23:00:00,11.807683,46.062855,9.825001,2.301425,1.139325,E,0.98351,19.97212,85.17569,9,23,3,2014,4
2014-09-05 00:00:00,10.143022,48.620155,9.825001,2.494677,1.127049,N,0.875515,19.690815,84.655067,9,0,4,2014,5
2014-09-05 01:00:00,11.088667,42.578156,,2.559561,1.134806,ESE,0.963262,19.289379,85.669083,9,1,4,2014,5
2014-09-05 02:00:00,16.273375,36.167686,,2.615585,1.174851,NNE,1.327405,19.152897,86.825089,9,2,4,2014,5
2014-09-05 03:00:00,15.419787,34.533985,,2.634617,1.178839,NNE,0.973273,18.971172,87.29287,9,3,4,2014,5
2014-09-05 04:00:00,9.88986,39.406509,3.35,2.715561,1.134358,NNE,1.145704,19.345238,87.604126,9,4,4,2014,5
2014-09-05 05:00:00,8.99423,38.892937,10.049999,2.900896,1.113484,E,1.552541,19.593544,86.567154,9,5,4,2014,5
2014-09-05 06:00:00,9.479013,37.277576,10.049999,3.126821,1.097522,N,1.599181,19.660122,85.031509,9,6,4,2014,5
2014-09-05 07:00:00,21.400092,25.189438,10.049999,3.059139,1.142474,S,1.10821,19.56987,84.164902,9,7,4,2014,5
2014-09-05 08:00:00,25.097009,27.189224,10.049999,3.014705,1.172926,ESE,1.864425,20.243048,81.185318,9,8,4,2014,5
2014-09-05 09:00:00,11.904738,40.746998,10.049999,3.020101,1.120992,E,1.933056,21.419483,73.846733,9,9,4,2014,5
2014-09-05 10:00:00,9.4323,44.894958,10.049999,2.954342,1.131045,N,1.864211,22.492743,68.936478,9,10,4,2014,5
2014-09-05 11:00:00,8.158844,50.26947,10.049999,2.905505,1.112805,OSO,1.913007,23.088387,66.161171,9,11,4,2014,5
2014-09-05 12:00:00,4.813645,55.218307,10.049999,2.773545,1.110248,ONO,2.279027,23.301691,64.853279,9,12,4,2014,5
2014-09-05 13:00:00,3.83107,53.523937,10.049999,2.644149,1.104661,NO,2.012346,24.258175,61.828995,9,13,4,2014,5
2014-09-05 14:00:00,2.807144,51.982506,10.049999,2.607482,1.089073,NO,2.984476,24.374847,61.653679,9,14,4,2014,5
2014-09-05 15:00:00,2.774443,53.798805,10.049999,2.65724,1.091485,ONO,3.442115,23.093475,67.266617,9,15,4,2014,5
2014-09-05 16:00:00,2.704579,58.365116,10.049999,2.550277,1.094219,ONO,3.323369,23.054165,69.615585,9,16,4,2014,5
2014-09-05 17:00:00,4.602437,60.417255,10.049999,2.39417,1.108898,ONO,3.035859,22.984739,71.673416,9,17,4,2014,5
2014-09-05 18:00:00,4.717119,50.4846,10.049999,2.619345,1.108719,ONO,2.803873,22.610027,72.096596,9,18,4,2014,5
2014-09-05 19:00:00,4.112715,46.313118,10.049999,2.631213,1.082892,ONO,2.278885,21.965677,73.113083,9,19,4,2014,5
2014-09-05 20:00:00,4.941046,43.083054,10.049999,2.580766,1.084817,ONO,1.58596,21.289515,78.930603,9,20,4,2014,5
2014-09-05 21:00:00,6.583735,38.955666,10.049999,2.53843,1.084501,ONO,1.351527,20.987247,79.787209,9,21,4,2014,5
2014-09-05 22:00:00,10.340478,29.996862,10.049999,2.538225,1.108658,SO,0.897558,20.725716,81.0812,9,22,4,2014,5
2014-09-05 23:00:00,14.079036,27.155542,10.049999,2.604067,1.108117,ESE,0.834058,20.659748,79.876373,9,23,4,2014,5
2014-09-06 00:00:00,11.745214,27.774767,10.049999,2.194978,1.114292,ONO,1.325851,20.500748,81.347786,9,0,5,2014,6
2014-09-06 01:00:00,7.713611,30.478123,,1.745897,1.08813,ONO,1.018307,20.232399,82.034256,9,1,5,2014,6
2014-09-06 02:00:00,6.801888,29.00527,,2.484937,1.078661,N,0.10463,19.825466,81.822853,9,2,5,2014,6
2014-09-06 03:00:00,6.732479,31.390993,,2.559521,1.074694,N,0.696437,20.204281,79.958931,9,3,5,2014,6
2014-09-06 04:00:00,7.083063,30.379105,4.125,2.577338,1.075,ONO,0.836383,20.376884,78.672806,9,4,5,2014,6
2014-09-06 05:00:00,9.198185,30.045162,12.375,2.472781,1.104275,N,0.804068,20.188475,80.515396,9,5,5,2014,6
2014-09-06 06:00:00,10.568897,23.889999,12.375,2.521412,1.110043,N,0.511793,19.783646,81.165375,9,6,5,2014,6
2014-09-06 07:00:00,25.292873,9.543568,12.375,2.948874,1.208917,ESE,0.846557,19.795414,80.538902,9,7,5,2014,6
2014-09-06 08:00:00,21.519076,18.956734,12.375,3.385603,1.199695,E,1.392764,20.67535,76.046196,9,8,5,2014,6
2014-09-06 09:00:00,11.856396,34.05714,12.375,3.646692,1.16028,NE,1.405461,22.030865,67.534058,9,9,5,2014,6
2014-09-06 10:00:00,18.132324,40.566807,12.375,3.377571,1.292196,ESE,1.827239,23.072481,63.666092,9,10,5,2014,6
2014-09-06 11:00:00,17.580489,45.228745,12.375,3.490614,1.182292,ONO,2.904811,22.96788,65.783646,9,11,5,2014,6
2014-09-06 12:00:00,12.130467,60.908943,12.375,4.026921,1.135701,ONO,3.251227,23.080723,64.66494,9,12,5,2014,6
2014-09-06 13:00:00,8.120698,62.146912,12.375,4.118229,1.111239,ONO,3.648654,23.288971,64.330688,9,13,5,2014,6
2014-09-06 14:00:00,3.177491,45.521572,12.375,3.540805,1.084043,ONO,4.089969,22.89686,66.801285,9,14,5,2014,6
2014-09-06 15:00:00,3.998952,41.905357,12.375,3.1164,1.099543,ONO,3.809399,22.961946,67.581299,9,15,5,2014,6
2014-09-06 16:00:00,2.586959,44.472931,12.375,3.055738,1.082568,ONO,3.709668,22.947193,67.58754,9,16,5,2014,6
2014-09-06 17:00:00,2.885712,41.032387,12.375,2.844746,1.083355,ONO,3.434909,23.093679,65.133255,9,17,5,2014,6
2014-09-06 18:00:00,4.35784,43.132038,12.375,2.691835,1.087122,ONO,3.264629,22.875629,66.328049,9,18,5,2014,6
2014-09-06 19:00:00,7.797803,39.267254,12.375,2.762705,1.113801,ONO,2.683596,22.17094,72.082184,9,19,5,2014,6
2014-09-06 20:00:00,11.81161,38.177666,12.375,2.81798,1.160878,ONO,2.180387,21.344799,78.499527,9,20,5,2014,6
2014-09-06 21:00:00,14.092809,36.854431,12.375,2.745631,1.179077,ONO,1.757743,21.049858,82.235451,9,21,5,2014,6
2014-09-06 22:00:00,14.10514,33.580341,12.375,2.657598,1.173534,SO,0.614035,20.53948,85.739319,9,22,5,2014,6
2014-09-06 23:00:00,12.540654,35.381386,12.375,2.759181,1.138869,ONO,1.255491,20.409172,87.056061,9,23,5,2014,6
2014-09-07 00:00:00,17.022777,31.412235,12.375,2.624818,1.172979,ONO,0.877833,20.300978,87.472908,9,0,6,2014,7
2014-09-07 01:00:00,13.491388,31.181774,,2.646857,1.175331,N,0.523941,20.105787,88.617592,9,1,6,2014,7
2014-09-07 02:00:00,8.784273,35.144459,,2.790078,1.138649,SO,0.705827,20.101072,89.603722,9,2,6,2014,7
2014-09-07 03:00:00,6.892649,36.869747,,2.823138,1.143233,O,1.029073,19.984671,90.259567,9,3,6,2014,7
2014-09-07 04:00:00,5.412247,34.516735,3.85,2.728316,1.125838,S,1.007295,19.645775,90.437927,9,4,6,2014,7
2014-09-07 05:00:00,14.997115,18.27,11.549999,2.654116,1.188883,SE,1.102712,18.749424,91.60833,9,5,6,2014,7
2014-09-07 06:00:00,12.70807,21.626038,11.549999,2.82388,1.178939,SE,1.358303,18.480938,92.602493,9,6,6,2014,7
2014-09-07 07:00:00,15.601685,18.879641,11.549999,2.723547,1.188024,SE,1.146518,18.500849,92.978462,9,7,6,2014,7
2014-09-07 08:00:00,13.99402,23.686668,11.549999,2.71374,1.17667,SE,1.950799,19.229956,91.024963,9,8,6,2014,7
2014-09-07 09:00:00,10.768051,29.38695,11.549999,2.766352,1.131822,SSE,1.719048,20.347206,82.488159,9,9,6,2014,7
2014-09-07 10:00:00,6.859977,41.155144,11.549999,2.704502,1.107774,S,1.748467,22.08581,70.896317,9,10,6,2014,7
2014-09-07 11:00:00,5.041329,49.625435,11.549999,2.721403,1.125473,OSO,2.335713,23.030731,65.707977,9,11,6,2014,7
2014-09-07 12:00:00,6.702977,47.389721,11.549999,2.829364,1.157142,O,3.388788,23.249968,66.064781,9,12,6,2014,7
2014-09-07 13:00:00,5.879314,45.990051,11.549999,2.83028,1.134848,O,4.25645,23.283749,64.640282,9,13,6,2014,7
2014-09-07 14:00:00,5.754926,46.720425,11.549999,2.907681,1.139259,O,4.040057,23.410154,64.44577,9,14,6,2014,7
2014-09-07 15:00:00,3.776683,45.313377,11.549999,2.78356,1.13987,ONO,4.323419,23.023777,67.552307,9,15,6,2014,7
2014-09-07 16:00:00,3.941358,47.171364,11.549999,2.905484,1.118977,ONO,4.100863,22.622305,71.61261,9,16,6,2014,7
2014-09-07 17:00:00,6.074333,44.495552,11.549999,2.81339,1.141064,O,3.430762,22.680845,73.134277,9,17,6,2014,7
2014-09-07 18:00:00,6.984054,47.531097,11.549999,2.857455,1.163497,O,3.148726,21.91799,80.025681,9,18,6,2014,7
2014-09-07 19:00:00,7.236342,40.046341,11.549999,2.626351,1.155681,O,2.519414,21.471376,82.791924,9,19,6,2014,7
2014-09-07 20:00:00,8.046779,42.738628,11.549999,2.815213,1.159044,ONO,1.684197,21.080654,84.836731,9,20,6,2014,7
2014-09-07 21:00:00,12.178555,40.242233,11.549999,2.826809,1.206733,O,0.764809,20.87763,84.313019,9,21,6,2014,7
2014-09-07 22:00:00,11.254384,32.516216,11.549999,2.841387,1.184547,ESE,0.959176,20.396521,84.51265,9,22,6,2014,7
2014-09-07 23:00:00,25.760649,22.131681,11.549999,2.795138,1.23387,SE,0.600758,20.394451,84.245995,9,23,6,2014,7
2014-09-08 00:00:00,15.989157,28.890713,11.549999,2.548974,1.241303,OSO,1.748319,20.53558,84.365799,9,0,0,2014,8
2014-09-08 01:00:00,10.145614,28.947811,5.85,2.694503,1.179788,ONO,0.452255,19.916767,87.29789,9,1,0,2014,8
2014-09-08 02:00:00,8.708721,25.630461,5.85,2.625812,1.152075,E,1.126514,18.937153,90.471313,9,2,0,2014,8
2014-09-08 03:00:00,15.002317,20.365877,5.85,2.649786,1.200319,SSE,0.912469,19.325432,91.627319,9,3,0,2014,8
2014-09-08 04:00:00,16.315396,14.280386,11.7,2.773748,1.208908,SE,1.26116,18.903372,90.321365,9,4,0,2014,8
2014-09-08 05:00:00,21.254425,8.526228,23.4,2.723795,1.214407,ESE,0.774011,18.660255,90.092758,9,5,0,2014,8
2014-09-08 06:00:00,25.780477,6.892154,23.4,2.852107,1.290426,SE,0.988432,18.461845,90.50956,9,6,0,2014,8
2014-09-08 07:00:00,25.441871,7.869286,23.4,3.059778,1.318522,ESE,1.294035,17.983992,91.17878,9,7,0,2014,8
2014-09-08 08:00:00,26.917246,15.689046,23.4,2.92707,1.329389,ESE,1.651534,18.979786,90.127388,9,8,0,2014,8
2014-09-08 09:00:00,24.78879,29.726601,23.4,3.004402,1.257621,SE,1.833984,21.424297,76.308807,9,9,0,2014,8
2014-09-08 10:00:00,15.809307,43.202366,23.4,2.927442,1.202622,SO,1.619632,23.084114,64.580582,9,10,0,2014,8
2014-09-08 11:00:00,18.1083,52.079803,23.4,3.264622,1.232049,ONO,2.875205,23.108263,66.144043,9,11,0,2014,8
2014-09-08 12:00:00,13.680023,61.377563,23.4,4.072041,1.205363,ONO,3.265464,23.812168,61.014549,9,12,0,2014,8
2014-09-08 13:00:00,9.452847,61.989014,23.4,3.802334,1.162746,ONO,3.837243,23.177183,66.528999,9,13,0,2014,8
2014-09-08 14:00:00,8.050495,50.819798,23.4,3.136457,1.149347,O,3.82285,23.463472,65.087135,9,14,0,2014,8
2014-09-08 15:00:00,6.246233,47.241859,23.4,2.913536,1.153115,ONO,3.920627,23.472866,68.073158,9,15,0,2014,8
2014-09-08 16:00:00,6.218381,48.26276,23.4,2.842055,1.158509,ONO,3.873689,23.466423,69.516281,9,16,0,2014,8
2014-09-08 17:00:00,5.982473,47.18671,23.4,2.881147,1.153946,ONO,3.476222,23.366268,71.068985,9,17,0,2014,8
2014-09-08 18:00:00,4.083845,44.651134,23.4,2.857896,1.130959,ONO,3.627672,22.359144,77.973244,9,18,0,2014,8
2014-09-08 19:00:00,7.684195,46.409065,23.4,2.948225,1.1468,ONO,2.465506,21.747967,83.748543,9,19,0,2014,8
2014-09-08 20:00:00,10.40025,43.313019,23.4,2.626693,1.146528,ONO,1.48253,21.356735,86.42131,9,20,0,2014,8
2014-09-08 21:00:00,8.850512,40.596077,23.4,2.691082,1.144343,NNO,1.184146,21.205299,87.097107,9,21,0,2014,8
2014-09-08 22:00:00,9.433889,34.552139,23.4,2.606604,1.141541,N,1.195372,21.253731,85.410385,9,22,0,2014,8
2014-09-08 23:00:00,6.056787,40.489212,23.4,2.524309,1.118372,NNE,1.457755,21.118031,84.782494,9,23,0,2014,8
2014-09-09 00:00:00,8.196285,37.536057,23.4,2.736027,1.130124,ESE,1.309117,20.852226,86.240341,9,0,1,2014,9
2014-09-09 01:00:00,18.83008,24.375546,19.200001,2.816732,1.151952,NNE,1.26137,20.518723,87.221581,9,1,1,2014,9
2014-09-09 02:00:00,22.765825,19.751307,19.200001,3.229467,1.133467,S,0.900725,20.381897,86.695526,9,2,1,2014,9
2014-09-09 03:00:00,15.680852,23.171949,19.200001,3.620488,1.140484,ONO,0.467439,20.100555,87.936394,9,3,1,2014,9
2014-09-09 04:00:00,16.042544,21.210323,19.200001,3.658477,1.1547,N,0.181289,19.80463,89.288353,9,4,1,2014,9
2014-09-09 05:00:00,15.584476,19.653593,19.200001,3.523161,1.189817,N,0.0,19.624432,90.747314,9,5,1,2014,9
2014-09-09 06:00:00,22.335236,12.314336,19.200001,3.250784,1.262253,NNO,0.457694,19.551348,90.811012,9,6,1,2014,9
2014-09-09 07:00:00,23.349186,8.053536,19.200001,3.148921,1.335137,SSE,0.489528,19.17663,90.04187,9,7,1,2014,9
2014-09-09 08:00:00,31.490016,11.235876,19.200001,3.184955,1.400749,ONO,1.121445,20.279263,89.028992,9,8,1,2014,9
2014-09-09 09:00:00,26.500687,22.205521,19.200001,4.721724,1.2605,ONO,1.734915,21.107885,84.117935,9,9,1,2014,9
2014-09-09 10:00:00,19.382852,33.307949,19.200001,4.817281,1.208261,ONO,1.794996,22.258812,77.573662,9,10,1,2014,9
2014-09-09 11:00:00,16.502,41.295929,19.200001,5.05438,1.185613,ONO,2.442471,22.833395,74.191216,9,11,1,2014,9
2014-09-09 12:00:00,8.758253,51.975883,19.200001,4.551739,1.128762,ONO,3.275589,22.506603,75.931618,9,12,1,2014,9
2014-09-09 13:00:00,4.208226,51.231964,19.200001,3.450585,1.083621,ONO,3.619688,22.860361,72.361313,9,13,1,2014,9
2014-09-09 14:00:00,3.071998,48.845371,19.200001,3.227987,1.085574,ONO,3.551688,23.380741,70.971298,9,14,1,2014,9
2014-09-09 15:00:00,3.28954,47.346485,19.200001,2.904917,1.086926,ONO,3.63355,23.40201,72.594864,9,15,1,2014,9
2014-09-09 16:00:00,2.900505,46.78614,19.200001,2.913021,1.090587,ONO,3.729679,23.161066,75.258362,9,16,1,2014,9
2014-09-09 17:00:00,3.50745,49.243568,19.200001,2.99001,1.093278,ONO,3.315773,23.205053,74.708115,9,17,1,2014,9
2014-09-09 18:00:00,3.244416,51.715675,19.200001,2.742437,1.086929,ONO,3.103448,22.207909,79.731918,9,18,1,2014,9
2014-09-09 19:00:00,6.568421,50.544487,19.200001,2.769084,1.105758,NO,1.872509,21.978903,81.013931,9,19,1,2014,9
2014-09-09 20:00:00,10.708172,43.726822,19.200001,2.691929,1.129788,OSO,1.131238,21.487953,82.66188,9,20,1,2014,9
2014-09-09 21:00:00,14.035902,39.844818,19.200001,2.841871,1.1306,NNE,0.873683,21.251963,84.233238,9,21,1,2014,9
2014-09-09 22:00:00,13.274445,36.171673,19.200001,2.732457,1.119485,NNE,1.298012,20.911673,85.110825,9,22,1,2014,9
2014-09-09 23:00:00,13.828965,31.359541,19.200001,2.642312,1.120297,NNE,0.73873,20.661644,85.26075,9,23,1,2014,9
2014-09-10 00:00:00,19.435634,22.990347,19.200001,2.789432,1.161799,SE,0.596947,20.382542,85.63047,9,0,2,2014,10
2014-09-10 01:00:00,19.128627,23.434393,,2.924339,1.160012,E,0.84634,19.781778,87.382027,9,1,2,2014,10
2014-09-10 02:00:00,11.171416,40.651039,,3.039937,1.118557,E,1.0596,19.367075,89.034958,9,2,2,2014,10
2014-09-10 03:00:00,13.720441,26.775715,,3.03575,1.138053,ONO,0.502024,19.412355,88.899567,9,3,2,2014,10
2014-09-10 04:00:00,15.364119,24.635574,27.4,2.895252,1.146734,N,0.0,19.203699,88.440582,9,4,2,2014,10
2014-09-10 05:00:00,13.955037,21.309311,27.4,2.817205,1.157434,N,0.220233,18.678467,90.466652,9,5,2,2014,10
2014-09-10 06:00:00,21.727638,11.62115,27.4,2.831607,1.199527,E,0.61407,18.039066,91.802902,9,6,2,2014,10
2014-09-10 07:00:00,34.913398,8.161702,27.4,3.275965,1.660868,SSO,0.782022,18.212414,93.107925,9,7,2,2014,10
2014-09-10 08:00:00,30.808724,14.954912,27.4,3.120707,1.439951,ONO,1.078198,19.70665,90.84343,9,8,2,2014,10
2014-09-10 09:00:00,23.775016,31.63555,27.4,3.211719,1.253041,NO,1.298157,21.359509,79.258949,9,9,2,2014,10
2014-09-10 10:00:00,19.644473,44.463657,27.4,3.779444,1.201692,ONO,1.789828,22.574478,70.249832,9,10,2,2014,10
2014-09-10 11:00:00,18.20672,51.487816,27.4,4.553832,1.206525,O,2.527712,22.329121,73.19545,9,11,2,2014,10
2014-09-10 12:00:00,18.142003,56.515541,27.4,8.194225,1.194585,ONO,2.730013,22.764444,69.861038,9,12,2,2014,10
2014-09-10 13:00:00,16.36545,59.912998,27.4,8.97406,1.16718,ONO,3.340236,22.829058,71.660652,9,13,2,2014,10
2014-09-10 14:00:00,9.985625,67.402206,27.4,7.684981,1.134577,ONO,3.610728,23.067791,69.461899,9,14,2,2014,10
2014-09-10 15:00:00,10.513793,85.426323,27.4,4.879617,1.14195,ONO,3.878208,23.134783,67.782516,9,15,2,2014,10
2014-09-10 16:00:00,13.519751,83.530197,27.4,4.726237,1.170703,O,3.744609,23.271801,66.100899,9,16,2,2014,10
2014-09-10 17:00:00,10.709679,71.193665,27.4,4.26014,1.150591,O,3.578759,23.375381,61.883217,9,17,2,2014,10
2014-09-10 18:00:00,12.087725,61.877865,27.4,3.748493,1.17751,OSO,3.68372,22.844252,65.94165,9,18,2,2014,10
2014-09-10 19:00:00,16.146239,48.880291,27.4,3.816445,1.171242,OSO,3.115845,22.075838,72.136505,9,19,2,2014,10
2014-09-10 20:00:00,17.451644,41.332211,27.4,3.526047,1.209923,SO,2.284776,21.565012,74.661301,9,20,2,2014,10
2014-09-10 21:00:00,19.632912,38.525017,27.4,3.135918,1.203987,SSO,1.669091,21.499727,77.175888,9,21,2,2014,10
2014-09-10 22:00:00,12.834846,43.621941,27.4,2.875011,1.153366,S,1.784422,21.450815,80.04039,9,22,2,2014,10
2014-09-10 23:00:00,9.49553,41.423866,27.4,2.885304,1.154637,SSE,1.936021,21.21608,82.559113,9,23,2,2014,10
2014-09-11 00:00:00,7.077973,38.09745,27.4,2.783694,1.136196,S,1.850076,20.919205,84.057144,9,0,3,2014,11
2014-09-11 01:00:00,10.798721,29.65089,,2.712509,1.133185,SE,1.542106,20.340788,85.019562,9,1,3,2014,11
2014-09-11 02:00:00,8.891453,27.626675,20.5,2.942207,1.126278,SE,1.337631,19.786457,86.249863,9,2,3,2014,11
2014-09-11 03:00:00,7.993879,26.330549,20.5,3.075949,1.12049,SE,1.509245,19.579252,86.336205,9,3,3,2014,11
2014-09-11 04:00:00,6.68397,27.25824,20.5,3.219441,1.116538,SE,1.706918,19.813761,85.397766,9,4,3,2014,11
2014-09-11 05:00:00,8.095978,25.384569,20.5,3.253534,1.115741,SE,1.627925,20.050804,83.898994,9,5,3,2014,11
2014-09-11 06:00:00,19.718268,16.726023,20.5,3.339027,1.118777,SSE,1.903013,20.236734,83.434799,9,6,3,2014,11
2014-09-11 07:00:00,36.78605,9.590626,20.5,3.434058,1.258518,SSE,1.878482,20.164827,84.19912,9,7,3,2014,11
2014-09-11 08:00:00,32.505373,17.571026,20.5,3.76411,1.261396,SSE,2.093133,20.672562,81.533905,9,8,3,2014,11
2014-09-11 09:00:00,24.931985,26.655725,20.5,4.309727,1.171794,S,1.956911,21.975441,73.929001,9,9,3,2014,11
2014-09-11 10:00:00,15.783792,38.603676,20.5,3.921218,1.148677,SSO,2.014557,23.108494,67.139221,9,10,3,2014,11
2014-09-11 11:00:00,13.079926,47.562225,20.5,3.427623,1.174773,O,2.661034,22.930225,70.888298,9,11,3,2014,11
2014-09-11 12:00:00,9.857605,52.709393,20.5,3.099419,1.138575,ONO,3.887458,22.89465,71.200706,9,12,3,2014,11
2014-09-11 13:00:00,9.477698,53.07122,20.5,3.070564,1.133417,O,4.186701,23.125042,69.709503,9,13,3,2014,11
2014-09-11 14:00:00,8.417496,54.134178,20.5,2.954585,1.136329,ONO,3.985533,23.353914,67.95919,9,14,3,2014,11
2014-09-11 15:00:00,7.527873,55.856895,20.5,3.035779,1.119736,ONO,4.26506,23.337566,67.173248,9,15,3,2014,11
2014-09-11 16:00:00,6.765107,53.909576,20.5,3.106745,1.120384,ONO,3.971817,23.391058,66.188637,9,16,3,2014,11
2014-09-11 17:00:00,7.233305,58.607861,20.5,2.932445,1.131063,ONO,3.819951,23.011663,70.590111,9,17,3,2014,11
2014-09-11 18:00:00,5.17666,63.123928,20.5,2.78136,1.105652,ONO,2.783657,22.899054,71.431206,9,18,3,2014,11
2014-09-11 19:00:00,6.234435,59.274261,20.5,2.741714,1.107918,ONO,2.243436,22.055651,78.546661,9,19,3,2014,11
2014-09-11 20:00:00,7.897903,55.696178,20.5,2.806437,1.121138,ONO,1.217169,21.408863,83.593979,9,20,3,2014,11
2014-09-11 21:00:00,7.676313,55.888199,20.5,2.768742,1.121058,N,1.285943,21.337093,82.481003,9,21,3,2014,11
2014-09-11 22:00:00,5.746025,60.059471,20.5,2.887538,1.108049,NNE,1.632185,21.119789,83.802429,9,22,3,2014,11
2014-09-11 23:00:00,7.896778,55.808128,20.5,2.646264,1.10142,E,1.518229,20.90696,83.984772,9,23,3,2014,11
2014-09-12 00:00:00,6.84526,55.969158,20.5,2.731546,1.09457,O,1.142514,20.756712,83.549438,9,0,4,2014,12
2014-09-12 01:00:00,6.819951,53.49123,18.200001,2.714554,1.096361,E,1.203001,20.493412,84.046829,9,1,4,2014,12
2014-09-12 02:00:00,5.122568,53.135117,18.200001,2.808199,1.085873,ESE,1.318504,20.178535,85.775497,9,2,4,2014,12
2014-09-12 03:00:00,3.778973,49.770267,18.200001,2.633846,1.089453,E,0.967702,19.792625,86.581055,9,3,4,2014,12
2014-09-12 04:00:00,11.263506,36.635696,18.200001,2.806173,1.093582,NNE,0.778151,19.437416,86.882133,9,4,4,2014,12
2014-09-12 05:00:00,14.194656,32.850037,18.200001,3.139909,1.109027,SO,0.365924,19.241383,88.92382,9,5,4,2014,12
2014-09-12 06:00:00,12.033397,34.306702,18.200001,3.311702,1.106344,N,0.297571,18.693853,90.634033,9,6,4,2014,12
2014-09-12 07:00:00,33.463331,17.722725,18.200001,3.352893,1.250511,N,0.290779,18.772045,91.383484,9,7,4,2014,12
2014-09-12 08:00:00,44.705729,15.08084,18.200001,3.156277,1.414556,S,0.546703,19.601677,90.102188,9,8,4,2014,12
2014-09-12 09:00:00,44.038194,21.966602,18.200001,4.904123,1.375276,ONO,1.349217,21.196136,80.227203,9,9,4,2014,12
2014-09-12 10:00:00,19.321198,43.635818,18.200001,7.173788,1.185427,ONO,2.322501,21.71143,74.574577,9,10,4,2014,12
2014-09-12 11:00:00,9.039498,57.068604,18.200001,6.149672,1.11058,ONO,2.763667,22.165363,67.733482,9,11,4,2014,12
2014-09-12 12:00:00,6.320606,63.948376,18.200001,4.340016,1.092902,ONO,3.105083,22.796598,63.860023,9,12,4,2014,12
2014-09-12 13:00:00,4.262259,66.09938,18.200001,3.533633,1.08966,ONO,3.427452,22.814236,66.631859,9,13,4,2014,12
2014-09-12 14:00:00,3.244874,62.412701,18.200001,3.208585,1.079175,ONO,3.507331,22.991241,67.565323,9,14,4,2014,12
2014-09-12 15:00:00,3.317941,59.241982,18.200001,3.073819,1.078373,ONO,4.116089,22.816948,69.345573,9,15,4,2014,12
2014-09-12 16:00:00,2.610905,57.908424,18.200001,2.946121,1.087938,ONO,3.637657,22.799614,71.665947,9,16,4,2014,12
2014-09-12 17:00:00,3.471713,59.002007,18.200001,2.876848,1.09464,ONO,2.555308,23.210894,70.898827,9,17,4,2014,12
2014-09-12 18:00:00,3.041526,60.090626,18.200001,2.81865,1.086035,ONO,2.303149,22.859474,71.691292,9,18,4,2014,12
2014-09-12 19:00:00,6.233952,59.471237,18.200001,2.865062,1.098754,NO,1.84581,21.7542,76.440979,9,19,4,2014,12
2014-09-12 20:00:00,8.136357,56.034443,18.200001,2.683585,1.108196,O,1.38403,21.098896,79.215256,9,20,4,2014,12
2014-09-12 21:00:00,10.266553,54.20512,18.200001,2.656135,1.110612,E,1.766403,20.978111,79.009392,9,21,4,2014,12
2014-09-12 22:00:00,9.627362,53.348484,18.200001,2.692716,1.098815,S,1.799198,20.762983,79.24511,9,22,4,2014,12
2014-09-12 23:00:00,10.81582,48.571815,18.200001,2.722372,1.104697,E,1.631467,20.62196,79.732155,9,23,4,2014,12
2014-09-13 00:00:00,12.649328,45.923111,18.200001,2.67805,1.101361,E,1.649225,20.512648,81.967575,9,0,5,2014,13
2014-09-13 01:00:00,7.450451,49.418331,17.700001,2.731717,1.087698,E,1.756481,20.28208,85.08757,9,1,5,2014,13
2014-09-13 02:00:00,6.354167,43.919514,17.700001,2.934189,1.092125,NNE,1.770298,20.004982,86.973579,9,2,5,2014,13
2014-09-13 03:00:00,13.91593,30.568407,17.700001,3.115033,1.119009,NNE,1.73804,19.723404,88.118904,9,3,5,2014,13
2014-09-13 04:00:00,9.469128,31.561825,17.700001,3.16293,1.131027,NNE,1.658782,19.512953,88.289307,9,4,5,2014,13
2014-09-13 05:00:00,8.570203,32.872128,17.700001,3.193448,1.135371,NNE,1.987136,19.466309,88.318878,9,5,5,2014,13
2014-09-13 06:00:00,13.29845,27.192814,17.700001,3.250848,1.129244,NNE,2.140837,19.430737,88.02079,9,6,5,2014,13
2014-09-13 07:00:00,16.549549,27.980915,17.700001,3.331925,1.15705,NNE,1.837124,19.614021,85.161743,9,7,5,2014,13
2014-09-13 08:00:00,19.739256,28.820374,17.700001,3.513888,1.163031,NNE,2.432257,20.401093,80.843231,9,8,5,2014,13
2014-09-13 09:00:00,21.547034,30.500973,17.700001,5.388394,1.166611,NNE,2.572075,21.611244,75.151604,9,9,5,2014,13
2014-09-13 10:00:00,12.783701,35.293789,17.700001,8.899284,1.14345,N,2.623281,22.785812,69.486115,9,10,5,2014,13
2014-09-13 11:00:00,8.464352,41.514656,17.700001,5.666621,1.132792,N,2.637095,23.505726,65.706413,9,11,5,2014,13
2014-09-13 12:00:00,6.515319,46.930801,17.700001,4.287508,1.1213,OSO,2.529998,24.031403,62.236977,9,12,5,2014,13
2014-09-13 13:00:00,5.343599,50.015167,17.700001,3.555685,1.108834,NNO,2.468603,24.419682,62.095673,9,13,5,2014,13
2014-09-13 14:00:00,4.698407,51.117287,17.700001,3.12782,1.093445,ONO,2.9589,23.601238,67.029533,9,14,5,2014,13
2014-09-13 15:00:00,3.007927,52.919907,17.700001,2.980876,1.087666,ONO,3.027408,23.626837,67.94355,9,15,5,2014,13
2014-09-13 16:00:00,3.451238,53.763641,17.700001,3.092041,1.087904,ONO,3.180792,23.346794,72.260986,9,16,5,2014,13
2014-09-13 17:00:00,2.775213,53.277428,17.700001,3.059401,1.088704,NO,2.640035,23.216516,73.70546,9,17,5,2014,13
2014-09-13 18:00:00,2.290313,52.742344,17.700001,2.870618,1.083088,NO,2.413729,22.794733,74.87809,9,18,5,2014,13
2014-09-13 19:00:00,6.387239,46.924908,17.700001,2.988494,1.102213,NO,1.856587,21.926495,78.253525,9,19,5,2014,13
2014-09-13 20:00:00,12.622924,40.686764,17.700001,2.987162,1.130421,E,1.486694,21.337734,80.696503,9,20,5,2014,13
2014-09-13 21:00:00,9.638154,42.961807,17.700001,2.822278,1.113151,E,1.849568,21.203093,81.447868,9,21,5,2014,13
2014-09-13 22:00:00,10.846388,44.575302,17.700001,2.743543,1.106775,N,1.602052,21.008678,82.16684,9,22,5,2014,13
2014-09-13 23:00:00,9.775582,39.023224,17.700001,2.727528,1.11935,NO,0.865471,20.786045,83.968689,9,23,5,2014,13
2014-09-14 00:00:00,14.446072,33.831108,17.700001,2.681916,1.155511,ONO,0.770558,20.440399,86.115143,9,0,6,2014,14
2014-09-14 01:00:00,12.281773,36.084023,,2.752893,1.140861,ONO,0.836737,20.219234,88.211128,9,1,6,2014,14
2014-09-14 02:00:00,15.976446,27.857864,,2.727683,1.199014,N,0.49725,20.019297,89.478798,9,2,6,2014,14
2014-09-14 03:00:00,6.568289,36.466362,,2.83204,1.130234,ONO,0.766394,20.100285,90.725647,9,3,6,2014,14
2014-09-14 04:00:00,3.971557,39.615086,13.9,2.890769,1.100371,ONO,0.949048,19.814163,91.174149,9,4,6,2014,14
2014-09-14 05:00:00,7.3861,29.468164,13.9,2.80051,1.121856,ONO,0.523383,19.232456,91.366501,9,5,6,2014,14
2014-09-14 06:00:00,16.137126,14.384808,13.9,2.946604,1.207234,SE,1.525522,18.025024,92.786148,9,6,6,2014,14
2014-09-14 07:00:00,20.897029,10.255146,13.9,2.964397,1.267941,SE,1.458334,17.71306,94.19986,9,7,6,2014,14
2014-09-14 08:00:00,16.030993,14.0977,13.9,2.906957,1.253959,SE,1.675209,18.044189,94.875862,9,8,6,2014,14
2014-09-14 09:00:00,13.447933,25.965523,13.9,2.829711,1.225492,SE,1.759409,18.819967,95.053009,9,9,6,2014,14
2014-09-14 10:00:00,6.642894,43.380478,13.9,2.772469,1.127222,SSO,1.383671,20.501896,86.161942,9,10,6,2014,14
2014-09-14 11:00:00,5.512904,48.942665,13.9,2.936458,1.124089,O,1.980682,21.840111,72.296227,9,11,6,2014,14
2014-09-14 12:00:00,5.195473,51.107498,13.9,2.802288,1.109081,O,2.774671,22.551653,68.508911,9,12,6,2014,14
2014-09-14 13:00:00,4.851851,54.381886,13.9,2.856203,1.097041,ONO,2.952718,23.034288,65.372055,9,13,6,2014,14
2014-09-14 14:00:00,4.098522,52.575821,13.9,2.994803,1.102547,ONO,3.540642,23.011864,64.934326,9,14,6,2014,14
2014-09-14 15:00:00,4.145027,49.876411,13.9,2.969553,1.101573,ONO,3.848372,22.949255,66.372597,9,15,6,2014,14
2014-09-14 16:00:00,3.789891,49.772995,13.9,2.873884,1.104637,ONO,3.882744,22.843027,67.679787,9,16,6,2014,14
2014-09-14 17:00:00,5.220804,50.524517,13.9,2.877227,1.121159,O,3.60455,22.474556,73.781708,9,17,6,2014,14
2014-09-14 18:00:00,5.88505,50.776886,13.9,2.930021,1.128297,ONO,3.444978,21.769466,79.1091,9,18,6,2014,14
2014-09-14 19:00:00,11.811823,47.812408,13.9,2.831236,1.154084,O,2.543485,21.278555,81.883522,9,19,6,2014,14
2014-09-14 20:00:00,10.516664,46.241135,13.9,2.939243,1.1366,N,1.056159,20.930403,83.232185,9,20,6,2014,14
2014-09-14 21:00:00,6.089156,47.530792,13.9,2.872629,1.097729,O,0.504606,20.661369,83.773705,9,21,6,2014,14
2014-09-14 22:00:00,8.165003,44.872452,13.9,2.907625,1.113054,NNO,0.51373,20.407436,84.501854,9,22,6,2014,14
2014-09-14 23:00:00,11.711782,44.117493,13.9,2.842701,1.150607,ONO,0.866663,20.460247,84.625824,9,23,6,2014,14
2014-09-15 00:00:00,11.935726,35.935768,13.9,2.744173,1.161281,N,0.363036,19.940405,86.71804,9,0,0,2014,15
2014-09-15 01:00:00,5.081708,37.24572,,2.782097,1.114623,ESE,0.602349,19.611408,87.91011,9,1,0,2014,15
2014-09-15 02:00:00,14.174599,23.589899,,2.878132,1.155639,ESE,1.062528,19.366026,87.680908,9,2,0,2014,15
2014-09-15 03:00:00,19.936816,16.515875,,2.869318,1.183217,SE,0.863279,18.988598,88.333771,9,3,0,2014,15
2014-09-15 04:00:00,19.188105,14.901238,31.200001,3.014588,1.197879,SE,0.948698,18.733883,89.098694,9,4,0,2014,15
2014-09-15 05:00:00,22.364972,10.692028,31.200001,3.037293,1.227149,SE,0.980241,18.397327,89.606224,9,5,0,2014,15
2014-09-15 06:00:00,24.885947,13.552786,31.200001,3.125636,1.204366,ESE,0.884845,18.027157,90.334892,9,6,0,2014,15
2014-09-15 07:00:00,38.060588,8.513278,31.200001,3.108459,1.559083,SE,1.008661,17.692913,91.880814,9,7,0,2014,15
2014-09-15 08:00:00,41.428873,13.058098,31.200001,2.925839,1.460015,ESE,0.699007,18.690847,91.023804,9,8,0,2014,15
2014-09-15 09:00:00,45.018334,19.146133,31.200001,3.158786,1.422578,SO,1.169902,21.10775,77.368439,9,9,0,2014,15
2014-09-15 10:00:00,24.315472,32.650249,31.200001,7.222657,1.184851,S,1.816072,22.475098,64.16642,9,10,0,2014,15
2014-09-15 11:00:00,23.995391,39.972008,31.200001,11.097653,1.172318,NO,2.136318,23.489855,58.101913,9,11,0,2014,15
2014-09-15 12:00:00,14.302517,48.93314,31.200001,11.065434,1.097633,ONO,2.870356,23.185555,60.428635,9,12,0,2014,15
2014-09-15 13:00:00,6.965407,52.262115,31.200001,5.494224,1.081041,NO,2.316055,23.589132,57.191563,9,13,0,2014,15
2014-09-15 14:00:00,8.164925,54.810768,31.200001,4.148411,1.093259,NO,2.752994,23.974487,55.991173,9,14,0,2014,15
2014-09-15 15:00:00,7.049449,54.453941,31.200001,3.687113,1.087832,NO,2.437902,24.336788,55.581837,9,15,0,2014,15
2014-09-15 16:00:00,7.989719,55.486637,31.200001,3.612774,1.098737,ONO,2.483405,23.880238,58.282417,9,16,0,2014,15
2014-09-15 17:00:00,10.985642,61.372009,31.200001,3.47304,1.109409,NO,1.968495,23.886911,58.953964,9,17,0,2014,15
2014-09-15 18:00:00,13.826484,59.260841,31.200001,3.529291,1.146689,O,1.829392,23.335228,63.399025,9,18,0,2014,15
2014-09-15 19:00:00,23.290961,39.416519,31.200001,3.513928,1.169496,NNE,1.391666,22.121283,69.596184,9,19,0,2014,15
2014-09-15 20:00:00,38.071025,15.969172,31.200001,3.483664,1.206,NNE,0.994431,21.243956,74.461296,9,20,0,2014,15
2014-09-15 21:00:00,47.620038,8.701918,31.200001,4.525728,1.304561,SO,0.855176,20.906319,77.612602,9,21,0,2014,15
2014-09-15 22:00:00,30.691105,19.207279,31.200001,4.481261,1.214345,N,0.565114,20.43494,82.024071,9,22,0,2014,15
2014-09-15 23:00:00,34.030038,18.449291,31.200001,3.965193,1.30897,O,1.245893,20.346085,83.128845,9,23,0,2014,15
2014-09-16 00:00:00,9.448934,54.035393,31.200001,3.442202,1.151932,SSO,1.357074,19.921436,87.64119,9,0,1,2014,16
2014-09-16 01:00:00,7.613529,38.74659,,3.255405,1.126462,SE,1.149152,19.198511,90.107178,9,1,1,2014,16
2014-09-16 02:00:00,15.856077,32.618214,,3.380412,1.126287,SE,1.69351,18.759525,91.926941,9,2,1,2014,16
2014-09-16 03:00:00,13.132507,32.589417,,3.638727,1.110722,SE,2.668096,18.57596,90.352051,9,3,1,2014,16
2014-09-16 04:00:00,17.668977,18.09483,58.599991,4.149145,1.083267,SE,3.065387,19.394617,74.175514,9,4,1,2014,16
2014-09-16 05:00:00,13.459395,25.719334,58.599991,6.967592,1.058342,ESE,5.398202,20.092556,64.833427,9,5,1,2014,16
2014-09-16 06:00:00,14.727007,26.277908,58.599991,7.27913,1.071035,S,3.702589,20.987957,59.114906,9,6,1,2014,16
2014-09-16 07:00:00,27.460614,14.831518,58.599991,5.056179,1.235581,S,1.881577,20.711464,60.528416,9,7,1,2014,16
2014-09-16 08:00:00,28.858352,16.597321,58.599991,4.595308,1.284706,S,2.426457,21.1612,56.550873,9,8,1,2014,16
2014-09-16 09:00:00,15.842698,34.973408,58.599991,4.183759,1.141906,S,4.482488,22.770889,53.061115,9,9,1,2014,16
2014-09-16 10:00:00,10.717675,45.352161,58.599991,3.876071,1.125642,SSO,5.474544,24.177956,58.47242,9,10,1,2014,16
2014-09-16 11:00:00,11.95269,44.99905,58.599991,3.61023,1.151869,SSO,5.30652,24.906755,61.289677,9,11,1,2014,16
2014-09-16 12:00:00,10.342463,47.736206,58.599991,3.74985,1.128556,SO,5.839223,23.957121,67.261688,9,12,1,2014,16
2014-09-16 13:00:00,7.250522,51.298328,58.599991,3.447101,1.13029,SO,5.534865,23.810404,69.77787,9,13,1,2014,16
2014-09-16 14:00:00,5.810297,51.897831,58.599991,3.291322,1.101624,SO,6.099242,24.156685,67.498604,9,14,1,2014,16
2014-09-16 15:00:00,5.657267,52.098194,58.599991,3.357886,1.105536,SO,6.256322,23.796227,70.040154,9,15,1,2014,16
2014-09-16 16:00:00,5.968152,52.774372,58.599991,3.444644,1.104417,SO,6.029052,23.53754,69.834557,9,16,1,2014,16
2014-09-16 17:00:00,7.146189,53.761314,58.599991,3.248902,1.107306,SO,5.859013,23.334717,67.251678,9,17,1,2014,16
2014-09-16 18:00:00,9.689125,50.793652,58.599991,3.458886,1.128237,SO,4.897073,23.075291,69.326042,9,18,1,2014,16
2014-09-16 19:00:00,14.495123,52.784111,58.599991,3.33985,1.164928,SSO,4.05275,22.356224,69.902206,9,19,1,2014,16
2014-09-16 20:00:00,14.973156,56.248703,58.599991,2.719798,1.157714,S,3.180136,22.013317,68.790909,9,20,1,2014,16
2014-09-16 21:00:00,14.840814,55.618637,58.599991,3.218728,1.142011,S,2.929641,21.830208,68.582382,9,21,1,2014,16
2014-09-16 22:00:00,15.019616,52.091579,58.599991,3.186285,1.146328,S,2.668815,21.688534,68.012207,9,22,1,2014,16
2014-09-16 23:00:00,15.543821,45.624084,58.599991,3.05581,1.091471,S,2.635695,21.583395,71.541374,9,23,1,2014,16
2014-09-17 00:00:00,12.459923,46.820534,58.599991,3.265151,1.085224,S,2.618018,21.224483,74.39061,9,0,2,2014,17
2014-09-17 01:00:00,7.768593,51.924637,24.5,3.441489,1.064668,SSE,2.738187,20.732628,77.204887,9,1,2,2014,17
2014-09-17 02:00:00,6.244094,50.457298,24.5,3.39534,1.054521,SSE,2.811819,20.230562,79.06105,9,2,2,2014,17
2014-09-17 03:00:00,3.745023,52.503315,24.5,3.320009,1.050156,SSE,2.783831,20.132952,80.296722,9,3,2,2014,17
2014-09-17 04:00:00,3.998268,51.673813,24.5,3.111872,1.054326,SSE,2.818412,19.965096,81.008675,9,4,2,2014,17
2014-09-17 05:00:00,5.160002,49.141598,24.5,3.185102,1.059767,SSE,2.455844,19.664593,81.922249,9,5,2,2014,17
2014-09-17 06:00:00,10.384622,44.689053,24.5,3.220813,1.079411,SSE,2.703038,19.765459,80.897629,9,6,2,2014,17
2014-09-17 07:00:00,24.862237,27.049988,24.5,3.290639,1.187901,SSE,2.733784,19.62294,81.709908,9,7,2,2014,17
2014-09-17 08:00:00,24.456035,30.354141,24.5,3.409256,1.227703,SSE,3.551733,20.18552,79.521263,9,8,2,2014,17
2014-09-17 09:00:00,16.738225,48.129978,24.5,3.105141,1.153106,SSE,4.343045,21.770416,70.970612,9,9,2,2014,17
2014-09-17 10:00:00,14.007139,55.07991,24.5,3.464064,1.130295,S,4.217573,23.063389,62.22588,9,10,2,2014,17
2014-09-17 11:00:00,12.230269,59.310486,24.5,3.446658,1.121128,SSO,4.429211,23.770344,58.426086,9,11,2,2014,17
2014-09-17 12:00:00,10.635281,57.172043,24.5,3.362782,1.112283,SO,4.913793,23.115311,64.134506,9,12,2,2014,17
2014-09-17 13:00:00,7.560315,57.600681,24.5,3.169629,1.095455,OSO,5.316799,22.996199,68.894135,9,13,2,2014,17
2014-09-17 14:00:00,6.176613,59.247601,24.5,3.366285,1.087635,OSO,4.753901,23.545439,63.225441000000004,9,14,2,2014,17
2014-09-17 15:00:00,5.13714,57.396526,24.5,3.231768,1.092916,OSO,5.606678,23.480389,61.873417,9,15,2,2014,17
2014-09-17 16:00:00,6.356434,54.345665,24.5,3.301079,1.105886,OSO,4.784777,23.185413,65.934769,9,16,2,2014,17
2014-09-17 17:00:00,6.397992,53.193764,24.5,3.27582,1.104519,OSO,4.902264,22.804737,66.914154,9,17,2,2014,17
2014-09-17 18:00:00,9.03422,51.462601,24.5,3.190356,1.121375,OSO,4.026813,22.117006,74.406143,9,18,2,2014,17
2014-09-17 19:00:00,12.195109,46.383171,24.5,3.281476,1.169214,SO,3.3388,21.326511,81.801979,9,19,2,2014,17
2014-09-17 20:00:00,17.226463,41.42934,24.5,3.245316,1.229276,SO,2.682793,21.039167,82.460007,9,20,2,2014,17
2014-09-17 21:00:00,14.200674,41.21553,24.5,3.073771,1.161014,SSO,2.048926,20.895838,81.858429,9,21,2,2014,17
2014-09-17 22:00:00,13.341594,42.259342,24.5,3.093566,1.159742,SO,1.347335,20.849918,80.834175,9,22,2,2014,17
2014-09-17 23:00:00,9.004498,44.410397,24.5,3.026576,1.128567,S,1.396516,20.77367,80.723145,9,23,2,2014,17
2014-09-18 00:00:00,6.242686,43.845413,24.5,3.140598,1.106111,S,1.482274,20.636066,81.229034,9,0,3,2014,18
2014-09-18 01:00:00,3.697017,46.029961,23.79999,3.037237,1.084103,S,1.613237,20.417439,82.37175,9,1,3,2014,18
2014-09-18 02:00:00,2.592582,47.387703,23.79999,3.131958,1.064163,S,1.858815,20.327293,82.577492,9,2,3,2014,18
2014-09-18 03:00:00,6.404413,39.545673,23.79999,3.167648,1.06836,SSE,1.521466,20.076237,83.380569,9,3,3,2014,18
2014-09-18 04:00:00,7.353185,35.138821,23.79999,3.112707,1.082126,SSE,1.751063,19.721809,84.240089,9,4,3,2014,18
2014-09-18 05:00:00,7.318961,33.853985,23.79999,3.066944,1.074176,SSE,1.731226,19.644581,84.834038,9,5,3,2014,18
2014-09-18 06:00:00,13.845444,25.573372,23.79999,2.709129,1.102067,SSE,1.784434,19.355104,85.740219,9,6,3,2014,18
2014-09-18 07:00:00,26.97397,16.758776,23.79999,3.351929,1.238953,SSE,2.192132,19.213497,86.579727,9,7,3,2014,18
2014-09-18 08:00:00,24.750263,23.306158,23.79999,3.307068,1.241533,SSE,2.915817,19.684334,84.704346,9,8,3,2014,18
2014-09-18 09:00:00,18.822737,35.585793,23.79999,3.440191,1.176687,SSE,3.262795,20.904858,76.457901,9,9,3,2014,18
2014-09-18 10:00:00,15.315926,42.659863,23.79999,3.386177,1.170659,S,3.048411,22.06484,66.046455,9,10,3,2014,18
2014-09-18 11:00:00,12.461826,49.174038,23.79999,3.26081,1.154184,SO,3.079324,22.942471,61.80864,9,11,3,2014,18
2014-09-18 12:00:00,11.604696,52.010292,23.79999,3.3567,1.156325,OSO,4.335094,22.181684,68.977341,9,12,3,2014,18
2014-09-18 13:00:00,8.116644,54.924461,23.79999,3.478714,1.174623,SO,4.63877,22.48436,63.147797,9,13,3,2014,18
2014-09-18 14:00:00,7.800079,53.632389,23.79999,3.276181,1.169406,SSO,4.434321,22.162458,66.040321,9,14,3,2014,18
2014-09-18 15:00:00,6.082252,54.069042,23.79999,3.228043,1.136923,SSO,4.969499,22.461399,64.358055,9,15,3,2014,18
2014-09-18 16:00:00,5.0927,54.920963,23.79999,2.899604,1.134664,SSO,5.098548,22.364395,67.071289,9,16,3,2014,18
2014-09-18 17:00:00,7.887841,56.10265,23.79999,3.130829,1.155783,SSO,4.140711,22.165684,70.276657,9,17,3,2014,18
2014-09-18 18:00:00,9.366714,52.617451,23.79999,3.103461,1.172576,SSO,3.53608,22.00345,72.515465,9,18,3,2014,18
2014-09-18 19:00:00,14.139743,46.285469,23.79999,3.144406,1.211676,S,3.346953,21.118666,77.777397,9,19,3,2014,18
2014-09-18 20:00:00,18.277307,41.833687,23.79999,3.072572,1.255045,S,2.64233,20.768551,78.873489,9,20,3,2014,18
2014-09-18 21:00:00,18.142694,40.381493,23.79999,3.224516,1.25558,SSE,2.301659,20.539881,80.621353,9,21,3,2014,18
2014-09-18 22:00:00,14.747379,41.937714,23.79999,2.948062,1.215583,SE,1.824108,20.420496,79.562233,9,22,3,2014,18
2014-09-18 23:00:00,14.151721,40.044785,23.79999,3.087422,1.189022,SE,1.511316,20.290932,78.719742,9,23,3,2014,18
2014-09-19 00:00:00,6.762999,48.108604,23.79999,3.058384,1.153568,SE,1.881216,20.275703,77.197487,9,0,4,2014,19
2014-09-19 01:00:00,4.2262,50.148945,,3.16002,1.12479,SE,1.883233,20.07254,77.604767,9,1,4,2014,19
2014-09-19 02:00:00,8.957254,37.119987,,3.261624,1.117967,ESE,1.572561,19.527462,79.306671,9,2,4,2014,19
2014-09-19 03:00:00,7.463334,36.876106,,3.092041,1.176611,E,1.492122,19.112156,80.975647,9,3,4,2014,19
2014-09-19 04:00:00,6.184211,36.694557,23.6,3.109311,1.158521,ESE,1.746714,18.94783,81.312332,9,4,4,2014,19
2014-09-19 05:00:00,6.411536,37.920082,23.6,3.019524,1.125543,ESE,2.060138,19.216793,80.901237,9,5,4,2014,19
2014-09-19 06:00:00,13.71855,26.275471,23.6,3.284351,1.154243,ESE,1.752708,18.997278,80.34388,9,6,4,2014,19
2014-09-19 07:00:00,31.316101,16.785769,23.6,3.313996,1.311168,ESE,1.815415,19.117785,79.298218,9,7,4,2014,19
2014-09-19 08:00:00,35.303177,20.833622,23.6,3.221486,1.334859,ESE,2.268682,19.642748,77.38044,9,8,4,2014,19
2014-09-19 09:00:00,20.121868,42.417824,23.6,3.279139,1.215714,ESE,3.102063,21.2598,69.24192,9,9,4,2014,19
2014-09-19 10:00:00,14.766131,52.758896,23.6,3.405919,1.174618,SE,3.008596,22.726151,59.86372,9,10,4,2014,19
2014-09-19 11:00:00,13.428685,53.649124,23.6,3.412199,1.205216,S,2.763632,22.879765,59.96048,9,11,4,2014,19
2014-09-19 12:00:00,11.803131,54.813698,23.6,3.231426,1.250811,SSO,3.248987,22.847672,62.282997,9,12,4,2014,19
2014-09-19 13:00:00,7.609316,64.330154,23.6,3.183425,1.18098,SSO,4.324687,22.377592,64.645599,9,13,4,2014,19
2014-09-19 14:00:00,6.8606,62.034573,23.6,3.181428,1.156501,SSO,4.430222,22.418936,62.909401,9,14,4,2014,19
2014-09-19 15:00:00,8.632192,61.689869,23.6,3.30562,1.179487,SO,3.777542,22.595776,60.455601,9,15,4,2014,19
2014-09-19 16:00:00,8.856442,63.385719,23.6,3.294839,1.175292,SSO,3.540126,22.551588,61.304668,9,16,4,2014,19
2014-09-19 17:00:00,10.653709,59.886753,23.6,3.105546,1.193619,SO,2.985611,21.871006,68.915108,9,17,4,2014,19
2014-09-19 18:00:00,13.475319,61.154255,23.6,3.030794,1.217376,SSO,2.664883,21.468042,70.712646,9,18,4,2014,19
2014-09-19 19:00:00,15.617545,58.0313,23.6,3.143258,1.268019,SO,2.482754,21.023872,75.282112,9,19,4,2014,19
2014-09-19 20:00:00,16.763994,53.217403,23.6,3.193827,1.247141,SO,1.860194,20.623487,79.712715,9,20,4,2014,19
2014-09-19 21:00:00,9.980957,55.246021,23.6,3.032498,1.165008,N,0.701272,20.218998,80.330002,9,21,4,2014,19
2014-09-19 22:00:00,10.5059,45.0728,23.6,2.972148,1.1581,N,0.14258,19.611443,80.8918,9,22,4,2014,19
2014-09-19 23:00:00,13.156858,40.379482,23.6,3.029724,1.203611,N,0.143401,19.52767,81.196747,9,23,4,2014,19
2014-09-20 00:00:00,14.39452,29.795076,23.6,3.108913,1.200378,N,0.435217,18.71092,83.780144,9,0,5,2014,20
2014-09-20 01:00:00,34.202543,16.768627,47.900002,2.970287,1.276392,O,0.595743,19.23646,83.569389,9,1,5,2014,20
2014-09-20 02:00:00,33.517839,16.638197,47.900002,3.185956,1.282149,ONO,0.325374,19.592728,81.510437,9,2,5,2014,20
2014-09-20 03:00:00,26.609637,17.785147,47.900002,3.368432,1.273052,ONO,0.569741,19.204477,82.899467,9,3,5,2014,20
2014-09-20 04:00:00,27.837304,13.721562,47.900002,3.340362,1.294002,N,0.0,18.965601,84.402084,9,4,5,2014,20
2014-09-20 05:00:00,22.363555,19.265488,47.900002,3.158901,1.258875,SSO,0.799669,19.009457,86.03093,9,5,5,2014,20
2014-09-20 06:00:00,25.95331,12.512678,47.900002,3.025422,1.33438,ONO,0.656069,18.578985,87.3377,9,6,5,2014,20
2014-09-20 07:00:00,30.356518,7.519002,47.900002,3.266254,1.546662,ENE,0.955015,18.107712,88.014374,9,7,5,2014,20
2014-09-20 08:00:00,36.588397,11.188364,47.900002,3.722792,1.485421,E,1.207621,19.311214,85.18409,9,8,5,2014,20
2014-09-20 09:00:00,21.718776,43.383053,47.900002,4.055207,1.251736,NNE,1.908788,21.521769,73.075356,9,9,5,2014,20
2014-09-20 10:00:00,12.463082,59.113213,47.900002,4.929383,1.200017,ESE,1.865052,23.27187,58.554802,9,10,5,2014,20
2014-09-20 11:00:00,27.963167,57.863792,47.900002,4.46039,1.2696,O,1.847394,23.791409,62.461876,9,11,5,2014,20
2014-09-20 12:00:00,32.981077,53.91206,47.900002,4.310752,1.264776,OSO,1.690482,21.620396,75.786224,9,12,5,2014,20
2014-09-20 13:00:00,33.397903,49.611675,47.900002,4.476026,1.266004,O,1.783403,21.741314,76.043915,9,13,5,2014,20
2014-09-20 14:00:00,22.331267,61.228416,47.900002,4.539969,1.202495,OSO,2.136278,20.626499,83.710686,9,14,5,2014,20
2014-09-20 15:00:00,21.797664,54.550293,47.900002,3.554924,1.257623,OSO,1.623421,20.41917,87.967064,9,15,5,2014,20
2014-09-20 16:00:00,36.365611,53.503056,47.900002,3.460414,1.367997,NO,1.04014,21.253283,80.138214,9,16,5,2014,20
2014-09-20 17:00:00,49.023226,45.972046,47.900002,3.500554,1.401471,NNO,1.691197,21.821156,72.556915,9,17,5,2014,20
2014-09-20 18:00:00,63.922725,26.765471,47.900002,3.902488,1.452372,OSO,1.546052,21.421307,75.708344,9,18,5,2014,20
2014-09-20 19:00:00,43.914276,33.062645,47.900002,3.803436,1.33157,OSO,1.715629,20.39872,82.860085,9,19,5,2014,20
2014-09-20 20:00:00,30.957863,46.266979,47.900002,3.508265,1.250792,OSO,1.6842,19.930428,82.389488,9,20,5,2014,20
2014-09-20 21:00:00,36.123884,40.068436,47.900002,3.252882,1.263854,OSO,1.219796,19.792385,83.151131,9,21,5,2014,20
2014-09-20 22:00:00,32.652071,36.538044,47.900002,2.94512,1.263111,OSO,0.852212,19.259052,86.131966,9,22,5,2014,20
2014-09-20 23:00:00,44.615098,20.700697,47.900002,2.98616,1.306582,N,0.672933,18.872263,86.342896,9,23,5,2014,20
2014-09-21 00:00:00,36.020254,22.779024,47.900002,3.277155,1.301623,S,0.797282,18.675514,84.170792,9,0,6,2014,21
2014-09-21 01:00:00,29.5271,30.8652,34.700001,3.168401,1.292347,NO,0.586398,18.862768,86.843056,9,1,6,2014,21
2014-09-21 02:00:00,25.477063,36.67065,34.700001,3.059099,1.241193,N,0.598979,19.095438,89.543266,9,2,6,2014,21
2014-09-21 03:00:00,20.113033,37.92609,34.700001,3.138315,1.214996,O,1.112416,18.93338,91.173615,9,3,6,2014,21
2014-09-21 04:00:00,17.85485,33.470047,34.700001,3.174392,1.229825,ENE,1.356079,18.58716,91.683884,9,4,6,2014,21
2014-09-21 05:00:00,15.05814,35.260757,34.700001,3.175872,1.16935,NNO,0.751166,18.095472,91.820534,9,5,6,2014,21
2014-09-21 06:00:00,19.702472,22.603436,34.700001,3.213471,1.20585,ONO,1.101195,18.153231,92.079933,9,6,6,2014,21
2014-09-21 07:00:00,26.028003,12.684786,34.700001,3.047637,1.259907,OSO,0.758748,17.760572,93.68972,9,7,6,2014,21
2014-09-21 08:00:00,30.088197,11.076156,34.700001,3.103822,1.418607,N,0.348805,18.164213,94.854828,9,8,6,2014,21
2014-09-21 09:00:00,32.052992,13.70535,34.700001,3.282199,1.410755,ENE,1.215754,18.57634,95.00647,9,9,6,2014,21
2014-09-21 10:00:00,28.3546,22.360231,34.700001,3.199883,1.304521,E,1.920904,18.908455,92.915817,9,10,6,2014,21
2014-09-21 11:00:00,20.228754,30.821905,34.700001,3.169421,1.289022,SO,2.034292,19.103615,90.796707,9,11,6,2014,21
2014-09-21 12:00:00,15.921917,45.255413,34.700001,3.313406,1.262152,SE,2.926767,20.627586,87.230957,9,12,6,2014,21
2014-09-21 13:00:00,11.462437,62.356068,34.700001,3.339938,1.201418,S,1.703124,21.46661,78.712044,9,13,6,2014,21
2014-09-21 14:00:00,17.036335,57.461426,34.700001,3.287149,1.231347,OSO,1.805738,20.805788,81.871582,9,14,6,2014,21
2014-09-21 15:00:00,14.821787,58.679848,34.700001,3.273319,1.209019,S,1.517054,20.494364,83.240158,9,15,6,2014,21
2014-09-21 16:00:00,11.055158,65.28479,34.700001,3.241943,1.146908,SSO,2.489899,21.124638,75.260277,9,16,6,2014,21
2014-09-21 17:00:00,8.425143,70.580338,34.700001,3.08329,1.150783,SO,1.742581,21.558098,74.570572,9,17,6,2014,21
2014-09-21 18:00:00,12.449613,64.915451,34.700001,3.119922,1.201008,SO,1.793724,21.203293,79.102287,9,18,6,2014,21
2014-09-21 19:00:00,16.28962,56.843582,34.700001,3.315366,1.223866,SO,1.280607,20.723608,83.683517,9,19,6,2014,21
2014-09-21 20:00:00,22.172277,49.266899,34.700001,3.122723,1.274665,SO,1.205602,20.453398,86.503662,9,20,6,2014,21
2014-09-21 21:00:00,20.98887,42.006157,34.700001,3.081586,1.228928,N,0.459297,20.297033,87.586151,9,21,6,2014,21
2014-09-21 22:00:00,24.795992,39.014656,34.700001,3.287977,1.276596,N,0.63837,20.270041,87.587769,9,22,6,2014,21
2014-09-21 23:00:00,18.338013,43.498055,34.700001,2.922483,1.244922,SSO,0.926367,20.219675,87.762276,9,23,6,2014,21
2014-09-22 00:00:00,14.444965,43.836128,34.700001,3.226279,1.208976,SSO,1.074565,19.939898,89.968651,9,0,0,2014,22
2014-09-22 01:00:00,6.581438,45.716309,,3.223513,1.136696,S,1.451217,19.693928,91.400177,9,1,0,2014,22
2014-09-22 02:00:00,7.343952,40.841869,,3.041325,1.12293,SSE,1.14625,19.308363,92.117729,9,2,0,2014,22
2014-09-22 03:00:00,7.702146,38.795586,,3.149465,1.115586,S,0.999478,19.305113,91.830406,9,3,0,2014,22
2014-09-22 04:00:00,13.613955,23.00366,17.700001,3.117893,1.126949,E,0.498079,18.879654,92.253143,9,4,0,2014,22
2014-09-22 05:00:00,20.860927,12.502336,17.700001,3.212782,1.160665,ESE,0.744402,18.257425,94.091301,9,5,0,2014,22
2014-09-22 06:00:00,25.962445,11.501724,17.700001,2.748274,1.18842,ESE,0.877897,18.046633,95.176262,9,6,0,2014,22
2014-09-22 07:00:00,34.367136,7.77847,17.700001,3.284049,1.487024,E,1.141034,17.828035,95.653625,9,7,0,2014,22
2014-09-22 08:00:00,39.505525,11.524126,17.700001,3.380228,1.539465,E,1.484923,18.316301,95.533981,9,8,0,2014,22
2014-09-22 09:00:00,24.872463,35.077122,17.700001,5.074095,1.221562,ESE,1.811241,19.611071,89.958549,9,9,0,2014,22
2014-09-22 10:00:00,13.056471,46.023785,17.700001,5.270636,1.148278,SSO,1.778868,20.723267,77.796593,9,10,0,2014,22
2014-09-22 11:00:00,10.860393,53.338333,17.700001,5.370865,1.148079,SO,2.574603,21.292053,75.263695,9,11,0,2014,22
2014-09-22 12:00:00,8.922256,61.740036,17.700001,3.702348,1.120109,SO,3.152235,21.618504,71.193016,9,12,0,2014,22
2014-09-22 13:00:00,8.707033,60.473736,17.700001,3.858025,1.133809,SO,3.249765,21.99494,67.331596,9,13,0,2014,22
2014-09-22 14:00:00,7.700486,63.3848,17.700001,4.196225,1.114161,OSO,3.926765,22.020576,63.527496,9,14,0,2014,22
2014-09-22 15:00:00,6.089918,62.485321,17.700001,4.492059,1.103902,OSO,3.997211,21.854019,64.996124,9,15,0,2014,22
2014-09-22 16:00:00,7.771612,67.498245,17.700001,4.862075,1.118705,OSO,3.70819,21.759315,70.47184,9,16,0,2014,22
2014-09-22 17:00:00,6.360074,58.768745,17.700001,4.64285,1.112403,OSO,3.43505,21.375452,72.711357,9,17,0,2014,22
2014-09-22 18:00:00,7.010007,59.25441,17.700001,4.244582,1.09898,OSO,2.69184,21.020002,72.912361,9,18,0,2014,22
2014-09-22 19:00:00,9.398567,55.987507,17.700001,4.336991,1.114341,OSO,1.926884,20.344009,73.499725,9,19,0,2014,22
2014-09-22 20:00:00,17.367201,46.59021,17.700001,4.365992,1.152143,OSO,0.944259,19.842251,74.246597,9,20,0,2014,22
2014-09-22 21:00:00,19.980379,40.212875,17.700001,3.988783,1.151895,N,0.332082,19.307989,76.065392,9,21,0,2014,22
2014-09-22 22:00:00,17.718581,40.924252,17.700001,4.109565,1.136371,OSO,0.535257,18.568913,79.528442,9,22,0,2014,22
2014-09-22 23:00:00,38.258762,24.007595,17.700001,4.054595,1.314971,N,0.16471,18.601135,79.265724,9,23,0,2014,22
2014-09-23 00:00:00,47.188341,8.950844,17.700001,3.944816,1.457242,ESE,0.756385,18.144175,82.078613,9,0,1,2014,23
2014-09-23 01:00:00,35.140979,7.51647,,4.044527,1.341969,E,1.435848,17.378506,87.681747,9,1,1,2014,23
2014-09-23 02:00:00,32.046548,9.283868,35.0,4.196602,1.205987,ESE,1.154796,17.105915,88.291229,9,2,1,2014,23
2014-09-23 03:00:00,30.783973,7.770462,35.0,4.36102,1.198501,E,1.235549,16.601479,89.022743,9,3,1,2014,23
2014-09-23 04:00:00,27.26417,10.703406,35.0,4.78574,1.182902,E,1.314423,16.37114,90.060776,9,4,1,2014,23
2014-09-23 05:00:00,28.103358,8.116292,35.0,4.551499,1.191812,ESE,1.443464,16.178053,90.881386,9,5,1,2014,23
2014-09-23 06:00:00,27.977579,7.540708,35.0,4.758266,1.240401,E,1.491824,15.90611,91.079872,9,6,1,2014,23
2014-09-23 07:00:00,35.683547,7.832544,35.0,5.756005,1.53434,ESE,1.364906,15.863718,91.411957,9,7,1,2014,23
2014-09-23 08:00:00,41.781898,9.308372,35.0,5.286822,1.642671,ESE,1.706357,16.698135,90.940842,9,8,1,2014,23
2014-09-23 09:00:00,40.832982,15.596742,35.0,5.860773,1.374421,E,2.308705,18.71435,82.022552,9,9,1,2014,23
2014-09-23 10:00:00,23.292139,39.438705,35.0,6.019843,1.182202,ESE,1.956075,20.784725,69.169373,9,10,1,2014,23
2014-09-23 11:00:00,16.649415,50.763805,35.0,5.393683,1.146487,SSE,1.531445,21.507627,65.960915,9,11,1,2014,23
2014-09-23 12:00:00,13.286133,60.107437,35.0,4.815377,1.164856,SO,2.288825,22.138985,64.925476,9,12,1,2014,23
2014-09-23 13:00:00,11.409702,60.619713,35.0,4.702837,1.144777,SO,2.841361,22.049068,65.611618,9,13,1,2014,23
2014-09-23 14:00:00,10.915774,58.482517,35.0,4.718293,1.149289,SO,3.281764,21.746162,66.165031,9,14,1,2014,23
2014-09-23 15:00:00,10.373357,58.002869,35.0,4.389461,1.182346,OSO,3.558832,21.645092,66.900749,9,15,1,2014,23
2014-09-23 16:00:00,10.526804,59.249775,35.0,4.18566,1.157203,SO,3.675255,21.758911,66.897293,9,16,1,2014,23
2014-09-23 17:00:00,11.472707,58.011635,35.0,4.160229,1.188342,SO,3.355032,21.654795,72.61087,9,17,1,2014,23
2014-09-23 18:00:00,13.806966,56.450764,35.0,3.747519,1.188191,SO,3.103159,21.022589,76.4245,9,18,1,2014,23
2014-09-23 19:00:00,18.002668,47.50264,35.0,3.905957,1.208705,SO,2.281643,20.490192,78.280281,9,19,1,2014,23
2014-09-23 20:00:00,18.754133,45.784641,35.0,3.976818,1.212518,SO,1.303952,20.16008,81.02272,9,20,1,2014,23
2014-09-23 21:00:00,16.624887,42.745644,35.0,3.989015,1.171658,NNO,0.623279,19.705557,83.582474,9,21,1,2014,23
2014-09-23 22:00:00,36.642255,19.484533,35.0,3.902811,1.346545,ENE,0.77385,18.984699,86.539337,9,22,1,2014,23
2014-09-23 23:00:00,47.830226,8.130594,35.0,3.8439,1.488482,E,1.113474,18.518646,88.46553,9,23,1,2014,23
2014-09-24 00:00:00,38.296503,8.273686,35.0,3.974591,1.464052,E,1.275882,17.987545,90.142448,9,0,2,2014,24
2014-09-24 01:00:00,20.036941,21.11013,,3.916538,1.163939,E,1.169594,17.912724,90.69088,9,1,2,2014,24
2014-09-24 02:00:00,16.204528,23.203186,,3.925295,1.181975,E,1.10426,17.543343,91.265228,9,2,2,2014,24
2014-09-24 03:00:00,12.451777,24.130951,21.9,3.998205,1.122421,E,1.224368,17.417713,92.211876,9,3,2,2014,24
2014-09-24 04:00:00,14.156834,23.157293,21.9,3.946308,1.119945,ESE,1.244871,17.188265,92.439087,9,4,2,2014,24
2014-09-24 05:00:00,19.701079,15.795784,21.9,4.057223,1.145035,E,1.231767,16.695076,93.146042,9,5,2,2014,24
2014-09-24 06:00:00,22.769329,12.570564,21.9,4.122304,1.141049,E,1.70279,16.312229,93.376472,9,6,2,2014,24
2014-09-24 07:00:00,32.172254,8.579752,21.9,4.125494,1.266112,E,1.389337,16.449013,93.591843,9,7,2,2014,24
2014-09-24 08:00:00,33.448909,12.549166,21.9,4.283158,1.321845,E,1.857188,17.597132,92.504776,9,8,2,2014,24
2014-09-24 09:00:00,31.198809,21.328094,21.9,4.101384,1.284471,ESE,2.04141,19.020075,87.566544,9,9,2,2014,24
2014-09-24 10:00:00,19.931268,39.092728,21.9,4.064197,1.189835,SSE,2.188344,21.099068,75.768242,9,10,2,2014,24
2014-09-24 11:00:00,11.652501,50.691216,21.9,3.979945,1.146878,SSO,3.47029,20.998371,75.764717,9,11,2,2014,24
2014-09-24 12:00:00,11.900499,54.547932,21.9,3.865196,1.15724,SSO,3.251382,21.665741,73.147774,9,12,2,2014,24
2014-09-24 13:00:00,11.267994,56.459854,21.9,3.86305,1.152111,SO,3.3585,21.677139,71.378098,9,13,2,2014,24
2014-09-24 14:00:00,9.192897,57.316154,21.9,4.070063,1.163227,OSO,3.613295,21.958614,70.139694,9,14,2,2014,24
2014-09-24 15:00:00,7.800816,57.51553,21.9,4.137694,1.115825,OSO,3.869177,21.869514,68.763023,9,15,2,2014,24
2014-09-24 16:00:00,7.452881,62.577389,21.9,3.8717,1.11648,OSO,3.922849,21.61599,71.298157,9,16,2,2014,24
2014-09-24 17:00:00,7.259337,63.485832,21.9,3.867084,1.108676,OSO,3.784146,21.433964,70.788261,9,17,2,2014,24
2014-09-24 18:00:00,8.96115,65.112679,21.9,3.828604,1.12572,OSO,3.141101,21.252028,72.677887,9,18,2,2014,24
2014-09-24 19:00:00,11.940674,57.553001,21.9,3.752509,1.152821,OSO,2.427226,20.67663,75.256744,9,19,2,2014,24
2014-09-24 20:00:00,16.771267,52.511185,21.9,3.65797,1.184587,OSO,1.726679,20.331327,78.607483,9,20,2,2014,24
2014-09-24 21:00:00,14.394407,55.341427,21.9,3.624376,1.159455,OSO,1.738568,20.226627,78.876366,9,21,2,2014,24
2014-09-24 22:00:00,14.063918,47.808838,21.9,3.447758,1.153735,N,0.469137,19.875286,79.919785,9,22,2,2014,24
2014-09-24 23:00:00,22.503018,36.226974,21.9,3.547728,1.189454,N,0.0,19.404179,82.533875,9,23,2,2014,24
2014-09-25 00:00:00,20.042114,36.216049,21.9,3.449405,1.178089,N,0.327368,19.469744,82.726219,9,0,3,2014,25
2014-09-25 01:00:00,16.112683,41.654667,,3.592958,1.140729,N,0.122193,19.240562,84.239822,9,1,3,2014,25
2014-09-25 02:00:00,29.424225,16.382969,30.4,3.527249,1.198311,OSO,0.767298,18.820099,85.906418,9,2,3,2014,25
2014-09-25 03:00:00,31.433133,10.371746,30.4,3.69657,1.23621,E,0.718623,18.430397,86.341232,9,3,3,2014,25
2014-09-25 04:00:00,26.682212,13.912462,30.4,4.77494,1.22784,E,0.868465,17.778961,88.277229,9,4,3,2014,25
2014-09-25 05:00:00,28.098291,8.572994,30.4,5.189959,1.279645,E,1.204693,17.383757,89.838478,9,5,3,2014,25
2014-09-25 06:00:00,28.103118,7.691778,30.4,5.084398,1.257507,E,1.266434,17.000462,90.918182,9,6,3,2014,25
2014-09-25 07:00:00,38.648945,7.959742,30.4,5.098886,1.564941,E,0.991573,16.571051,92.312332,9,7,3,2014,25
2014-09-25 08:00:00,50.957022,10.630538,30.4,4.833194,1.711341,E,1.304595,17.569244,92.207535,9,8,3,2014,25
2014-09-25 09:00:00,31.75089,32.920811,30.4,4.803963,1.290544,SSE,0.962812,19.643354,84.565895,9,9,3,2014,25
2014-09-25 10:00:00,19.0317,49.252266,30.4,4.868871,1.184848,ONO,1.192436,21.614428,68.931557,9,10,3,2014,25
2014-09-25 11:00:00,11.670709,57.906395,30.4,4.378998,1.14571,OSO,2.994808,20.991037,73.615379,9,11,3,2014,25
2014-09-25 12:00:00,8.467412,63.716293,30.4,4.135106,1.131725,OSO,3.56149,21.359241,70.97187,9,12,3,2014,25
2014-09-25 13:00:00,6.567919,66.583809,30.4,3.815724,1.109804,OSO,4.026234,21.535875,70.265663,9,13,3,2014,25
2014-09-25 14:00:00,5.950062,64.757599,30.4,3.570572,1.108368,OSO,4.38215,21.605644,69.984528,9,14,3,2014,25
2014-09-25 15:00:00,4.934558,64.95697,30.4,3.657334,1.088893,OSO,3.746462,21.920897,68.011726,9,15,3,2014,25
2014-09-25 16:00:00,3.96401,80.078117,30.4,3.635349,1.08479,OSO,3.556293,21.823082,69.217163,9,16,3,2014,25
2014-09-25 17:00:00,4.247338,85.344551,30.4,3.577482,1.088962,OSO,3.513219,21.640507,68.604652,9,17,3,2014,25
2014-09-25 18:00:00,5.222841,78.428917,30.4,3.577928,1.085533,OSO,2.537541,21.232494,71.123932,9,18,3,2014,25
2014-09-25 19:00:00,9.511038,66.699799,30.4,3.559292,1.119343,OSO,1.430776,20.518917,73.530121,9,19,3,2014,25
2014-09-25 20:00:00,11.711772,62.783886,30.4,3.554384,1.122033,OSO,1.363586,20.022854,75.907394,9,20,3,2014,25
2014-09-25 21:00:00,9.313389,62.859879,30.4,3.398451,1.104732,O,1.219503,19.816471,77.285233,9,21,3,2014,25
2014-09-25 22:00:00,7.238942,61.951519,30.4,3.339473,1.10442,NO,1.115279,19.589567,77.999008,9,22,3,2014,25
2014-09-25 23:00:00,7.103082,61.429649,30.4,3.369468,1.100538,ONO,0.976714,19.464821,78.82003,9,23,3,2014,25
2014-09-26 00:00:00,7.040092,58.682247,30.4,3.379216,1.090532,OSO,0.844721,19.279947,79.321152,9,0,4,2014,26
2014-09-26 01:00:00,5.104882,60.146107,,3.455244,1.085724,OSO,1.192887,19.052908,79.469162,9,1,4,2014,26
2014-09-26 02:00:00,5.375609,58.751434,,3.452438,1.083989,OSO,0.983173,18.778996,79.464417,9,2,4,2014,26
2014-09-26 03:00:00,4.127529,58.455872,,3.342512,1.072803,O,0.632544,18.488361,78.940239,9,3,4,2014,26
2014-09-26 04:00:00,5.761261,53.643944,29.79999,3.542943,1.076278,SSE,0.556599,18.381968,78.597672,9,4,4,2014,26
2014-09-26 05:00:00,27.669484,23.880333,29.79999,3.543031,1.159519,N,0.284795,18.06715,80.936333,9,5,4,2014,26
2014-09-26 06:00:00,38.941175,9.156256,29.79999,3.708248,1.23633,N,0.106219,17.957121,83.571762,9,6,4,2014,26
2014-09-26 07:00:00,40.050756,7.858572,29.79999,3.900838,1.653186,E,1.070784,17.48595,86.255997,9,7,4,2014,26
2014-09-26 08:00:00,53.171008,8.180398,29.79999,4.894695,1.688985,E,0.993112,17.803514,87.704002,9,8,4,2014,26
2014-09-26 09:00:00,52.081842,14.741906,29.79999,4.656002,1.367845,E,0.671755,18.803242,84.061317,9,9,4,2014,26
2014-09-26 10:00:00,52.000613,24.41609,29.79999,4.593674,1.361911,NO,0.696844,19.886002,76.543549,9,10,4,2014,26
2014-09-26 11:00:00,24.851976,53.038734,29.79999,4.949788,1.179975,OSO,1.351835,20.779837,69.307487,9,11,4,2014,26
2014-09-26 12:00:00,9.945695,66.306366,29.79999,4.402745,1.112819,OSO,2.016926,21.287912,64.536285,9,12,4,2014,26
2014-09-26 13:00:00,9.391107,75.141541,29.79999,4.268268,1.105076,OSO,2.510244,21.888372,63.252304,9,13,4,2014,26
2014-09-26 14:00:00,8.865309,78.761566,29.79999,6.062769,1.10596,OSO,3.105536,21.499212,66.61161,9,14,4,2014,26
2014-09-26 15:00:00,8.374355,69.773483,29.79999,4.606049,1.110227,OSO,3.454986,21.341164,66.5858,9,15,4,2014,26
2014-09-26 16:00:00,7.685367,65.668747,29.79999,3.160557,1.106002,OSO,3.198092,21.174191,68.279396,9,16,4,2014,26
2014-09-26 17:00:00,5.071248,61.690094,29.79999,3.857976,1.082418,OSO,2.962874,20.809246,71.224892,9,17,4,2014,26
2014-09-26 18:00:00,5.852864,61.844261,29.79999,3.58467,1.082562,OSO,2.297782,20.531811,72.291946,9,18,4,2014,26
2014-09-26 19:00:00,8.615143,59.107262,29.79999,3.637827,1.096184,OSO,1.904355,20.156994,73.966072,9,19,4,2014,26
2014-09-26 20:00:00,16.73913,50.865974,29.79999,3.525481,1.139158,OSO,1.462899,19.937283,75.775467,9,20,4,2014,26
2014-09-26 21:00:00,14.95008,50.608139,29.79999,3.503489,1.115049,OSO,1.03282,19.835735,75.912735,9,21,4,2014,26
2014-09-26 22:00:00,16.832372,53.251209,29.79999,3.607362,1.140104,OSO,1.109576,19.780754,77.093124,9,22,4,2014,26
2014-09-26 23:00:00,10.887713,56.539017,29.79999,3.41763,1.104301,OSO,1.246477,19.7579,77.848557,9,23,4,2014,26
2014-09-27 00:00:00,8.443493,58.103981,29.79999,3.518192,1.099366,OSO,0.953622,19.597977,79.463921,9,0,5,2014,27
2014-09-27 01:00:00,7.984749,57.834877,23.1,3.60171,1.092649,OSO,0.941994,19.561008,80.557724,9,1,5,2014,27
2014-09-27 02:00:00,7.215672,60.294044,23.1,3.40648,1.083725,OSO,1.062094,19.529369,80.84726,9,2,5,2014,27
2014-09-27 03:00:00,5.619688,60.891949,23.1,3.53528,1.078038,OSO,0.929407,19.431553,81.422089,9,3,5,2014,27
2014-09-27 04:00:00,7.685454,56.826267,23.1,3.611445,1.112039,SSO,0.725164,19.379522,81.898895,9,4,5,2014,27
2014-09-27 05:00:00,7.881006,53.667759,23.1,3.461335,1.116847,S,0.733107,19.357748,81.463097,9,5,5,2014,27
2014-09-27 06:00:00,16.1866,32.62154,23.1,3.492309,1.170844,SE,0.811168,18.800123,83.379623,9,6,5,2014,27
2014-09-27 07:00:00,24.181514,32.44585,23.1,3.50767,1.235481,SE,0.880612,18.830378,82.341949,9,7,5,2014,27
2014-09-27 08:00:00,33.570459,26.272261,23.1,3.473956,1.314863,SE,1.309331,19.158453,79.43779,9,8,5,2014,27
2014-09-27 09:00:00,21.654881,43.335121,23.1,3.550112,1.206769,SSE,1.587714,19.890305,76.395256,9,9,5,2014,27
2014-09-27 10:00:00,12.674515,54.26001,23.1,3.375315,1.132435,S,1.92091,20.655602,70.375076,9,10,5,2014,27
2014-09-27 11:00:00,11.809018,58.16798,23.1,3.445109,1.140532,SO,2.523712,21.37216,67.731644,9,11,5,2014,27
2014-09-27 12:00:00,9.51909,60.094902,23.1,3.428488,1.164925,SSO,3.307863,21.680502,64.172256,9,12,5,2014,27
2014-09-27 13:00:00,8.780478,62.274166,23.1,3.589535,1.199348,SO,3.635041,21.67205,67.62661,9,13,5,2014,27
2014-09-27 14:00:00,7.310991,63.456776,23.1,3.842822,1.112554,OSO,3.675231,21.690369,65.364365,9,14,5,2014,27
2014-09-27 15:00:00,7.492424,58.05957,23.1,3.868029,1.119233,SO,3.641556,21.598963,64.662628,9,15,5,2014,27
2014-09-27 16:00:00,6.312317,58.268166,23.1,3.701726,1.101291,SO,3.65338,21.504473,65.695793,9,16,5,2014,27
2014-09-27 17:00:00,7.788924,58.845284,23.1,3.503454,1.121507,SO,3.358565,21.366732,65.707672,9,17,5,2014,27
2014-09-27 18:00:00,12.369559,53.59137,23.1,3.491177,1.157434,SO,2.674217,20.951557,67.958176,9,18,5,2014,27
2014-09-27 19:00:00,13.454888,51.588417,23.1,3.384145,1.167512,SSO,2.200463,20.524586,71.092514,9,19,5,2014,27
2014-09-27 20:00:00,17.218261,48.201813,23.1,3.482406,1.225789,SSO,1.622731,20.381592,71.791908,9,20,5,2014,27
2014-09-27 21:00:00,14.802716,51.108925,23.1,3.343788,1.156584,SSO,0.89464,20.27618,73.02903,9,21,5,2014,27
2014-09-27 22:00:00,16.948319,47.486843,23.1,3.323896,1.167777,SSO,0.707933,19.947523,73.821999,9,22,5,2014,27
2014-09-27 23:00:00,24.678575,30.558889,23.1,3.430862,1.199844,ENE,0.617468,18.473366,80.505928,9,23,5,2014,27
2014-09-28 00:00:00,46.363212,10.385606,23.1,3.598274,1.426539,E,1.131901,18.722116,80.651169,9,0,6,2014,28
2014-09-28 01:00:00,39.112704,8.714292,21.79999,3.394959,1.350583,E,1.131805,18.4499,80.419205,9,1,6,2014,28
2014-09-28 02:00:00,33.728111,10.767336,21.79999,4.060611,1.18067,E,1.176535,18.028994,82.209152,9,2,6,2014,28
2014-09-28 03:00:00,26.85136,19.239582,21.79999,5.068835,1.141718,ESE,1.263502,18.247789,80.655708,9,3,6,2014,28
2014-09-28 04:00:00,10.183574,37.788948,21.79999,4.522804,1.09417,ESE,1.202314,18.708824,78.776855,9,4,6,2014,28
2014-09-28 05:00:00,8.899647,41.879173,21.79999,3.939489,1.084391,SE,1.591773,19.051752,79.002235,9,5,6,2014,28
2014-09-28 06:00:00,6.424604,45.972984,21.79999,4.037836,1.081737,SE,1.683894,19.006102,80.206215,9,6,6,2014,28
2014-09-28 07:00:00,14.431012,36.069118,21.79999,3.847227,1.133936,ESE,1.236192,18.747416,81.213234,9,7,6,2014,28
2014-09-28 08:00:00,22.324261,33.745319,21.79999,3.550222,1.160701,SE,1.141915,19.00071,81.065659,9,8,6,2014,28
2014-09-28 09:00:00,12.241914,54.007286,21.79999,3.697031,1.156004,S,1.449742,20.130337,77.086182,9,9,6,2014,28
2014-09-28 10:00:00,5.981818,64.159592,21.79999,3.491471,1.094461,SO,2.06861,21.11504,70.614777,9,10,6,2014,28
2014-09-28 11:00:00,6.624147,68.135948,21.79999,3.423995,1.104379,SO,2.782382,21.301279,67.653877,9,11,6,2014,28
2014-09-28 12:00:00,5.981923,69.950844,21.79999,3.385699,1.084095,OSO,3.129346,21.624092,65.283432,9,12,6,2014,28
2014-09-28 13:00:00,5.887877,70.360382,21.79999,3.434563,1.107187,OSO,3.911005,21.616123,67.200569,9,13,6,2014,28
2014-09-28 14:00:00,5.706761,69.535538,21.79999,3.386011,1.090738,OSO,4.090658,21.77211,68.618492,9,14,6,2014,28
2014-09-28 15:00:00,3.716596,66.955574,21.79999,3.37013,1.071748,OSO,3.855185,21.483541,70.072784,9,15,6,2014,28
2014-09-28 16:00:00,5.655999,63.981621,21.79999,3.474615,1.079374,OSO,3.727678,21.497957,68.63118,9,16,6,2014,28
2014-09-28 17:00:00,4.170794,64.383743,21.79999,3.337658,1.063502,OSO,3.182577,21.148855,69.342453,9,17,6,2014,28
2014-09-28 18:00:00,5.656346,63.262665,21.79999,3.403254,1.076545,OSO,2.945298,20.926876,69.060974,9,18,6,2014,28
2014-09-28 19:00:00,7.411186,65.044426,21.79999,3.419336,1.070413,OSO,2.29052,20.447897,70.178429,9,19,6,2014,28
2014-09-28 20:00:00,10.422255,57.640476,21.79999,3.30695,1.082873,OSO,1.013985,20.136305,72.283531,9,20,6,2014,28
2014-09-28 21:00:00,16.281658,47.148941,21.79999,3.404528,1.111715,OSO,0.86769,19.882093,73.827461,9,21,6,2014,28
2014-09-28 22:00:00,17.62553,45.555611,21.79999,3.407214,1.124901,OSO,0.832446,19.628807,75.329025,9,22,6,2014,28
2014-09-28 23:00:00,19.738629,41.325951,21.79999,3.26344,1.153746,OSO,0.803433,19.384237,76.929276,9,23,6,2014,28
2014-09-29 00:00:00,15.166829,45.754639,21.79999,3.228222,1.124077,OSO,0.934292,19.174397,78.379181,9,0,0,2014,29
2014-09-29 01:00:00,10.360676,55.849445,,3.287515,1.09492,OSO,1.107216,19.270992,78.897804,9,1,0,2014,29
2014-09-29 02:00:00,7.082981,58.136593,,3.502706,1.070103,OSO,0.919467,19.097776,79.041542,9,2,0,2014,29
2014-09-29 03:00:00,4.840272,58.28336,,3.239813,1.053946,OSO,0.818687,18.907497,78.840416,9,3,0,2014,29
2014-09-29 04:00:00,5.246375,53.190777,25.1,3.400864,1.048211,OSO,0.522892,18.596251,79.059357,9,4,0,2014,29
2014-09-29 05:00:00,12.62595,36.428268,25.1,3.482772,1.121648,N,0.31705,17.602016,82.956787,9,5,0,2014,29
2014-09-29 06:00:00,39.327308,7.851916,25.1,3.592408,1.36382,N,0.483145,17.323971,85.816605,9,6,0,2014,29
2014-09-29 07:00:00,40.67381,7.668252,25.1,3.915555,1.711588,O,0.566024,17.061317,87.734932,9,7,0,2014,29
2014-09-29 08:00:00,59.894992,9.060214,25.1,4.595153,2.054202,E,0.704639,17.710587,88.424149,9,8,0,2014,29
2014-09-29 09:00:00,38.212185,30.486292,25.1,4.580818,1.391434,SSO,1.049841,20.172192,76.53714,9,9,0,2014,29
2014-09-29 10:00:00,10.541624,58.76963,25.1,4.268761,1.087798,ONO,1.585853,21.453865,65.757629,9,10,0,2014,29
2014-09-29 11:00:00,7.290522,66.592728,25.1,4.20776,1.076367,ONO,2.204856,22.154116,63.12125,9,11,0,2014,29
2014-09-29 12:00:00,6.999168,67.43972,25.1,3.849523,1.082225,OSO,2.709684,22.199526,60.379013,9,12,0,2014,29
2014-09-29 13:00:00,4.057892,66.389984,25.1,3.838408,1.052804,OSO,2.900637,22.41683,56.138954,9,13,0,2014,29
2014-09-29 14:00:00,4.028102,69.297745,25.1,3.544524,1.054457,OSO,2.964285,22.467775,59.931816,9,14,0,2014,29
2014-09-29 15:00:00,2.977759,70.754295,25.1,3.62625,1.055428,O,2.750414,22.602797,61.739677,9,15,0,2014,29
2014-09-29 16:00:00,2.754665,69.23101,25.1,3.520424,1.057581,O,2.552169,22.223846,64.644341,9,16,0,2014,29
2014-09-29 17:00:00,5.887451,69.041138,25.1,3.449301,1.071658,OSO,2.064641,21.587839,69.658081,9,17,0,2014,29
2014-09-29 18:00:00,7.879347,64.697334,25.1,3.432926,1.08484,O,1.902129,21.190639,71.031021,9,18,0,2014,29
2014-09-29 19:00:00,12.606252,60.379471,25.1,3.481242,1.109134,OSO,1.853967,20.653061,72.560768,9,19,0,2014,29
2014-09-29 20:00:00,14.881934,58.223053,25.1,3.461372,1.111637,OSO,1.713123,20.353508,75.5485,9,20,0,2014,29
2014-09-29 21:00:00,8.855927,63.661728,25.1,3.288559,1.086836,OSO,1.775329,20.241245,75.474213,9,21,0,2014,29
2014-09-29 22:00:00,6.266257,68.239113,25.1,3.366331,1.065513,OSO,1.759771,20.007896,74.519257,9,22,0,2014,29
2014-09-29 23:00:00,6.493473,63.96505,25.1,3.41513,1.072442,SO,0.94183,19.67778,75.426468,9,23,0,2014,29
2014-09-30 00:00:00,4.3301,64.369934,25.1,3.438648,1.063138,N,0.964245,19.524075,77.842903,9,0,1,2014,30
2014-09-30 01:00:00,3.17314,66.832001,,3.43676,1.057386,N,1.265895,19.604353,78.706856,9,1,1,2014,30
2014-09-30 02:00:00,3.072861,70.772629,24.9,3.447424,1.049899,N,1.193074,19.48432,80.309113,9,2,1,2014,30
2014-09-30 03:00:00,3.477732,72.629272,24.9,3.328924,1.061361,NNO,1.487988,19.519119,81.377144,9,3,1,2014,30
2014-09-30 04:00:00,5.604505,68.322815,24.9,3.457047,1.06155,NNO,1.261709,19.134335,82.747559,9,4,1,2014,30
2014-09-30 05:00:00,9.609522,59.741112,24.9,3.542759,1.068214,NO,0.896997,19.125351,83.392334,9,5,1,2014,30
2014-09-30 06:00:00,18.058776,45.680714,24.9,3.568559,1.085848,NNO,0.747848,18.902689,84.825218,9,6,1,2014,30
2014-09-30 07:00:00,35.692144,21.575706,24.9,3.677965,1.262174,ENE,0.756516,18.054836,87.495041,9,7,1,2014,30
2014-09-30 08:00:00,58.880443,10.428598,24.9,4.031374,1.638867,NNO,0.433791,18.579123,88.160149,9,8,1,2014,30
2014-09-30 09:00:00,24.451752,49.957474,24.9,3.744806,1.184598,NO,1.251617,20.738768,81.557381,9,9,1,2014,30
2014-09-30 10:00:00,9.000625,67.556206,24.9,3.770798,1.106343,O,1.92431,21.658382,74.501312,9,10,1,2014,30
2014-09-30 11:00:00,3.798486,75.359283,24.9,3.469281,1.073307,ONO,1.970503,22.147295,70.493782,9,11,1,2014,30
2014-09-30 12:00:00,4.422517,74.913757,24.9,3.477787,1.09264,O,2.289518,23.01075,70.361588,9,12,1,2014,30
2014-09-30 13:00:00,4.823665,76.773193,24.9,3.591687,1.0867,OSO,3.729593,21.916489,76.015091,9,13,1,2014,30
2014-09-30 14:00:00,4.351992,80.462799,24.9,3.647418,1.085272,OSO,3.876822,22.219196,75.104767,9,14,1,2014,30
2014-09-30 15:00:00,4.663554,85.124657,24.9,3.798946,1.091412,OSO,3.833949,22.123625,76.250534,9,15,1,2014,30
2014-09-30 16:00:00,6.666012,85.421364,24.9,3.631908,1.114509,OSO,3.260585,21.960308,78.982124,9,16,1,2014,30
2014-09-30 17:00:00,7.179027,83.66407,24.9,3.554857,1.126869,OSO,2.612496,21.818708,78.746803,9,17,1,2014,30
2014-09-30 18:00:00,9.079531,87.831734,24.9,3.428894,1.126601,OSO,1.885288,21.559113,78.064537,9,18,1,2014,30
2014-09-30 19:00:00,14.891697,75.847885,24.9,3.349328,1.176453,OSO,1.415637,20.937384,83.369392,9,19,1,2014,30
2014-09-30 20:00:00,23.806911,67.856133,24.9,3.585992,1.252662,OSO,1.308111,20.784994,85.060501,9,20,1,2014,30
2014-09-30 21:00:00,28.274464,64.838066,24.9,3.592493,1.325306,OSO,1.528918,21.007828,86.174431,9,21,1,2014,30
2014-09-30 22:00:00,19.21195,71.758797,24.9,3.71016,1.246074,OSO,1.389303,21.05019,88.201393,9,22,1,2014,30
2014-09-30 23:00:00,13.794923,72.676758,24.9,3.61121,1.200668,OSO,1.618704,20.920425,90.030823,9,23,1,2014,30
2014-10-01 00:00:00,8.293428,73.660942,24.9,3.496181,1.137416,OSO,1.849608,20.690132,91.337502,10,0,2,2014,1
2014-10-01 01:00:00,4.882453,68.864197,,3.612684,1.085737,OSO,1.360408,20.596354,91.375214,10,1,2,2014,1
2014-10-01 02:00:00,4.976662,63.729282,,3.602353,1.083462,OSO,1.094957,20.570816,90.440445,10,2,2,2014,1
2014-10-01 03:00:00,4.261835,64.992897,,3.720787,1.086952,OSO,0.746716,20.684708,87.744644,10,3,2,2014,1
2014-10-01 04:00:00,3.104629,63.008842,40.400002,3.667208,1.082986,N,0.196759,20.74416,87.73365,10,4,2,2014,1
2014-10-01 05:00:00,3.439438,65.998322,40.400002,3.716117,1.086089,ESE,0.815848,20.441959,86.779671,10,5,2,2014,1
2014-10-01 06:00:00,13.778375,47.736126,40.400002,3.579138,1.121982,SE,1.107711,20.594858,86.807648,10,6,2,2014,1
2014-10-01 07:00:00,45.535744,22.482349,40.400002,3.75562,1.291489,SE,1.183869,20.428122,89.168762,10,7,2,2014,1
2014-10-01 08:00:00,42.443014,29.537716,40.400002,3.759819,1.349187,SE,1.665891,20.454609,90.413437,10,8,2,2014,1
2014-10-01 09:00:00,27.872649,45.962421,40.400002,3.836481,1.26617,SE,1.849075,20.918766,88.533295,10,9,2,2014,1
2014-10-01 10:00:00,18.790959,58.581917,40.400002,3.733928,1.207061,SSE,1.972805,21.669029,82.690468,10,10,2,2014,1
2014-10-01 11:00:00,13.96414,64.743179,40.400002,3.525051,1.178561,SSO,1.979179,22.249964,77.692673,10,11,2,2014,1
2014-10-01 12:00:00,13.580421,68.212189,40.400002,3.530744,1.170427,SSO,2.245855,23.120464,73.521599,10,12,2,2014,1
2014-10-01 13:00:00,14.353099,67.60054,40.400002,3.61919,1.18293,SO,2.353808,23.235172,72.850456,10,13,2,2014,1
2014-10-01 14:00:00,12.463882,69.700432,40.400002,3.711041,1.198585,SO,2.329271,23.036619,73.908218,10,14,2,2014,1
2014-10-01 15:00:00,10.052769,69.965874,40.400002,3.843526,1.155445,OSO,2.788232,23.10734,75.396408,10,15,2,2014,1
2014-10-01 16:00:00,10.947348,68.363647,40.400002,3.655433,1.162891,OSO,2.727051,22.654247,78.209358,10,16,2,2014,1
2014-10-01 17:00:00,13.36342,66.87278,40.400002,3.841415,1.182442,OSO,2.273906,22.394344,81.387627,10,17,2,2014,1
2014-10-01 18:00:00,12.579439,64.917084,40.400002,3.762241,1.180556,OSO,2.064425,21.903938,83.749077,10,18,2,2014,1
2014-10-01 19:00:00,16.495049,59.903259,40.400002,3.678539,1.207589,OSO,1.755443,21.389832,86.670967,10,19,2,2014,1
2014-10-01 20:00:00,14.912472,54.651901,40.400002,3.596405,1.192298,NO,0.870773,21.004234,87.706306,10,20,2,2014,1
2014-10-01 21:00:00,25.569707,40.338657,40.400002,3.620373,1.247814,N,0.101694,20.859612,89.158119,10,21,2,2014,1
2014-10-01 22:00:00,35.047272,39.071022,40.400002,3.680782,1.379451,SO,1.201424,21.086449,88.524994,10,22,2,2014,1
2014-10-01 23:00:00,21.137071,46.69149,40.400002,3.62158,1.262372,NNO,0.435175,20.807478,88.933212,10,23,2,2014,1
2014-10-02 00:00:00,14.741521,52.509888,40.400002,3.735229,1.186352,SE,1.241943,20.649261,89.887695,10,0,3,2014,2
2014-10-02 01:00:00,8.142114,55.098198,,3.685527,1.15903,SSE,1.188823,20.457565,90.176598,10,1,3,2014,2
2014-10-02 02:00:00,5.671743,54.334557,,3.7517,1.117953,SSE,1.043827,20.1786,91.039711,10,2,3,2014,2
2014-10-02 03:00:00,6.29157,42.871696,,3.621898,1.122385,SE,0.661997,19.802158,91.780151,10,3,3,2014,2
2014-10-02 04:00:00,19.656062,17.371704,45.299992,3.618203,1.175117,SO,0.539961,19.262207,92.985138,10,4,3,2014,2
2014-10-02 05:00:00,14.582269,40.724556,45.299992,3.6617,1.134464,ONO,0.422232,19.726353,93.79921,10,5,3,2014,2
2014-10-02 06:00:00,6.674021,45.185238,45.299992,3.746058,1.107025,ENE,0.612061,19.75749,93.954308,10,6,3,2014,2
2014-10-02 07:00:00,18.965266,42.931099,45.299992,3.753088,1.201258,ESE,0.730742,19.587025,94.000938,10,7,3,2014,2
2014-10-02 08:00:00,31.230679,36.86977,45.299992,3.773033,1.291924,ESE,0.926512,19.666218,93.090279,10,8,3,2014,2
2014-10-02 09:00:00,27.746924,47.629841,45.299992,3.654288,1.31182,SE,1.096673,20.708008,89.036652,10,9,3,2014,2
2014-10-02 10:00:00,23.70991,58.193741,45.299992,3.767522,1.322453,SSO,1.474746,22.246128,79.395966,10,10,3,2014,2
2014-10-02 11:00:00,13.764124,67.002792,45.299992,3.631422,1.207583,OSO,2.350091,22.291166,78.410591,10,11,3,2014,2
2014-10-02 12:00:00,11.219059,71.112633,45.299992,3.692939,1.161252,OSO,2.6138,22.665268,77.460648,10,12,3,2014,2
2014-10-02 13:00:00,9.558751,76.233894,45.299992,3.470928,1.135936,OSO,2.146239,23.464615,74.784424,10,13,3,2014,2
2014-10-02 14:00:00,8.488445,76.945694,45.299992,3.750205,1.124489,OSO,2.65959,23.590584,72.917305,10,14,3,2014,2
2014-10-02 15:00:00,7.271502,75.565552,45.299992,3.765106,1.128117,OSO,2.55496,23.997414,70.722557,10,15,3,2014,2
2014-10-02 16:00:00,6.96255,73.49025,45.299992,3.772061,1.106488,OSO,2.072702,24.144178,69.381248,10,16,3,2014,2
2014-10-02 17:00:00,8.187383,68.126633,45.299992,3.652576,1.130701,OSO,2.579656,23.506611,73.870834,10,17,3,2014,2
2014-10-02 18:00:00,13.837006,57.80225,45.299992,3.413926,1.146855,OSO,1.375652,22.83794,79.881622,10,18,3,2014,2
2014-10-02 19:00:00,20.329439,49.34095,45.299992,3.771298,1.219697,OSO,0.9928,21.76078,86.457367,10,19,3,2014,2
2014-10-02 20:00:00,22.033911,43.224846,45.299992,3.68585,1.241487,OSO,0.665499,21.407234,89.030861,10,20,3,2014,2
2014-10-02 21:00:00,23.565855,40.785404,45.299992,3.662554,1.193308,NO,0.802643,21.137768,90.159744,10,21,3,2014,2
2014-10-02 22:00:00,20.459858,44.07922,45.299992,3.395797,1.157797,SO,0.693983,20.993553,89.176186,10,22,3,2014,2
2014-10-02 23:00:00,22.041055,40.378883,45.299992,3.756631,1.210352,N,0.316023,20.621616,89.539536,10,23,3,2014,2
2014-10-03 00:00:00,30.987014,28.902185,45.299992,3.677976,1.289471,N,0.362197,20.137047,91.353607,10,0,4,2014,3
2014-10-03 01:00:00,51.657629,7.273742,,3.689094,1.42703,OSO,0.485608,19.690575,92.825928,10,1,4,2014,3
2014-10-03 02:00:00,43.428947,7.978766,,3.815139,1.390236,N,0.3433,19.214277,93.908722,10,2,4,2014,3
2014-10-03 03:00:00,39.45889,7.47714,,3.742347,1.413115,OSO,0.455245,18.638847,94.819145,10,3,4,2014,3
2014-10-03 04:00:00,34.762959,7.09946,50.799992,3.915536,1.51613,OSO,0.668882,18.212994,95.666145,10,4,4,2014,3
2014-10-03 05:00:00,28.219844,9.200012,50.799992,3.895485,1.464072,N,0.227395,18.646887,96.169205,10,5,4,2014,3
2014-10-03 06:00:00,14.118259,42.208019,50.799992,3.624816,1.152823,NO,0.690534,19.338381,96.44664,10,6,4,2014,3
2014-10-03 07:00:00,10.735141,58.893196,50.799992,3.604623,1.122065,OSO,1.100501,19.4251,96.17762,10,7,4,2014,3
2014-10-03 08:00:00,8.064602,60.74472,50.799992,3.664209,1.109838,SE,0.718047,19.648783,95.056702,10,8,4,2014,3
2014-10-03 09:00:00,29.603763,49.814789,50.799992,3.735167,1.309323,SSE,1.018466,20.834713,90.877861,10,9,4,2014,3
2014-10-03 10:00:00,16.313285,66.293861,50.799992,3.735931,1.220486,SO,1.698351,22.340521,80.934601,10,10,4,2014,3
2014-10-03 11:00:00,12.273961,69.200356,50.799992,3.36757,1.200412,SSO,2.228713,22.655809,78.119553,10,11,4,2014,3
2014-10-03 12:00:00,13.044144,64.768082,50.799992,3.615428,1.203474,SO,2.38746,23.116123,75.801819,10,12,4,2014,3
2014-10-03 13:00:00,11.382277,67.196976,50.799992,3.562618,1.208094,OSO,2.54634,23.236706,75.721092,10,13,4,2014,3
2014-10-03 14:00:00,8.53091,70.658531,50.799992,3.695996,1.151584,OSO,3.174012,23.2561,75.822586,10,14,4,2014,3
2014-10-03 15:00:00,9.047559,71.137199,50.799992,3.737082,1.169222,OSO,3.064082,23.282892,75.81604,10,15,4,2014,3
2014-10-03 16:00:00,10.688409,70.997688,50.799992,3.547554,1.188916,OSO,2.727304,23.306564,76.445282,10,16,4,2014,3
2014-10-03 17:00:00,11.827354,68.221466,50.799992,3.777398,1.190535,OSO,2.492672,22.906277,79.117218,10,17,4,2014,3
2014-10-03 18:00:00,18.586669,59.511765,50.799992,3.456774,1.243066,OSO,2.33104,22.250059,82.667068,10,18,4,2014,3
2014-10-03 19:00:00,15.209903,63.936081,50.799992,3.69873,1.219624,OSO,2.310517,21.194942,88.005013,10,19,4,2014,3
2014-10-03 20:00:00,11.479415,71.62735,50.799992,3.735562,1.189436,OSO,1.862208,20.781336,89.010132,10,20,4,2014,3
2014-10-03 21:00:00,13.152703,65.607498,50.799992,3.772969,1.208602,SO,1.30177,20.351406,89.199013,10,21,4,2014,3
2014-10-03 22:00:00,11.72926,64.472206,50.799992,3.594117,1.172878,S,1.259534,20.130264,89.126534,10,22,4,2014,3
2014-10-03 23:00:00,10.839082,65.176155,50.799992,3.514174,1.170675,S,1.342571,20.10025,88.495041,10,23,4,2014,3
2014-10-04 00:00:00,9.205835,64.543716,50.799992,3.728845,1.139042,SE,1.051292,19.941116,88.045334,10,0,5,2014,4
2014-10-04 01:00:00,5.499026,66.691879,32.900002,3.612096,1.115345,SSE,1.160024,19.76726,88.029701,10,1,5,2014,4
2014-10-04 02:00:00,3.511627,68.983452,32.900002,3.604537,1.093346,SSE,1.229998,19.646582,88.541512,10,2,5,2014,4
2014-10-04 03:00:00,3.029239,68.080688,32.900002,3.53865,1.092418,S,0.83381,19.960312,88.654625,10,3,5,2014,4
2014-10-04 04:00:00,3.349107,66.159103,32.900002,3.651826,1.089786,SSO,0.807981,20.187077,88.346893,10,4,5,2014,4
2014-10-04 05:00:00,4.138265,66.374214,32.900002,3.644729,1.101182,SO,0.717635,20.131859,88.740234,10,5,5,2014,4
2014-10-04 06:00:00,13.626813,47.245285,32.900002,3.580564,1.130742,O,0.460846,19.897665,88.913055,10,6,5,2014,4
2014-10-04 07:00:00,43.240569,15.534662,32.900002,3.765237,1.308516,ESE,0.668189,19.584442,89.838104,10,7,5,2014,4
2014-10-04 08:00:00,30.243159,39.265938,32.900002,3.513504,1.293669,SE,0.910361,20.077934,89.407166,10,8,5,2014,4
2014-10-04 09:00:00,12.906183,60.055557,32.900002,3.61737,1.179029,SSO,1.550929,20.894011,86.191681,10,9,5,2014,4
2014-10-04 10:00:00,9.423665,65.521492,32.900002,3.482716,1.15381,SO,2.228926,21.855238,79.445381,10,10,5,2014,4
2014-10-04 11:00:00,8.717513,72.26696,32.900002,3.672588,1.125086,SO,2.640873,22.39296,74.952919,10,11,5,2014,4
2014-10-04 12:00:00,6.257378,77.412216,32.900002,3.594285,1.097604,OSO,2.74738,22.44186,74.429214,10,12,5,2014,4
2014-10-04 13:00:00,6.787955,76.485138,32.900002,3.493167,1.124085,SO,3.374563,22.908516,73.543716,10,13,5,2014,4
2014-10-04 14:00:00,6.11811,78.296249,32.900002,3.673106,1.112116,OSO,3.664421,22.741886,75.133041,10,14,5,2014,4
2014-10-04 15:00:00,3.855454,83.701004,32.900002,3.664105,1.091974,OSO,3.814676,22.550501,75.93454,10,15,5,2014,4
2014-10-04 16:00:00,3.90268,83.165771,32.900002,3.656052,1.092882,OSO,3.543372,22.483242,77.060295,10,16,5,2014,4
2014-10-04 17:00:00,4.107884,82.162827,32.900002,3.459383,1.080822,OSO,3.744787,21.931208,80.300423,10,17,5,2014,4
2014-10-04 18:00:00,4.647141,81.420227,32.900002,3.550721,1.083755,OSO,2.643741,21.552124,82.814072,10,18,5,2014,4
2014-10-04 19:00:00,8.119538,76.528549,32.900002,3.71911,1.103268,OSO,2.0339,20.891769,86.564774,10,19,5,2014,4
2014-10-04 20:00:00,9.51837,72.704666,32.900002,3.684045,1.111468,OSO,1.269114,20.577595,88.817047,10,20,5,2014,4
2014-10-04 21:00:00,11.516738,69.786514,32.900002,3.516855,1.122361,O,0.883894,20.487339,90.087234,10,21,5,2014,4
2014-10-04 22:00:00,13.293107,70.462364,32.900002,3.660877,1.14719,OSO,1.05885,20.37701,90.560944,10,22,5,2014,4
2014-10-04 23:00:00,10.920349,74.57753,32.900002,3.609808,1.123798,OSO,1.102565,20.376911,90.252739,10,23,5,2014,4
2014-10-05 00:00:00,9.524721,73.952263,32.900002,3.720383,1.126776,OSO,0.828543,20.261183,90.117241,10,0,6,2014,5
2014-10-05 01:00:00,8.78194,68.582138,,3.827579,1.113276,N,0.53489,20.165575,91.082855,10,1,6,2014,5
2014-10-05 02:00:00,6.273175,70.967072,,3.648723,1.100055,N,0.512411,19.937517,91.924835,10,2,6,2014,5
2014-10-05 03:00:00,3.486774,77.650261,,3.66187,1.092355,N,0.545961,19.77652,91.894958,10,3,6,2014,5
2014-10-05 04:00:00,3.828415,85.00473,24.6,3.558269,1.094996,OSO,1.413811,19.939524,92.578033,10,4,6,2014,5
2014-10-05 05:00:00,2.85888,76.41864,24.6,3.37468,1.087646,N,0.326845,19.351578,93.837296,10,5,6,2014,5
2014-10-05 06:00:00,7.097067,49.446442,24.6,3.712405,1.115985,ENE,1.031601,18.810059,94.425102,10,6,6,2014,5
2014-10-05 07:00:00,12.540076,37.283848,24.6,3.736,1.180387,E,0.823186,18.315182,94.40432,10,7,6,2014,5
2014-10-05 08:00:00,18.247176,38.138184,24.6,3.789088,1.250804,E,1.037418,18.67734,93.688171,10,8,6,2014,5
2014-10-05 09:00:00,17.399088,66.41954,24.6,3.49778,1.240089,S,1.400053,20.076305,89.757278,10,9,6,2014,5
2014-10-05 10:00:00,7.292248,79.831039,24.6,3.7082,1.143731,OSO,2.287693,20.901367,83.241013,10,10,6,2014,5
2014-10-05 11:00:00,6.284523,82.570793,24.6,3.549405,1.162176,OSO,2.412475,21.419847,78.499786,10,11,6,2014,5
2014-10-05 12:00:00,6.281024,81.977539,24.6,3.661077,1.198151,OSO,2.883654,21.887764,75.821838,10,12,6,2014,5
2014-10-05 13:00:00,5.487732,82.018669,24.6,3.63418,1.205594,OSO,3.793583,22.198442,74.306091,10,13,6,2014,5
2014-10-05 14:00:00,3.638428,84.5056,24.6,3.780918,1.150711,OSO,3.965916,22.218014,77.463669,10,14,6,2014,5
2014-10-05 15:00:00,2.075956,83.182755,24.6,3.812045,1.086755,OSO,2.939953,22.520479,74.726761,10,15,6,2014,5
2014-10-05 16:00:00,1.875765,85.124191,24.6,3.830144,1.078015,OSO,2.880238,22.444336,74.686935,10,16,6,2014,5
2014-10-05 17:00:00,3.437956,79.874992,24.6,3.86321,1.081294,OSO,4.226083,21.129177,80.273872,10,17,6,2014,5
2014-10-05 18:00:00,4.157331,68.82872,24.6,3.825878,1.061564,OSO,3.114707,20.632103,79.587738,10,18,6,2014,5
2014-10-05 19:00:00,4.668565,61.638912,24.6,3.592987,1.062175,OSO,2.750875,20.167408000000002,79.791336,10,19,6,2014,5
2014-10-05 20:00:00,6.067892,64.139389,24.6,3.757275,1.06069,OSO,2.243084,19.960857,78.473541,10,20,6,2014,5
2014-10-05 21:00:00,5.340155,65.608871,24.6,3.579714,1.063156,OSO,2.321935,19.873859,77.436668,10,21,6,2014,5
2014-10-05 22:00:00,5.097007,71.555084,24.6,3.642145,1.058325,OSO,2.651871,19.4405,77.343765,10,22,6,2014,5
2014-10-05 23:00:00,5.056515,78.166573,24.6,3.570599,1.061709,OSO,1.6624,19.154989,76.933723,10,23,6,2014,5
2014-10-06 00:00:00,5.090479,84.856323,24.6,3.721919,1.061135,OSO,1.50222,18.749653,77.1091,10,0,0,2014,6
2014-10-06 01:00:00,3.903356,85.398613,,3.715935,1.049248,OSO,1.007913,18.556192,75.014107,10,1,0,2014,6
2014-10-06 02:00:00,2.850736,79.537033,,3.683911,1.039796,OSO,0.760654,18.395195,74.862061,10,2,0,2014,6
2014-10-06 03:00:00,2.329484,83.893509,,3.688432,1.039428,OSO,1.916679,18.852291,73.583534,10,3,0,2014,6
2014-10-06 04:00:00,2.051842,85.190742,13.6,3.549367,1.035865,OSO,2.125901,18.773296,71.401772,10,4,0,2014,6
2014-10-06 05:00:00,1.91428,82.668541,13.6,3.625382,1.030646,OSO,1.610074,18.741888,69.374222,10,5,0,2014,6
2014-10-06 06:00:00,1.970474,84.106018,13.6,3.753644,1.029046,OSO,1.697964,18.733206,69.095879,10,6,0,2014,6
2014-10-06 07:00:00,3.578906,81.220856,13.6,3.694866,1.03972,OSO,1.690648,18.7486,68.209702,10,7,0,2014,6
2014-10-06 08:00:00,3.041721,81.928329,13.6,3.704294,1.038792,OSO,1.670394,18.932671,66.765999,10,8,0,2014,6
2014-10-06 09:00:00,2.83435,81.660385,13.6,3.570802,1.038534,OSO,1.620937,19.615002,63.817184,10,9,0,2014,6
2014-10-06 10:00:00,1.886897,82.935226,13.6,3.653935,1.03988,O,1.926983,20.284313,62.776382,10,10,0,2014,6
2014-10-06 11:00:00,2.649798,84.628098,13.6,3.767616,1.031927,OSO,2.849075,20.031063,60.552902,10,11,0,2014,6
2014-10-06 12:00:00,2.725902,87.047577,13.6,3.598252,1.033498,OSO,3.26022,20.510239,56.896778,10,12,0,2014,6
2014-10-06 13:00:00,2.557234,86.357147,13.6,3.644104,1.033195,OSO,3.840319,20.518276,54.568401,10,13,0,2014,6
2014-10-06 14:00:00,2.720921,84.213776,13.6,3.72104,1.047016,OSO,4.177355,20.393461,55.472527,10,14,0,2014,6
2014-10-06 15:00:00,2.036562,84.320129,13.6,3.740302,1.041422,OSO,3.478981,20.776213,54.259186,10,15,0,2014,6
2014-10-06 16:00:00,2.351745,83.120117,13.6,3.759363,1.037199,OSO,3.521188,20.566334,56.526283,10,16,0,2014,6
2014-10-06 17:00:00,2.403739,82.833275,13.6,3.780533,1.022679,OSO,3.152375,20.149366,58.570133,10,17,0,2014,6
2014-10-06 18:00:00,3.920204,79.404373,13.6,3.80742,1.050227,OSO,1.9614,19.686775,61.620193,10,18,0,2014,6
2014-10-06 19:00:00,6.405175,79.496544,13.6,3.584785,1.067495,OSO,1.733145,19.088621,64.205872,10,19,0,2014,6
2014-10-06 20:00:00,8.044985,78.977509,13.6,3.650392,1.074499,OSO,1.549907,18.839771,65.207901,10,20,0,2014,6
2014-10-06 21:00:00,9.082063,78.381752,13.6,3.640206,1.076298,OSO,1.536861,18.650961,66.849983,10,21,0,2014,6
2014-10-06 22:00:00,6.809194,78.986237,13.6,3.697734,1.080186,N,1.150284,18.467537,67.812531,10,22,0,2014,6
2014-10-06 23:00:00,6.680042,78.762276,13.6,3.685978,1.083146,N,0.728841,18.359921,69.26384,10,23,0,2014,6
2014-10-07 00:00:00,7.133902,80.8564,13.6,3.634012,1.087159,N,0.596618,18.134886,70.592552,10,0,1,2014,7
2014-10-07 01:00:00,9.208171,72.166588,,3.625468,1.081464,N,0.346514,17.802528,72.94854,10,1,1,2014,7
2014-10-07 02:00:00,10.710391,59.637028,,3.610072,1.099231,ESE,0.851777,16.726931,77.731964,10,2,1,2014,7
2014-10-07 03:00:00,8.779208,54.198025,,3.686952,1.121276,E,0.859864,15.909473,79.626198,10,3,1,2014,7
2014-10-07 04:00:00,4.07527,58.287926,14.7,3.667686,1.063597,ENE,1.121805,15.521025,80.518814,10,4,1,2014,7
2014-10-07 05:00:00,4.891718,60.12278,14.7,3.60238,1.072014,ENE,0.849897,15.035405,81.949394,10,5,1,2014,7
2014-10-07 06:00:00,15.395701,46.818932,14.7,3.643082,1.10752,E,1.165028,14.922462,81.782967,10,6,1,2014,7
2014-10-07 07:00:00,15.966947,47.106056,14.7,3.675808,1.11535,E,1.222394,14.509595,84.023087,10,7,1,2014,7
2014-10-07 08:00:00,28.205954,42.665344,14.7,3.476102,1.15538,NE,1.437638,16.070236,81.397049,10,8,1,2014,7
2014-10-07 09:00:00,15.841146,63.398743,14.7,3.583858,1.124977,E,2.444533,18.6824,70.95224,10,9,1,2014,7
2014-10-07 10:00:00,11.827566,63.406551,14.7,3.84672,1.093641,N,2.574557,20.594082,64.586685,10,10,1,2014,7
2014-10-07 11:00:00,13.534303,55.679199,14.7,10.782578,1.071636,NNO,2.352645,22.07943,60.010307,10,11,1,2014,7
2014-10-07 12:00:00,5.597975,56.908955,14.7,6.499282,1.067366,NNO,2.496932,22.368332,61.08625,10,12,1,2014,7
2014-10-07 13:00:00,4.897605,61.273323,14.7,4.531148,1.078574,ONO,2.370053,22.689213,59.895393,10,13,1,2014,7
2014-10-07 14:00:00,4.725833,63.967598,14.7,4.230375,1.071528,OSO,2.61321,22.067657,63.004032,10,14,1,2014,7
2014-10-07 15:00:00,3.720749,68.468788,14.7,4.137849,1.057629,OSO,2.707485,21.727308,65.93396,10,15,1,2014,7
2014-10-07 16:00:00,3.960012,68.759064,14.7,4.009667,1.056794,OSO,2.832837,21.346626,69.563049,10,16,1,2014,7
2014-10-07 17:00:00,4.103761,69.627151,14.7,4.018219,1.068884,OSO,3.281844,20.642548,73.9245,10,17,1,2014,7
2014-10-07 18:00:00,5.305531,68.952271,14.7,3.896606,1.068286,OSO,2.438101,19.92728,78.739044,10,18,1,2014,7
2014-10-07 19:00:00,7.644737,64.962151,14.7,3.93813,1.088498,OSO,1.809067,19.445486,81.462082,10,19,1,2014,7
2014-10-07 20:00:00,8.518186,62.131191,14.7,3.777898,1.087346,OSO,1.339794,19.374464,81.93718,10,20,1,2014,7
2014-10-07 21:00:00,8.031424,58.660263,14.7,3.763111,1.088486,NO,0.951131,19.354017,80.808029,10,21,1,2014,7
2014-10-07 22:00:00,12.770804,50.171909,14.7,3.503796,1.117072,N,0.600347,19.258343,80.819794,10,22,1,2014,7
2014-10-07 23:00:00,9.854179,51.282585,14.7,3.517485,1.100538,NNO,1.002349,19.04171,82.15197,10,23,1,2014,7
2014-10-08 00:00:00,10.74223,43.479523,14.7,3.799776,1.128565,O,0.587566,18.433784,83.93219,10,0,2,2014,8
2014-10-08 01:00:00,14.451215,32.717751,12.6,3.803028,1.177255,N,0.353398,17.64513,87.152077,10,1,2,2014,8
2014-10-08 02:00:00,15.103449,30.087227,12.6,3.911628,1.225963,ESE,0.483344,17.160009,89.35788,10,2,2,2014,8
2014-10-08 03:00:00,14.636074,25.9981,12.6,3.866029,1.193188,N,0.242133,16.64102,91.516205,10,3,2,2014,8
2014-10-08 04:00:00,10.226768,32.611015,12.6,3.957885,1.107099,E,0.623476,16.62586,92.868233,10,4,2,2014,8
2014-10-08 05:00:00,10.374004,28.533075,12.6,3.977838,1.089495,ESE,0.664151,16.590994,92.441612,10,5,2,2014,8
2014-10-08 06:00:00,23.514936,16.666727,12.6,3.966856,1.140338,E,0.871593,16.499691,91.193695,10,6,2,2014,8
2014-10-08 07:00:00,35.455802,10.578504,12.6,3.943184,1.311898,ESE,0.886784,16.445011,89.761765,10,7,2,2014,8
2014-10-08 08:00:00,43.514788,12.145006,12.6,4.099764,1.403552,E,0.964746,16.792557,87.88118,10,8,2,2014,8
2014-10-08 09:00:00,26.669993,30.067024,12.6,3.90978,1.155442,NE,0.844493,18.165138,82.401871,10,9,2,2014,8
2014-10-08 10:00:00,21.310911,49.380928,12.6,3.912314,1.174597,SO,1.424612,20.801479,68.884583,10,10,2,2014,8
2014-10-08 11:00:00,15.754203,53.525581,12.6,7.580021,1.098261,O,1.518713,21.686195,64.328583,10,11,2,2014,8
2014-10-08 12:00:00,8.965857,62.676353,12.6,5.958017,1.07549,OSO,2.669097,21.383865,65.362022,10,12,2,2014,8
2014-10-08 13:00:00,9.079166,67.635803,12.6,5.094889,1.081961,OSO,3.038092,21.197426,66.460777,10,13,2,2014,8
2014-10-08 14:00:00,8.260943,69.77047,12.6,4.742179,1.100589,OSO,3.479736,21.123556,67.766418,10,14,2,2014,8
2014-10-08 15:00:00,7.742168,74.182938,12.6,4.320629,1.091516,OSO,3.577776,20.906315,70.19973,10,15,2,2014,8
2014-10-08 16:00:00,5.623762,66.828003,12.6,4.20752,1.085203,OSO,3.346407,20.880848,71.697899,10,16,2,2014,8
2014-10-08 17:00:00,5.10232,61.850601,12.6,4.205076,1.049851,OSO,3.247631,20.554905,71.457901,10,17,2,2014,8
2014-10-08 18:00:00,5.127811,62.634285,12.6,4.030998,1.045813,OSO,2.542981,20.373415,72.821106,10,18,2,2014,8
2014-10-08 19:00:00,9.43082,51.470566,12.6,3.932186,1.070512,OSO,1.371327,19.71689,76.975334,10,19,2,2014,8
2014-10-08 20:00:00,19.290733,37.11451,12.6,4.043579,1.110706,N,0.590715,19.368805,79.313385,10,20,2,2014,8
2014-10-08 21:00:00,23.120924,33.068954,12.6,3.905636,1.138045,N,0.881071,19.378469,81.147018,10,21,2,2014,8
2014-10-08 22:00:00,19.937707,28.901501,12.6,3.933631,1.142527,N,0.0,18.808498,84.736526,10,22,2,2014,8
2014-10-08 23:00:00,16.637213,34.062958,12.6,3.790236,1.214186,N,0.644852,18.897192,85.898857,10,23,2,2014,8
2014-10-09 00:00:00,11.189822,37.660488,12.6,3.832345,1.198817,N,0.414673,18.96604,84.043198,10,0,3,2014,9
2014-10-09 01:00:00,23.267851,18.726007,,3.920794,1.287885,N,0.227957,17.78825,88.034149,10,1,3,2014,9
2014-10-09 02:00:00,29.794729,7.2733,,3.904114,1.413012,E,1.070039,17.070574,88.774818,10,2,3,2014,9
2014-10-09 03:00:00,27.287686,8.736136,,4.00763,1.309447,ESE,1.00797,17.15062,88.854729,10,3,3,2014,9
2014-10-09 04:00:00,20.845476,13.061156,,4.324679,1.20758,E,1.388635,16.632273,88.272659,10,4,3,2014,9
2014-10-09 05:00:00,28.85425,8.685054,,4.457757,1.199513,E,1.303672,16.337128,88.756142,10,5,3,2014,9
2014-10-09 06:00:00,27.218079,11.714376,,5.455691,1.169746,E,1.624132,16.259151,89.698471,10,6,3,2014,9
2014-10-09 07:00:00,34.011164,9.455256,,4.790674,1.300486,ESE,1.459129,16.638983,88.859337,10,7,3,2014,9
2014-10-09 08:00:00,35.834241,13.56775,,4.97464,1.376034,ESE,1.576654,17.286049,86.611847,10,8,3,2014,9
2014-10-09 09:00:00,23.143239,27.383549,,4.676025,1.234096,ESE,1.501382,19.372301,79.065453,10,9,3,2014,9
2014-10-09 10:00:00,12.631806,38.938957,,5.108105,1.109598,SE,1.351473,21.325794,68.065048,10,10,3,2014,9
2014-10-09 11:00:00,11.284008,45.47411,,5.34173,1.120816,SSO,1.842308,22.636681,61.987041,10,11,3,2014,9
2014-10-09 12:00:00,18.372921,39.288273,,4.875017,1.151128,OSO,3.017934,22.249523,64.642715,10,12,3,2014,9
2014-10-09 13:00:00,7.938082,47.257484,,4.519002,1.097667,SO,3.663884,22.095875,65.712959,10,13,3,2014,9
2014-10-09 14:00:00,7.029039,47.527973,,4.320015,1.104806,SO,3.645436,22.192307,67.926262,10,14,3,2014,9
2014-10-09 15:00:00,6.769699,47.391525,,4.204868,1.105666,SO,3.569772,22.065649,68.827255,10,15,3,2014,9
2014-10-09 16:00:00,7.968655,43.737835,,4.161217,1.116778,SO,3.392606,22.00573,69.227341,10,16,3,2014,9
2014-10-09 17:00:00,9.850535,44.620476,,4.020684,1.107909,SO,3.281384,21.503082,70.129181,10,17,3,2014,9
2014-10-09 18:00:00,12.496043,42.841522,,3.959738,1.124947,OSO,2.928342,20.660048,75.605545,10,18,3,2014,9
2014-10-09 19:00:00,14.405768,40.58123,,3.800243,1.187405,SO,1.966464,19.970219,80.707695,10,19,3,2014,9
2014-10-09 20:00:00,13.996586,39.924625,,3.828604,1.155579,S,1.235209,19.707054,83.142044,10,20,3,2014,9
2014-10-09 21:00:00,12.991844,39.25518,,3.733966,1.159889,SSE,1.092992,19.580519,83.540634,10,21,3,2014,9
2014-10-09 22:00:00,12.60374,37.005856,,3.707039,1.161717,S,0.734875,19.427414,83.860527,10,22,3,2014,9
2014-10-09 23:00:00,22.606025,20.647839,,3.804676,1.252162,E,1.166803,18.505516,86.738365,10,23,3,2014,9
2014-10-10 00:00:00,18.902281,22.76907,,3.804603,1.216486,ESE,0.850963,18.319965,88.784119,10,0,4,2014,10
2014-10-10 01:00:00,20.663095,14.326972,,3.775786,1.211723,E,0.904781,17.393425,89.558334,10,1,4,2014,10
2014-10-10 02:00:00,16.203742,15.640198,,3.851424,1.172925,E,1.303876,17.151365,91.362503,10,2,4,2014,10
2014-10-10 03:00:00,11.588776,18.011118,,4.135478,1.102959,E,1.529319,16.922255,91.915237,10,3,4,2014,10
2014-10-10 04:00:00,6.487267,24.340479,,4.187505,1.07543,E,1.215148,17.145294,91.763016,10,4,4,2014,10
2014-10-10 05:00:00,8.769322,20.525148,,3.993848,1.064042,ESE,1.506879,16.931892,91.305283,10,5,4,2014,10
2014-10-10 06:00:00,8.417715,22.183224,,4.122769,1.067077,ESE,1.754252,16.640953,90.658905,10,6,4,2014,10
2014-10-10 07:00:00,19.931528,14.225792,,4.122229,1.188671,ESE,1.85045,16.512276,90.866936,10,7,4,2014,10
2014-10-10 08:00:00,23.10586,15.966424,,3.937324,1.231976,ESE,2.159394,17.097267,90.447182,10,8,4,2014,10
2014-10-10 09:00:00,15.254776,23.14397,,3.913414,1.173397,ESE,2.59805,18.35836,85.879105,10,9,4,2014,10
2014-10-10 10:00:00,15.471527,27.824551,,4.223556,1.112527,ESE,2.975776,20.996941,69.39299,10,10,4,2014,10
2014-10-10 11:00:00,13.209462,33.665588,,5.433175,1.078348,ESE,2.524773,23.144516,54.449295,10,11,4,2014,10
2014-10-10 12:00:00,10.844306,41.778786,,5.217105,1.090828,S,3.066921,23.573835,54.255386,10,12,4,2014,10
2014-10-10 13:00:00,7.54474,46.591347,,4.346154,1.087683,OSO,4.276944,22.194714,65.315117,10,13,4,2014,10
2014-10-10 14:00:00,8.044656,45.182171,,4.094258,1.091852,SO,4.154818,22.413475,65.457596,10,14,4,2014,10
2014-10-10 15:00:00,8.372572,44.267094,,4.0617,1.122425,SO,3.582571,22.804193,63.506775,10,15,4,2014,10
2014-10-10 16:00:00,6.455663,42.129971,,4.062013,1.104277,SSO,2.976224,22.432358,66.316139,10,16,4,2014,10
2014-10-10 17:00:00,7.155408,38.171654,,4.042265,1.104699,SSO,2.724341,22.294693,66.716103,10,17,4,2014,10
2014-10-10 18:00:00,8.490647,35.628136,,3.906077,1.103748,SSO,2.747335,21.117279,74.263321,10,18,4,2014,10
2014-10-10 19:00:00,13.301085,29.648155,,3.954844,1.168456,S,1.973786,20.297607,82.742973,10,19,4,2014,10
2014-10-10 20:00:00,18.140085,25.992958,,3.905049,1.222174,S,1.260121,19.962141,85.867584,10,20,4,2014,10
2014-10-10 21:00:00,18.818001,24.966265,,3.92631,1.224467,S,1.220608,19.776318,86.915298,10,21,4,2014,10
2014-10-10 22:00:00,16.965325,22.617105,,3.875358,1.238414,SSE,0.781224,19.244808,88.162117,10,22,4,2014,10
2014-10-10 23:00:00,12.95791,18.890978,,3.791771,1.183905,SO,0.615987,18.070539,91.388916,10,23,4,2014,10
2014-10-11 00:00:00,33.269362,7.715828,,3.868179,1.275694,N,0.102492,18.202919,94.074677,10,0,5,2014,11
2014-10-11 01:00:00,30.677568,7.282114,,3.936146,1.3858,OSO,0.526091,18.066339,94.698509,10,1,5,2014,11
2014-10-11 02:00:00,26.805512,8.940312,,4.089172,1.281658,N,0.124557,18.229774,93.74501,10,2,5,2014,11
2014-10-11 03:00:00,25.2345,9.424506,,3.951424,1.211855,N,0.10613,18.063484,93.773026,10,3,5,2014,11
2014-10-11 04:00:00,23.47291,7.319834,,3.849219,1.267098,OSO,0.456273,17.558092,94.786934,10,4,5,2014,11
2014-10-11 05:00:00,20.2763,7.154058,,4.232951,1.341723,O,0.58084,17.288725,94.670288,10,5,5,2014,11
2014-10-11 06:00:00,20.294245,7.268714,,4.443711,1.378045,E,0.743769,17.142483,93.41256,10,6,5,2014,11
2014-10-11 07:00:00,23.486233,6.965868,,4.569104,1.460977,E,0.984176,17.101507,92.924835,10,7,5,2014,11
2014-10-11 08:00:00,30.286216,8.287898,,4.881267,1.513321,E,1.20349,17.643862,93.211639,10,8,5,2014,11
2014-10-11 09:00:00,28.393362,14.953396,,5.107216,1.324484,ESE,1.120819,19.058325,89.441322,10,9,5,2014,11
2014-10-11 10:00:00,22.506143,25.916821,,5.89854,1.25752,S,1.379293,20.622231,75.904968,10,10,5,2014,11
2014-10-11 11:00:00,18.543001,32.342072,,6.358448,1.226663,SSO,2.746985,21.375038,74.52224,10,11,5,2014,11
2014-10-11 12:00:00,8.849326,37.969143,,6.621328,1.154569,SSO,3.981565,21.069454,76.85099,10,12,5,2014,11
2014-10-11 13:00:00,7.006441,43.202442,,5.636888,1.125712,SSO,4.278297,21.549171,73.929001,10,13,5,2014,11
2014-10-11 14:00:00,19.216258,30.960888,,7.3337,1.107222,SSO,4.08419,21.731236,71.594254,10,14,5,2014,11
2014-10-11 15:00:00,4.943903,45.028629,,6.601337,1.068921,S,4.612532,22.346693,66.385689,10,15,5,2014,11
2014-10-11 16:00:00,5.056047,43.58831,,4.923224,1.072687,S,5.010382,22.53459,65.864563,10,16,5,2014,11
2014-10-11 17:00:00,8.09003,37.160103,,4.602386,1.114115,S,4.357111,22.810371,65.012108,10,17,5,2014,11
2014-10-11 18:00:00,13.354539,29.919621,,4.603862,1.09296,SSE,5.648739,22.230289,65.166763,10,18,5,2014,11
2014-10-11 19:00:00,10.133904,37.854259,,4.990561,1.101469,SE,5.422672,21.00844,70.00824,10,19,5,2014,11
2014-10-11 20:00:00,11.969177,38.247665,,4.123049,1.128117,SE,3.954291,20.338213,73.227165,10,20,5,2014,11
2014-10-11 21:00:00,9.830468,38.300705,,4.162317,1.109096,SE,4.191641,19.981174,78.410866,10,21,5,2014,11
2014-10-11 22:00:00,9.364193,43.339127,,4.096127,1.121566,SE,3.420374,19.489544,80.18026,10,22,5,2014,11
2014-10-11 23:00:00,8.938465,47.403122,,4.067628,1.108219,SE,2.850805,19.495754,78.217842,10,23,5,2014,11
2014-10-12 00:00:00,8.204414,44.740833,,4.14635,1.095277,SE,2.83884,18.992468,79.956787,10,0,6,2014,12
2014-10-12 01:00:00,8.137492,39.047768,,4.158325,1.073289,ESE,2.998627,18.539814,83.546524,10,1,6,2014,12
2014-10-12 02:00:00,4.503163,36.887024,,4.195299,1.060916,ESE,3.259809,17.956549,86.831253,10,2,6,2014,12
2014-10-12 03:00:00,3.93442,37.384491,,4.113528,1.037686,ESE,3.339106,17.545269,88.100357,10,3,6,2014,12
2014-10-12 04:00:00,5.28616,36.460815,,4.160944,1.046827,ESE,3.24834,17.38488,88.622398,10,4,6,2014,12
2014-10-12 05:00:00,3.130784,41.75975,,4.056264,1.037158,ESE,3.839516,17.227779,88.60334,10,5,6,2014,12
2014-10-12 06:00:00,2.298057,63.889008,,3.985141,1.049414,SE,2.895679,15.939958,89.159637,10,6,6,2014,12
2014-10-12 07:00:00,5.85351,56.196209,,3.949445,1.068203,ESE,2.653152,16.148512,90.066437,10,7,6,2014,12
2014-10-12 08:00:00,7.776901,52.740623,,3.965377,1.079741,ESE,3.045919,16.609787,88.172592,10,8,6,2014,12
2014-10-12 09:00:00,10.816297,49.205109,,3.949902,1.103097,ESE,2.853009,16.7038,88.413414,10,9,6,2014,12
2014-10-12 10:00:00,8.3846,52.637844,,3.911045,1.091794,ESE,3.913883,17.562565,87.313927,10,10,6,2014,12
2014-10-12 11:00:00,7.321884,62.39534,,3.654095,1.085709,ESE,4.312992,18.355339,81.223541,10,11,6,2014,12
2014-10-12 12:00:00,7.451447,69.585106,,3.674649,1.10432,SSE,3.637484,19.654922,72.250366,10,12,6,2014,12
2014-10-12 13:00:00,7.443734,72.864403,,3.997214,1.118622,SSO,4.24469,19.400858,69.345642,10,13,6,2014,12
2014-10-12 14:00:00,5.127089,74.638603,,3.846445,1.099433,SSO,4.260987,20.023499,65.628403,10,14,6,2014,12
2014-10-12 15:00:00,5.065902,74.733963,,3.870822,1.092404,SSO,4.582755,20.36755,62.450508,10,15,6,2014,12
2014-10-12 16:00:00,5.157401,72.028793,,3.858043,1.096263,SSO,4.319248,20.493656,57.699421,10,16,6,2014,12
2014-10-12 17:00:00,6.909276,68.975693,,3.743831,1.104392,SSO,3.518518,20.35873,57.195553,10,17,6,2014,12
2014-10-12 18:00:00,9.923711,66.795662,,3.78952,1.092472,SSO,3.348003,19.823462,57.257866,10,18,6,2014,12
2014-10-12 19:00:00,17.51421,58.614807,,3.85847,1.176704,SSO,2.48857,19.149809,60.891357,10,19,6,2014,12
2014-10-12 20:00:00,27.720089,48.847,,3.889419,1.238136,SSO,1.551604,18.857073,58.585464,10,20,6,2014,12
2014-10-12 21:00:00,32.510874,43.255455,,3.822703,1.268509,SSO,0.917738,18.621384,62.017632,10,21,6,2014,12
2014-10-12 22:00:00,47.117007,22.538807,,3.90397,1.434516,SE,1.232774,17.426291,69.033501,10,22,6,2014,12
2014-10-12 23:00:00,46.141198,9.878434,,4.054718,1.424628,E,1.523501,16.090481,74.957695,10,23,6,2014,12
2014-10-13 00:00:00,33.336521,17.370148,,4.276798,1.287883,ESE,1.36168,15.914965,77.314545,10,0,0,2014,13
2014-10-13 01:00:00,29.019961,13.038108,,4.212491,1.196214,E,1.499625,14.7637,81.912659,10,1,0,2014,13
2014-10-13 02:00:00,25.890819,15.231166,,4.117565,1.132387,E,1.866144,14.204037,83.557983,10,2,0,2014,13
2014-10-13 03:00:00,26.68141,15.064294,,4.063588,1.080468,ESE,1.620153,13.997115,83.90493,10,3,0,2014,13
2014-10-13 04:00:00,18.97034,20.424788,,4.183057,1.081913,ESE,1.675796,13.881761,83.887459,10,4,0,2014,13
2014-10-13 05:00:00,20.371292,19.784113,,3.827592,1.075417,ESE,1.640162,13.600628,84.161674,10,5,0,2014,13
2014-10-13 06:00:00,30.817285,9.184804,,4.252867,1.124041,ESE,1.827117,13.165205,85.198715,10,6,0,2014,13
2014-10-13 07:00:00,37.267542,8.344182,,4.945601,1.316722,ESE,1.865439,13.188437,85.188766,10,7,0,2014,13
2014-10-13 08:00:00,46.832756,9.950404,,5.223607,1.492114,ESE,1.704346,14.034624,82.60141,10,8,0,2014,13
2014-10-13 09:00:00,39.148172,19.581602,,7.967475,1.293771,E,2.285899,15.982156,75.386475,10,9,0,2014,13
2014-10-13 10:00:00,23.21445,40.080368,,8.775431,1.154713,E,2.638261,18.174831,67.354088,10,10,0,2014,13
2014-10-13 11:00:00,14.087579,59.88842,,5.841875,1.085058,SE,1.84654,19.865891,56.248226,10,11,0,2014,13
2014-10-13 12:00:00,13.163534,67.492203,,4.77761,1.115906,SSO,2.288442,20.273533,54.064133,10,12,0,2014,13
2014-10-13 13:00:00,9.685974,72.851822,,4.374913,1.090051,SO,2.941556,20.498367,52.170288,10,13,0,2014,13
2014-10-13 14:00:00,11.165029,70.479477,,3.734048,1.088164,SO,3.809526,20.524855,49.552872,10,14,0,2014,13
2014-10-13 15:00:00,8.766758,72.610535,,4.302564,1.092288,SSO,3.659061,20.151537,52.142006,10,15,0,2014,13
2014-10-13 16:00:00,10.997146,72.257385,,4.301586,1.110793,SO,3.299759,19.586681,59.5546,10,16,0,2014,13
2014-10-13 17:00:00,12.272611,70.205437,,4.230818,1.110069,SSO,3.258597,19.197254,64.335876,10,17,0,2014,13
2014-10-13 18:00:00,18.082216,65.466736,,4.176593,1.15481,S,2.455685,18.932602,65.387589,10,18,0,2014,13
2014-10-13 19:00:00,29.894504,56.218868,,4.210248,1.254504,SSE,2.067503,18.827021,60.699402,10,19,0,2014,13
2014-10-13 20:00:00,26.937432,51.965569,,4.155908,1.217796,SE,2.044946,18.37291,62.882355,10,20,0,2014,13
2014-10-13 21:00:00,18.68693,53.843353,,4.056053,1.18015,SE,2.780699,17.713503,65.138779,10,21,0,2014,13
2014-10-13 22:00:00,17.961937,51.243866,,4.026088,1.161844,SE,2.763284,17.59795,66.589607,10,22,0,2014,13
2014-10-13 23:00:00,15.2646,49.261517,,4.023947,1.132978,ESE,2.783986,17.287571,69.037575,10,23,0,2014,13
2014-10-14 00:00:00,10.348699,50.326721,,4.351996,1.080598,ESE,3.084334,16.914865,70.826477,10,0,1,2014,14
2014-10-14 01:00:00,6.416196,51.459763,,4.36592,1.048225,ESE,3.1407,16.836788,71.26664,10,1,1,2014,14
2014-10-14 02:00:00,4.664491,51.281723,,4.576837,1.038833,ESE,3.672945,16.736902,72.954712,10,2,1,2014,14
2014-10-14 03:00:00,3.276179,55.864426,,4.502317,1.029211,ESE,4.794463,16.951969,73.317688,10,3,1,2014,14
2014-10-14 04:00:00,2.54411,58.090382,27.200001,4.283607,1.036358,SE,4.992871,16.80382,76.35955,10,4,1,2014,14
2014-10-14 05:00:00,2.797989,57.741184,27.200001,3.995246,1.039624,SSE,4.118731,16.482525,80.319595,10,5,1,2014,14
2014-10-14 06:00:00,5.557668,52.449448,27.200001,4.076607,1.055646,SE,2.967671,15.454683,90.652992,10,6,1,2014,14
2014-10-14 07:00:00,13.958623,45.231926,27.200001,3.994673,1.114653,ESE,4.560136,15.236702,93.940674,10,7,1,2014,14
2014-10-14 08:00:00,19.854715,40.724266,27.200001,4.04033,1.16028,ESE,4.497713,15.207701,95.086761,10,8,1,2014,14
2014-10-14 09:00:00,22.461939,38.29121,27.200001,3.95698,1.182893,ESE,4.01846,15.535778,95.075974,10,9,1,2014,14
2014-10-14 10:00:00,19.907446,40.768166,27.200001,3.967027,1.161788,ESE,3.966315,16.155905,93.394691,10,10,1,2014,14
2014-10-14 11:00:00,18.806644,42.002354,27.200001,3.928998,1.162361,ESE,4.008881,17.114288,90.016373,10,11,1,2014,14
2014-10-14 12:00:00,20.539084,49.007175,27.200001,3.909486,1.169186,ESE,3.319364,18.803415,83.902176,10,12,1,2014,14
2014-10-14 13:00:00,15.085149,61.740913,27.200001,3.920246,1.147247,SSE,2.716925,20.137596,73.51091,10,13,1,2014,14
2014-10-14 14:00:00,10.540253,70.164932,27.200001,4.032709,1.111058,S,2.604619,20.613785,64.939392,10,14,1,2014,14
2014-10-14 15:00:00,8.721596,72.532402,27.200001,4.064626,1.090621,S,2.868433,20.97344,62.755859,10,15,1,2014,14
2014-10-14 16:00:00,7.151132,72.585938,27.200001,4.077552,1.07083,SSO,2.982552,21.020756,59.198132,10,16,1,2014,14
2014-10-14 17:00:00,10.043599,71.589233,27.200001,4.013939,1.093502,S,3.049123,20.827599,61.108089,10,17,1,2014,14
2014-10-14 18:00:00,16.174551,63.040871,27.200001,3.967321,1.127265,S,2.30319,20.366772,65.151161,10,18,1,2014,14
2014-10-14 19:00:00,26.442741,50.031136,27.200001,3.97921,1.245477,SSO,1.541511,19.712656,71.498093,10,19,1,2014,14
2014-10-14 20:00:00,41.431044,33.71558,27.200001,3.974738,1.343068,S,0.835336,19.478559,72.954987,10,20,1,2014,14
2014-10-14 21:00:00,60.98082,10.505236,27.200001,3.915307,1.605121,E,1.046338,18.388239,78.851547,10,21,1,2014,14
2014-10-14 22:00:00,55.97577,8.088198,27.200001,4.073448,1.540075,E,1.016702,17.593092,84.844994,10,22,1,2014,14
2014-10-14 23:00:00,44.838543,7.83656,27.200001,4.204674,1.429657,E,1.012545,16.874331,87.69397,10,23,1,2014,14
2014-10-15 00:00:00,41.280966,7.436872,27.200001,4.383628,1.51448,ESE,0.868282,16.555275,89.326843,10,0,2,2014,15
2014-10-15 01:00:00,33.082842,7.213764,36.0,4.705584,1.280672,E,1.481929,15.939558,90.671074,10,1,2,2014,15
2014-10-15 02:00:00,33.114125,7.927196,36.0,5.961187,1.164459,ESE,1.558419,15.586417,91.141289,10,2,2,2014,15
2014-10-15 03:00:00,29.838817,9.864414,36.0,6.09817,1.111575,ESE,1.506599,15.214214,91.082176,10,3,2,2014,15
2014-10-15 04:00:00,25.030634,11.65104,36.0,6.292985,1.104572,E,1.330107,14.892043,90.928741,10,4,2,2014,15
2014-10-15 05:00:00,26.006842,9.425098,36.0,6.724008,1.119535,E,1.356659,14.629558,91.489479,10,5,2,2014,15
2014-10-15 06:00:00,27.914658,7.382154,36.0,6.411106,1.129076,E,1.729476,14.154013,92.022789,10,6,2,2014,15
2014-10-15 07:00:00,30.869213,7.44017,36.0,7.582312,1.324819,E,1.72715,13.907405,92.046982,10,7,2,2014,15
2014-10-15 08:00:00,35.806379,9.22978,36.0,6.229479,1.418219,E,1.837426,14.5428,90.257759,10,8,2,2014,15
2014-10-15 09:00:00,43.071452,15.852978,36.0,7.58602,1.412742,E,1.461632,17.165476,82.327599,10,9,2,2014,15
2014-10-15 10:00:00,32.358595,35.176346,36.0,10.167569,1.229965,E,1.334897,19.568068,72.516106,10,10,2,2014,15
2014-10-15 11:00:00,24.976859,50.15657,36.0,9.819053,1.218455,SSE,1.372809,20.900276,64.485382,10,11,2,2014,15
2014-10-15 12:00:00,24.8561,56.442101,36.0,9.051936,1.123532,SSE,1.674617,22.071112,57.950172,10,12,2,2014,15
2014-10-15 13:00:00,17.522842,69.377975,36.0,5.642354,1.156794,OSO,2.700299,21.392138,65.483414,10,13,2,2014,15
2014-10-15 14:00:00,10.828046,77.698517,36.0,4.696293,1.112087,OSO,2.861244,21.208715,66.30722,10,14,2,2014,15
2014-10-15 15:00:00,9.592612,84.135437,36.0,4.483635,1.110446,OSO,2.517984,21.48632,64.626305,10,15,2,2014,15
2014-10-15 16:00:00,9.363238,72.791023,36.0,4.231315,1.091831,OSO,2.820272,21.267292,63.97768,10,16,2,2014,15
2014-10-15 17:00:00,7.080997,67.422722,36.0,4.035526,1.066852,OSO,2.905733,20.916862,64.865555,10,17,2,2014,15
2014-10-15 18:00:00,6.629398,65.53405,36.0,3.999764,1.066874,OSO,2.592353,20.237213,73.212517,10,18,2,2014,15
2014-10-15 19:00:00,14.96302,56.753201,36.0,3.856356,1.129787,OSO,1.19675,19.362869,80.685448,10,19,2,2014,15
2014-10-15 20:00:00,16.884915,53.389217,36.0,3.9273,1.133146,O,1.002705,18.974754,82.918259,10,20,2,2014,15
2014-10-15 21:00:00,17.699221,49.255325,36.0,3.964224,1.125027,N,0.726775,18.71977,84.185753,10,21,2,2014,15
2014-10-15 22:00:00,17.504742,45.898052,36.0,3.841879,1.152118,OSO,0.723974,18.72262,87.208084,10,22,2,2014,15
2014-10-15 23:00:00,14.141378,45.286743,36.0,3.707987,1.116995,ONO,0.91923,18.731785,89.248093,10,23,2,2014,15
2014-10-16 00:00:00,15.360141,37.081387,36.0,3.790183,1.131065,N,0.766009,18.078856,90.291649,10,0,3,2014,16
2014-10-16 01:00:00,23.541308,24.952114,,3.967273,1.208461,N,0.24556,17.262783,91.909607,10,1,3,2014,16
2014-10-16 02:00:00,34.333569,15.49287,,4.090002,1.308887,OSO,0.623515,17.058674,93.16246,10,2,3,2014,16
2014-10-16 03:00:00,33.426078,11.000702,,4.931533,1.273141,O,0.644536,16.43528,94.452545,10,3,3,2014,16
2014-10-16 04:00:00,28.901872,12.351122,41.700001,4.686558,1.208373,E,0.781223,16.048363,95.761864,10,4,3,2014,16
2014-10-16 05:00:00,25.805146,16.615807,41.700001,3.683633,1.183483,E,1.160156,15.376878,96.689697,10,5,3,2014,16
2014-10-16 06:00:00,29.903375,12.941302,41.700001,4.155374,1.191919,E,0.807891,14.88451,96.110191,10,6,3,2014,16
2014-10-16 07:00:00,46.299885,7.68545,41.700001,4.587266,1.64079,O,0.633665,14.857853,93.889252,10,7,3,2014,16
2014-10-16 08:00:00,59.268655,8.79302,41.700001,5.674204,2.095662,E,0.705291,15.51034,91.057747,10,8,3,2014,16
2014-10-16 09:00:00,53.433437,15.017524,41.700001,7.922026,1.505607,NNO,0.660468,18.169546,78.877281,10,9,3,2014,16
2014-10-16 10:00:00,30.856681,36.556175,41.700001,10.392377,1.220018,OSO,1.641468,19.933926,69.058937,10,10,3,2014,16
2014-10-16 11:00:00,25.867942,53.285103,41.700001,14.885449,1.1725,O,1.596895,21.149633,63.260509,10,11,3,2014,16
2014-10-16 12:00:00,23.247794,67.814651,41.700001,11.141067,1.174874,OSO,1.58891,21.980488,60.202236,10,12,3,2014,16
2014-10-16 13:00:00,14.873177,76.903275,41.700001,7.8139710000000004,1.129135,OSO,2.619773,21.510202,69.499008,10,13,3,2014,16
2014-10-16 14:00:00,11.142691,79.813644,41.700001,8.450454,1.091902,OSO,2.563127,21.556805,71.257889,10,14,3,2014,16
2014-10-16 15:00:00,6.381373,70.291489,41.700001,6.332127,1.080221,OSO,3.056596,21.720623,72.730095,10,15,3,2014,16
2014-10-16 16:00:00,5.435762,57.46587,41.700001,4.554128,1.06847,OSO,3.071145,21.471539,74.813454,10,16,3,2014,16
2014-10-16 17:00:00,5.371697,50.734268,41.700001,4.208604,1.066004,OSO,1.968995,21.497789,76.450241,10,17,3,2014,16
2014-10-16 18:00:00,5.080268,48.915642,41.700001,4.100354,1.048751,O,1.810458,20.548363,81.73822,10,18,3,2014,16
2014-10-16 19:00:00,9.012562,43.761196,41.700001,4.023119,1.089319,ONO,1.378956,19.9286,84.441788,10,19,3,2014,16
2014-10-16 20:00:00,10.083039,41.935509,41.700001,3.805292,1.087227,NNO,1.241476,19.890478,84.878059,10,20,3,2014,16
2014-10-16 21:00:00,10.166909,42.522461,41.700001,3.907022,1.082877,NNO,1.172994,19.834953,84.483109,10,21,3,2014,16
2014-10-16 22:00:00,12.281598,40.21656,41.700001,3.935348,1.066603,N,1.72352,19.621586,85.325836,10,22,3,2014,16
2014-10-16 23:00:00,24.147664,30.126535,41.700001,4.64383,1.091915,N,1.918502,19.476082,84.674965,10,23,3,2014,16
2014-10-17 00:00:00,22.55617,32.658333,41.700001,6.226251,1.086575,N,2.188673,19.013897,85.802368,10,0,4,2014,17
2014-10-17 01:00:00,9.58955,42.696857,,5.792036,1.082645,N,1.830437,18.449421,88.04364,10,1,4,2014,17
2014-10-17 02:00:00,9.066892,38.646667,,5.035601,1.089988,O,1.595101,17.965973,89.402077,10,2,4,2014,17
2014-10-17 03:00:00,10.559543,29.477425,,4.786472,1.104276,NNE,1.31504,17.239008,90.999985,10,3,4,2014,17
2014-10-17 04:00:00,9.95962,23.709011,44.700001,4.502183,1.105921,ENE,0.906222,16.509251,93.629189,10,4,4,2014,17
2014-10-17 05:00:00,15.391679,15.049854,44.700001,4.486836,1.156573,OSO,0.835073,16.254976,95.120056,10,5,4,2014,17
2014-10-17 06:00:00,22.315512,10.449464,44.700001,4.876258,1.186274,ESE,0.913729,16.103098,95.86525,10,6,4,2014,17
2014-10-17 07:00:00,29.568443,8.000512,44.700001,5.134773,1.380663,SE,0.91871,16.597267,94.180702,10,7,4,2014,17
2014-10-17 08:00:00,41.757315,8.453112,44.700001,5.022409,1.894587,E,0.923605,16.85449,92.949295,10,8,4,2014,17
2014-10-17 09:00:00,38.681051,9.799904,44.700001,6.158134,1.492877,E,1.212779,17.777157,88.946075,10,9,4,2014,17
2014-10-17 10:00:00,38.742105,19.939732,44.700001,7.500967,1.443623,S,1.172935,19.997688,77.713264,10,10,4,2014,17
2014-10-17 11:00:00,18.191099,42.672718,44.700001,5.599468,1.209197,SO,1.99814,21.300194,72.254028,10,11,4,2014,17
2014-10-17 12:00:00,18.279787,58.870213,44.700001,5.294482,1.213685,OSO,2.208925,22.224115,68.693214,10,12,4,2014,17
2014-10-17 13:00:00,12.195579,63.506702,44.700001,5.441201,1.122004,OSO,2.32518,22.464146,69.99511,10,13,4,2014,17
2014-10-17 14:00:00,9.538118,62.166512,44.700001,5.033121,1.083789,OSO,3.185158,22.296114,73.506203,10,14,4,2014,17
2014-10-17 15:00:00,6.503836,55.758636,44.700001,4.249978,1.056837,OSO,2.041046,22.348724,77.254059,10,15,4,2014,17
2014-10-17 16:00:00,5.297689,58.457451,44.700001,4.088884,1.047583,OSO,1.994832,22.587467,75.545715,10,16,4,2014,17
2014-10-17 17:00:00,6.339893,56.543613,44.700001,4.039881,1.058181,OSO,2.261142,21.307209,80.420288,10,17,4,2014,17
2014-10-17 18:00:00,10.272029,49.711166,44.700001,4.008436,1.057714,OSO,2.271064,20.528585,85.104355,10,18,4,2014,17
2014-10-17 19:00:00,16.814328,50.823803,44.700001,3.915515,1.111051,O,0.931718,20.126575,87.149239,10,19,4,2014,17
2014-10-17 20:00:00,24.46274,50.181511,44.700001,3.866136,1.128776,NNO,0.632687,19.826649,87.622978,10,20,4,2014,17
2014-10-17 21:00:00,33.842586,34.964142,44.700001,3.95925,1.182964,N,0.104402,19.470039,88.982117,10,21,4,2014,17
2014-10-17 22:00:00,49.362436,19.229712,44.700001,3.880236,1.271155,NNO,0.39714,19.126129,90.084648,10,22,4,2014,17
2014-10-17 23:00:00,45.106008,14.591034,44.700001,4.043469,1.283962,OSO,0.443537,18.219265,93.315491,10,23,4,2014,17
2014-10-18 00:00:00,57.329708,8.410642,44.700001,4.258976,1.477149,N,0.0,18.380165,95.188232,10,0,5,2014,18
2014-10-18 01:00:00,43.263069,7.549086,39.0,4.100599,1.448424,N,0.227195,17.687654,95.810776,10,1,5,2014,18
2014-10-18 02:00:00,31.018527,14.756864,39.0,4.197779,1.340823,ONO,0.520576,17.668938,97.718246,10,2,5,2014,18
2014-10-18 03:00:00,23.916991,14.287048,39.0,4.106652,1.219102,E,0.74644,17.43243,99.724548,10,3,5,2014,18
2014-10-18 04:00:00,14.568666,23.599804,39.0,4.160544,1.130567,SE,0.78866,17.902111,99.926392,10,4,5,2014,18
2014-10-18 05:00:00,15.359101,16.6374,39.0,4.013464,1.129015,SO,0.438057,17.644146,99.926224,10,5,5,2014,18
2014-10-18 06:00:00,20.427307,6.792934,39.0,4.116988,1.218441,ENE,0.565336,17.238258,99.925171,10,6,5,2014,18
2014-10-18 07:00:00,30.58714,6.933988,39.0,4.319505,1.380407,ESE,0.544224,17.700508,99.926048,10,7,5,2014,18
2014-10-18 08:00:00,33.089399,15.642462,39.0,4.111824,1.324555,N,0.338886,18.311382,99.928864,10,8,5,2014,18
2014-10-18 09:00:00,30.373569,29.901186,39.0,3.981477,1.193746,O,1.621087,18.688202,99.480019,10,9,5,2014,18
2014-10-18 10:00:00,26.989546,35.81377,39.0,4.173416,1.169205,E,1.800065,19.347372,90.915405,10,10,5,2014,18
2014-10-18 11:00:00,37.045062,35.920486,39.0,23.558195,1.186661,S,1.589709,21.018209,78.523903,10,11,5,2014,18
2014-10-18 12:00:00,28.793834,49.951332,39.0,33.993484,1.135806,O,1.731251,22.297716,72.163879,10,12,5,2014,18
2014-10-18 13:00:00,14.155401,63.247711,39.0,14.579621,1.042565,OSO,2.590251,22.123646,74.079758,10,13,5,2014,18
2014-10-18 14:00:00,9.386009,68.721832,39.0,6.880833,1.047029,O,1.819429,22.073425,75.486229,10,14,5,2014,18
2014-10-18 15:00:00,10.844126,67.518364,39.0,5.822154,1.110922,O,1.69655,22.677042,72.242706,10,15,5,2014,18
2014-10-18 16:00:00,10.616624,67.447388,39.0,5.837191,1.096867,OSO,1.691731,23.014715,70.688606,10,16,5,2014,18
2014-10-18 17:00:00,10.229171,61.7178,39.0,4.8513,1.089433,OSO,1.944026,21.989517,76.119286,10,17,5,2014,18
2014-10-18 18:00:00,10.161479,53.914429,39.0,4.462203,1.090674,O,1.286469,20.808943,83.205559,10,18,5,2014,18
2014-10-18 19:00:00,17.681888,44.983025,39.0,4.330721,1.128552,NNO,1.366663,20.323458,86.349945,10,19,5,2014,18
2014-10-18 20:00:00,20.743677,40.133247,39.0,4.146385,1.14502,NNO,1.825431,19.973337,89.578178,10,20,5,2014,18
2014-10-18 21:00:00,43.455323,20.859535,39.0,5.165433,1.27307,N,1.884003,19.702709,89.86158,10,21,5,2014,18
2014-10-18 22:00:00,32.256222,31.234913,39.0,5.43525,1.247839,N,1.371501,19.648685,82.516113,10,22,5,2014,18
2014-10-18 23:00:00,36.795777,18.523016,39.0,5.138186,1.360292,N,0.470116,18.967571,85.004715,10,23,5,2014,18
2014-10-19 00:00:00,49.167504,7.663854,39.0,4.762706,1.470622,N,0.206276,18.628778,88.134369,10,0,6,2014,19
2014-10-19 01:00:00,,,70.099991,,,,,,,10,1,6,2014,19
2014-10-19 02:00:00,39.461073,7.162964,70.099991,5.348152,1.444497,NE,0.785769,17.574818,93.978897,10,2,6,2014,19
2014-10-19 03:00:00,37.23814,7.201104,70.099991,6.525475,1.457728,N,0.102895,17.473297,96.394196,10,3,6,2014,19
2014-10-19 04:00:00,37.409446,7.520452,70.099991,6.09443,1.63899,N,0.291811,17.415199,97.498398,10,4,6,2014,19
2014-10-19 05:00:00,32.318843,7.244278,70.099991,5.379687,1.59623,N,0.268405,17.200474,97.629601,10,5,6,2014,19
2014-10-19 06:00:00,32.178356,7.23144,70.099991,4.979726,1.398706,O,0.409767,17.586212,97.815216,10,6,6,2014,19
2014-10-19 07:00:00,38.182068,7.461438,70.099991,4.880418,1.610227,N,0.223729,17.55921,96.778885,10,7,6,2014,19
2014-10-19 08:00:00,42.639148,9.635692,70.099991,4.738756,1.667191,E,0.922092,17.942133,94.101341,10,8,6,2014,19
2014-10-19 09:00:00,28.606542,23.083096,70.099991,4.630279,1.290626,NE,0.831883,20.61141,81.698677,10,9,6,2014,19
2014-10-19 10:00:00,34.950466,40.770168,70.099991,4.381948,1.347995,S,1.793857,24.071697,59.083023,10,10,6,2014,19
2014-10-19 11:00:00,42.194391,65.459961,70.099991,4.838443,1.537648,NNO,1.658002,26.874063,47.043106,10,11,6,2014,19
2014-10-19 12:00:00,35.409904,58.543491,70.099991,5.772946,1.299857,OSO,1.809946,25.66785,56.297211,10,12,6,2014,19
2014-10-19 13:00:00,26.383727,65.284439,70.099991,9.485747,1.247153,NO,1.817757,26.774176,53.300396,10,13,6,2014,19
2014-10-19 14:00:00,25.386989,81.844101,70.099991,6.361822,1.240071,NO,1.942447,27.072067,52.312504,10,14,6,2014,19
2014-10-19 15:00:00,18.433495,98.626343,70.099991,5.327913,1.238022,NO,1.749579,26.626026,54.88105,10,15,6,2014,19
2014-10-19 16:00:00,19.276854,89.406998,70.099991,4.776852,1.195852,N,1.784317,25.970657,57.590687,10,16,6,2014,19
2014-10-19 17:00:00,21.628558,79.809875,70.099991,4.757937,1.188287,NNO,2.073681,25.016005,62.322369,10,17,6,2014,19
2014-10-19 18:00:00,19.367238,73.302635,70.099991,4.658491,1.191375,NNO,1.605412,23.648041,66.998428,10,18,6,2014,19
2014-10-19 19:00:00,26.275855,62.702118,70.099991,4.500926,1.209929,NNO,1.635963,22.595703,69.635864,10,19,6,2014,19
2014-10-19 20:00:00,51.795503,31.016712,70.099991,13.426332,1.2441,NNO,1.65362,22.560711,65.800499,10,20,6,2014,19
2014-10-19 21:00:00,60.845868,21.317896,70.099991,24.107493,1.381038,NNO,1.915887,22.695217,61.572548,10,21,6,2014,19
2014-10-19 22:00:00,49.438473,24.70112,70.099991,21.541043,1.372357,N,1.294002,22.586411,55.642509,10,22,6,2014,19
2014-10-19 23:00:00,59.374005,13.863788,70.099991,17.457496,1.406687,E,0.774666,21.42802,52.960793,10,23,6,2014,19
2014-10-20 00:00:00,33.420744,27.471857,70.099991,9.790826,1.182692,ENE,1.373073,22.500977,42.439049,10,0,0,2014,20
2014-10-20 01:00:00,30.778552,18.338547,121.300003,7.16816,1.212028,E,1.533367,21.308502,45.429825,10,1,0,2014,20
2014-10-20 02:00:00,22.122078,21.206242,121.300003,9.271901,1.117135,E,1.061592,21.271252,39.88763,10,2,0,2014,20
2014-10-20 03:00:00,16.410716,22.526249,121.300003,7.337635,1.060269,E,1.619221,21.146584,35.211365,10,3,0,2014,20
2014-10-20 04:00:00,15.499261,22.001625,121.300003,8.456099,1.040185,E,2.275362,21.399906,32.021736,10,4,0,2014,20
2014-10-20 05:00:00,12.105473,27.091389,121.300003,5.612666,1.003138,E,2.249062,21.69817,30.441965,10,5,0,2014,20
2014-10-20 06:00:00,32.408035,14.926746,121.300003,9.525153,1.1186,ESE,1.202684,21.858019,34.346832,10,6,0,2014,20
2014-10-20 07:00:00,45.751386,8.519394,121.300003,17.808847,1.330844,E,1.493139,20.724457,38.621216,10,7,0,2014,20
2014-10-20 08:00:00,65.490381,9.879754,121.300003,33.872703,1.676203,SE,1.090859,21.982258,36.236526,10,8,0,2014,20
2014-10-20 09:00:00,60.828512,11.503796,121.300003,20.34744,1.724524,SE,1.358483,22.722549,34.604492,10,9,0,2014,20
2014-10-20 10:00:00,43.781123,18.912935,121.300003,28.880926,1.261955,E,1.796788,26.525871,26.057688,10,10,0,2014,20
2014-10-20 11:00:00,40.336192,31.135742,121.300003,29.040065,1.147521,ENE,1.731488,22.368607,,10,11,0,2014,20
2014-10-20 12:00:00,54.023799,37.486275,121.300003,13.519428,1.343753,ESE,1.703201,,,10,12,0,2014,20
2014-10-20 13:00:00,55.428393,57.521584,121.300003,7.82408,1.445798,S,2.474264,,,10,13,0,2014,20
2014-10-20 14:00:00,34.648906,81.45137,121.300003,6.800536,1.309788,S,2.630097,,,10,14,0,2014,20
2014-10-20 15:00:00,17.470002,90.602928,121.300003,11.098803,1.193662,SSE,3.056691,,,10,15,0,2014,20
2014-10-20 16:00:00,17.817762,89.953568,121.300003,10.619031,1.173987,SSE,2.627117,,,10,16,0,2014,20
2014-10-20 17:00:00,20.77221,94.584335,121.300003,6.857701,1.198569,S,2.308936,,,10,17,0,2014,20
2014-10-20 18:00:00,22.592574,85.053085,121.300003,5.224881,1.221263,S,1.283025,,,10,18,0,2014,20
2014-10-20 19:00:00,34.306417,67.592285,121.300003,4.802842,1.275514,SSO,0.843078,,,10,19,0,2014,20
2014-10-20 20:00:00,43.410972,51.378155,121.300003,4.594405,1.324338,NNO,0.528506,,,10,20,0,2014,20
2014-10-20 21:00:00,50.46895,32.875626,121.300003,4.425504,1.303985,E,0.831956,,,10,21,0,2014,20
2014-10-20 22:00:00,92.479608,7.438452,121.300003,4.508429,1.747275,SO,0.725884,,,10,22,0,2014,20
2014-10-20 23:00:00,71.736053,7.528788,121.300003,4.441225,1.572324,SO,0.829593,,,10,23,0,2014,20
2014-10-21 00:00:00,63.839948,10.82146,121.300003,4.372315,1.462852,SO,0.478622,,,10,0,1,2014,21
2014-10-21 01:00:00,44.012153,21.887426,120.0,4.993362,1.305645,NNE,1.188869,,,10,1,1,2014,21
2014-10-21 02:00:00,47.110581,15.155134,120.0,8.207508,1.305755,NE,0.950471,,,10,2,1,2014,21
2014-10-21 03:00:00,37.734514,12.143782,120.0,18.992669,1.268883,NE,1.205262,,,10,3,1,2014,21
2014-10-21 04:00:00,39.423415,9.025618,120.0,29.18766,1.244548,NE,1.254221,,,10,4,1,2014,21
2014-10-21 05:00:00,39.446974,8.477098,120.0,34.391796,1.260876,NNE,1.000097,,,10,5,1,2014,21
2014-10-21 06:00:00,41.522922,8.21937,120.0,29.706262,1.340836,NNE,0.765749,,,10,6,1,2014,21
2014-10-21 07:00:00,43.381773,8.638324,120.0,23.412556,1.527871,NE,0.930437,,,10,7,1,2014,21
2014-10-21 08:00:00,69.625599,10.06915,120.0,26.418201,2.401,NE,0.808398,,,10,8,1,2014,21
2014-10-21 09:00:00,69.418201,11.279812,120.0,68.024894,2.002331,NNE,1.400169,,,10,9,1,2014,21
2014-10-21 10:00:00,83.789023,14.052378,120.0,25.766485,1.632867,NO,1.004169,,,10,10,1,2014,21
2014-10-21 11:00:00,122.981633,22.197918,120.0,17.507885,1.841271,SSO,1.155164,,,10,11,1,2014,21
2014-10-21 12:00:00,120.436236,39.106461,120.0,25.015374,1.800395,SSO,1.888986,,,10,12,1,2014,21
2014-10-21 13:00:00,60.603194,59.302387,120.0,24.929617,1.381964,SSO,1.50848,,,10,13,1,2014,21
2014-10-21 14:00:00,46.227939,64.143265,120.0,31.787404,1.287508,SSO,1.867129,,,10,14,1,2014,21
2014-10-21 15:00:00,22.953592,78.04847,120.0,7.250163,1.238796,SSO,1.647516,,,10,15,1,2014,21
2014-10-21 16:00:00,24.947535,80.438393,120.0,6.424976,1.211113,SSO,1.890059,,,10,16,1,2014,21
2014-10-21 17:00:00,36.066725,53.05423,120.0,5.048602,1.283593,S,1.839496,,,10,17,1,2014,21
2014-10-21 18:00:00,36.149983,43.817551,120.0,4.637614,1.301432,S,1.01959,,,10,18,1,2014,21
2014-10-21 19:00:00,41.783384,32.133915,120.0,4.686056,1.339049,NNO,0.749443,,,10,19,1,2014,21
2014-10-21 20:00:00,46.436433,27.322914,120.0,4.489116,1.339688,OSO,0.984703,,,10,20,1,2014,21
2014-10-21 21:00:00,35.180414,37.084747,120.0,4.453389,1.248963,ONO,1.012163,,,10,21,1,2014,21
2014-10-21 22:00:00,23.465785,44.089764,120.0,4.314004,1.236933,N,0.384864,,,10,22,1,2014,21
2014-10-21 23:00:00,26.953924,38.062691,120.0,4.272339,1.26861,N,0.269093,,,10,23,1,2014,21
2014-10-22 00:00:00,42.838076,25.978325,120.0,4.314717,1.394845,N,0.162176,,,10,0,2,2014,22
2014-10-22 01:00:00,53.371692,17.916348,96.0,4.372091,1.447791,NNO,0.492506,,,10,1,2,2014,22
2014-10-22 02:00:00,45.152227,11.852918,96.0,4.356757,1.401293,N,0.308482,,,10,2,2,2014,22
2014-10-22 03:00:00,45.702271,11.428702,96.0,4.429586,1.379114,N,0.39818,,,10,3,2,2014,22
2014-10-22 04:00:00,36.860284,12.142068,96.0,4.537743,1.346128,N,0.0,,,10,4,2,2014,22
2014-10-22 05:00:00,30.031637,17.065037,96.0,4.433335,1.284103,N,0.275154,,,10,5,2,2014,22
2014-10-22 06:00:00,31.851689,13.706286,96.0,4.441166,1.299361,N,0.218687,,,10,6,2,2014,22
2014-10-22 07:00:00,44.031079,7.629546,96.0,4.696039,1.59219,N,0.236465,,,10,7,2,2014,22
2014-10-22 08:00:00,54.833161,8.070364,96.0,4.653666,1.70639,SO,0.878623,,,10,8,2,2014,22
2014-10-22 09:00:00,55.776168,13.536602,96.0,4.452335,1.636288,NO,1.092613,,,10,9,2,2014,22
2014-10-22 10:00:00,72.113625,18.165176,96.0,6.353556,1.646897,O,1.041494,,,10,10,2,2014,22
2014-10-22 11:00:00,42.316542,38.060547,96.0,17.746623,1.346617,OSO,1.467795,,,10,11,2,2014,22
2014-10-22 12:00:00,47.932646,38.48415,96.0,65.985289,1.322483,ONO,1.672855,,,10,12,2,2014,22
2014-10-22 13:00:00,52.765705,53.344467,96.0,43.521621,1.354432,SSO,1.734134,,,10,13,2,2014,22
2014-10-22 14:00:00,25.870514,75.781235,96.0,17.208234,1.242703,SSO,2.048622,,,10,14,2,2014,22
2014-10-22 15:00:00,23.385237,78.617218,96.0,9.580137,1.2021,ONO,2.020053,,,10,15,2,2014,22
2014-10-22 16:00:00,19.594507,73.522934,96.0,7.080093,1.166702,O,1.981518,,,10,16,2,2014,22
2014-10-22 17:00:00,23.610971,63.581284,96.0,6.603623,1.168975,O,1.974431,,,10,17,2,2014,22
2014-10-22 18:00:00,33.523059,48.660271,96.0,6.910318,1.160922,ONO,2.204263,,,10,18,2,2014,22
2014-10-22 19:00:00,44.804244,35.68425,96.0,7.954774,1.192191,ONO,2.244766,,,10,19,2,2014,22
2014-10-22 20:00:00,45.582444,30.571995,96.0,14.618731,1.158019,ONO,1.930431,,,10,20,2,2014,22
2014-10-22 21:00:00,66.765473,12.822682,96.0,45.863498,1.214742,ONO,1.569011,,,10,21,2,2014,22
2014-10-22 22:00:00,57.026086,24.580545,96.0,37.033148,1.201958,ONO,1.412777,,,10,22,2,2014,22
2014-10-22 23:00:00,59.139747,26.57832,96.0,55.296086,1.181168,ONO,1.210414,,,10,23,2,2014,22
2014-10-23 00:00:00,23.845389,55.132149,96.0,32.434646,1.104698,ONO,1.401668,,,10,0,3,2014,23
2014-10-23 01:00:00,37.981672,31.071091,89.900002,18.710079,1.144994,N,0.193834,,,10,1,3,2014,23
2014-10-23 02:00:00,37.093121,31.139265,89.900002,16.756381,1.160022,S,0.449151,,,10,2,3,2014,23
2014-10-23 03:00:00,56.699816,14.037784,89.900002,9.232187,1.210583,N,0.102583,,,10,3,3,2014,23
2014-10-23 04:00:00,39.021876,20.370205,89.900002,7.058797,1.203782,N,0.0,,,10,4,3,2014,23
2014-10-23 05:00:00,34.466019,18.876324,89.900002,6.008408,1.235732,SO,0.67527,,,10,5,3,2014,23
2014-10-23 06:00:00,42.357774,7.279314,89.900002,6.573543,1.416315,NNE,1.16651,,,10,6,3,2014,23
2014-10-23 07:00:00,49.93824,7.68448,89.900002,9.117628,1.693364,NE,1.449433,,,10,7,3,2014,23
2014-10-23 08:00:00,58.568624,9.362706,89.900002,11.438935,1.83142,NNE,1.339301,,,10,8,3,2014,23
2014-10-23 09:00:00,63.039587,13.107286,89.900002,20.611378,1.670058,NE,1.672177,,,10,9,3,2014,23
2014-10-23 10:00:00,42.095618,37.386116,89.900002,9.227611,1.312342,ESE,1.507987,,,10,10,3,2014,23
2014-10-23 11:00:00,25.412377,56.558544,89.900002,5.493119,1.256382,SSE,1.778997,,,10,11,3,2014,23
2014-10-23 12:00:00,20.72416,55.606678,89.900002,4.975286,1.232282,SSE,2.270336,,,10,12,3,2014,23
2014-10-23 13:00:00,17.629474,58.993717,89.900002,4.84675,1.207892,S,2.689246,,,10,13,3,2014,23
2014-10-23 14:00:00,14.546514,64.687599,89.900002,4.646916,1.162304,S,2.691993,,,10,14,3,2014,23
2014-10-23 15:00:00,12.926116,63.799362,89.900002,4.808668,1.115411,SSO,2.92811,,,10,15,3,2014,23
2014-10-23 16:00:00,14.802693,66.663155,89.900002,4.77439,1.163975,S,2.662003,,,10,16,3,2014,23
2014-10-23 17:00:00,17.755885,60.757957,89.900002,4.783172,1.179708,S,2.487241,,,10,17,3,2014,23
2014-10-23 18:00:00,21.333062,48.795937,89.900002,4.79147,1.29483,SSE,1.70203,,,10,18,3,2014,23
2014-10-23 19:00:00,17.316402,49.579426,89.900002,4.749492,1.293541,SSE,1.862182,,,10,19,3,2014,23
2014-10-23 20:00:00,23.268591,44.335842,89.900002,4.697179,1.312331,SE,0.995395,,,10,20,3,2014,23
2014-10-23 21:00:00,35.681809,31.709444,89.900002,4.73356,1.457881,ENE,1.227305,,,10,21,3,2014,23
2014-10-23 22:00:00,21.660507,38.839069,89.900002,4.672738,1.29095,E,1.733606,,,10,22,3,2014,23
2014-10-23 23:00:00,16.655355,39.282269,89.900002,4.624542,1.237559,ENE,1.804039,,,10,23,3,2014,23
2014-10-24 00:00:00,15.309962,30.706425,89.900002,4.655297,1.112742,NE,1.515018,,,10,0,4,2014,24
2014-10-24 01:00:00,13.755919,24.17955,,4.66528,1.102423,NE,1.404079,,,10,1,4,2014,24
2014-10-24 02:00:00,8.812547,32.123436,,4.515872,1.070908,ENE,1.578218,,,10,2,4,2014,24
2014-10-24 03:00:00,3.742584,50.637474,,4.519007,1.05181,ENE,2.087459,,,10,3,4,2014,24
2014-10-24 04:00:00,3.096154,54.990967,54.700001,4.594285,1.024258,ENE,2.037734,,,10,4,4,2014,24
2014-10-24 05:00:00,5.266779,44.821098,54.700001,4.598007,1.041081,NE,1.954148,,,10,5,4,2014,24
2014-10-24 06:00:00,11.597092,36.676273,54.700001,4.625973,1.07437,NE,1.938838,,,10,6,4,2014,24
2014-10-24 07:00:00,35.51588,17.893541,54.700001,4.755078,1.163545,NNE,1.964588,,,10,7,4,2014,24
2014-10-24 08:00:00,43.566606,18.502848,54.700001,4.660854,1.236396,NE,2.248128,,,10,8,4,2014,24
2014-10-24 09:00:00,26.678669,27.961615,54.700001,4.530235,1.144392,NE,2.962725,,,10,9,4,2014,24
2014-10-24 10:00:00,21.765908,35.39106,54.700001,4.667502,1.141735,NE,2.715011,,,10,10,4,2014,24
2014-10-24 11:00:00,19.98613,50.71365,54.700001,4.646051,1.125074,ENE,2.112555,,,10,11,4,2014,24
2014-10-24 12:00:00,17.210301,59.082218,54.700001,4.645656,1.157755,ESE,1.742704,,,10,12,4,2014,24
2014-10-24 13:00:00,13.184975,70.773224,54.700001,4.692437,1.133685,S,3.0639,,,10,13,4,2014,24
2014-10-24 14:00:00,9.102206,76.461456,54.700001,4.619743,1.215795,SSE,3.88031,,,10,14,4,2014,24
2014-10-24 15:00:00,12.327887,76.323669,54.700001,4.665152,1.203862,SSE,3.91975,,,10,15,4,2014,24
2014-10-24 16:00:00,7.132249,74.485504,54.700001,4.653274,1.15626,SSE,3.972862,,,10,16,4,2014,24
2014-10-24 17:00:00,10.886933,64.151093,54.700001,4.710094,1.198456,SSE,2.743987,,,10,17,4,2014,24
2014-10-24 18:00:00,15.954012,59.453522,54.700001,4.67329,1.216526,SSE,2.313545,,,10,18,4,2014,24
2014-10-24 19:00:00,17.989759,58.585243,54.700001,4.658189,1.232507,SSE,1.956598,,,10,19,4,2014,24
2014-10-24 20:00:00,18.686267,59.321789,54.700001,4.711223,1.224975,SE,1.304527,,,10,20,4,2014,24
2014-10-24 21:00:00,20.554782,62.783695,54.700001,4.571369,1.22704,E,1.306708,,,10,21,4,2014,24
2014-10-24 22:00:00,18.795537,62.518234,54.700001,4.370144,1.202975,NNE,1.388097,,,10,22,4,2014,24
2014-10-24 23:00:00,18.259845,55.075073,54.700001,4.680796,1.189498,NE,1.730035,,,10,23,4,2014,24
2014-10-25 00:00:00,18.929963,51.152184,54.700001,4.561463,1.233574,NE,1.655236,,,10,0,5,2014,25
2014-10-25 01:00:00,9.50934,58.298096,38.900002,4.610369,1.15523,ENE,1.708366,,,10,1,5,2014,25
2014-10-25 02:00:00,6.309259,60.613487,38.900002,4.489995,1.145367,ENE,1.704134,,,10,2,5,2014,25
2014-10-25 03:00:00,6.360533,53.495918,38.900002,4.537406,1.140154,NE,1.58434,,,10,3,5,2014,25
2014-10-25 04:00:00,8.07,39.648243,38.900002,4.643082,1.165665,NNE,1.796275,,,10,4,5,2014,25
2014-10-25 05:00:00,10.67872,31.444567,38.900002,4.609862,1.156755,NE,1.908823,,,10,5,5,2014,25
2014-10-25 06:00:00,12.568442,41.862431,38.900002,4.704537,1.137269,NE,2.415901,,,10,6,5,2014,25
2014-10-25 07:00:00,22.22975,35.523804,38.900002,4.609053,1.183234,NE,1.984202,,,10,7,5,2014,25
2014-10-25 08:00:00,30.796848,31.623203,38.900002,4.667056,1.26928,NE,1.689074,,,10,8,5,2014,25
2014-10-25 09:00:00,19.908816,51.789047,38.900002,4.339194,1.17674,NE,1.922438,,,10,9,5,2014,25
2014-10-25 10:00:00,17.834079,50.391891,38.900002,4.588045,1.172958,ENE,1.524078,,,10,10,5,2014,25
2014-10-25 11:00:00,16.468586,58.557453,38.900002,4.617498,1.182077,E,1.609782,,,10,11,5,2014,25
2014-10-25 12:00:00,19.320227,67.264572,38.900002,4.724087,1.264029,SSE,1.848451,,,10,12,5,2014,25
2014-10-25 13:00:00,17.355672,76.821548,38.900002,4.80548,1.248805,SSE,2.244725,,,10,13,5,2014,25
2014-10-25 14:00:00,11.951949,85.217903,38.900002,4.638789,1.216303,SSE,2.206841,,,10,14,5,2014,25
2014-10-25 15:00:00,11.099585,83.419083,38.900002,4.663959,1.215338,SSE,2.695526,,,10,15,5,2014,25
2014-10-25 16:00:00,13.50526,80.230064,38.900002,4.709968,1.22172,SSE,2.622209,,,10,16,5,2014,25
2014-10-25 17:00:00,13.158437,79.492928,38.900002,4.677351,1.209904,SSE,1.964376,,,10,17,5,2014,25
2014-10-25 18:00:00,14.94804,75.845207,38.900002,4.663692,1.226962,S,1.744882,,,10,18,5,2014,25
2014-10-25 19:00:00,20.056774,67.216324,38.900002,4.588684,1.298637,S,1.612073,,,10,19,5,2014,25
2014-10-25 20:00:00,15.09935,68.333282,38.900002,4.564672,1.217832,S,0.938783,,,10,20,5,2014,25
2014-10-25 21:00:00,14.323349,57.710705,38.900002,4.44716,1.180396,N,0.117674,,,10,21,5,2014,25
2014-10-25 22:00:00,40.942397,30.980896,38.900002,4.449405,1.331746,NNE,1.025892,,,10,22,5,2014,25
2014-10-25 23:00:00,50.623415,19.116129,38.900002,4.475788,1.497088,NE,0.993981,,,10,23,5,2014,25
2014-10-26 00:00:00,47.849469,13.865722,38.900002,4.464635,1.464956,NNE,0.945436,,,10,0,6,2014,26
2014-10-26 01:00:00,51.17265,7.572812,,4.582206,1.528425,NE,1.127244,,,10,1,6,2014,26
2014-10-26 02:00:00,35.936803,8.758056,,4.618668,1.372069,NNE,1.243182,,,10,2,6,2014,26
2014-10-26 03:00:00,18.950688,19.917566,66.300003,4.636242,1.289346,NNE,1.601599,,,10,3,6,2014,26
2014-10-26 04:00:00,17.025557,16.221565,66.300003,4.798845,1.293937,E,0.978992,,,10,4,6,2014,26
2014-10-26 05:00:00,18.025009,12.875208,66.300003,4.712238,1.288621,NNE,0.810311,,,10,5,6,2014,26
2014-10-26 06:00:00,18.397759,9.533498,66.300003,4.854621,1.282076,N,0.385713,,,10,6,6,2014,26
2014-10-26 07:00:00,25.560507,7.496172,66.300003,4.911262,1.444215,NE,0.563686,,,10,7,6,2014,26
2014-10-26 08:00:00,29.22449,8.718254,66.300003,5.127303,1.742987,NNE,0.55988,,,10,8,6,2014,26
2014-10-26 09:00:00,35.527567,14.676728,66.300003,4.939941,1.564838,N,0.597062,,,10,9,6,2014,26
2014-10-26 10:00:00,53.670238,32.270363,66.300003,19.243719,1.583908,NO,1.146127,,,10,10,6,2014,26
2014-10-26 11:00:00,59.438421,59.964203,66.300003,66.94452,1.687634,ONO,1.441122,,,10,11,6,2014,26
2014-10-26 12:00:00,41.169125,79.579651,66.300003,22.07146,1.450041,S,1.931561,,,10,12,6,2014,26
2014-10-26 13:00:00,26.688902,82.052322,66.300003,12.549184,1.27704,SSO,2.012758,,,10,13,6,2014,26
2014-10-26 14:00:00,19.844538,100.988632,66.300003,12.467326,1.267256,S,2.0936,,,10,14,6,2014,26
2014-10-26 15:00:00,14.759234,91.398849,66.300003,13.605506,1.187964,S,2.349014,,,10,15,6,2014,26
2014-10-26 16:00:00,8.938446,94.495537,66.300003,9.191224,1.19138,SSO,2.02441,,,10,16,6,2014,26
2014-10-26 17:00:00,11.448618,90.562607,66.300003,6.285023,1.222832,S,1.606443,,,10,17,6,2014,26
2014-10-26 18:00:00,30.841351,64.082672,66.300003,5.424605,1.240681,ONO,1.107094,,,10,18,6,2014,26
2014-10-26 19:00:00,22.704343,66.228706,66.300003,5.040728,1.270672,ONO,1.21635,,,10,19,6,2014,26
2014-10-26 20:00:00,52.119748,24.643148,66.300003,5.187188,1.438952,ONO,0.875332,,,10,20,6,2014,26
2014-10-26 21:00:00,70.543993,7.799698,66.300003,9.015939,1.599836,N,0.403651,,,10,21,6,2014,26
2014-10-26 22:00:00,74.062015,7.579174,66.300003,8.047364,1.774102,N,0.265204,,,10,22,6,2014,26
2014-10-26 23:00:00,72.76932,7.59005,66.300003,6.991964,1.819873,N,0.107007,,,10,23,6,2014,26
2014-10-27 00:00:00,73.614832,7.863944,66.300003,6.603127,1.928048,N,0.0,,,10,0,0,2014,27
2014-10-27 01:00:00,67.146746,7.569494,,6.632253,1.870437,N,0.123641,,,10,1,0,2014,27
2014-10-27 02:00:00,64.224718,7.45045,,7.18116,1.863756,N,0.13144,,,10,2,0,2014,27
2014-10-27 03:00:00,56.087404,7.25253,,7.734488,1.701902,N,0.391514,,,10,3,0,2014,27
2014-10-27 04:00:00,44.901579,7.427438,95.400002,7.412676,1.63268,N,0.432526,,,10,4,0,2014,27
2014-10-27 05:00:00,39.144187,7.513518,95.400002,6.63659,1.464571,N,0.348069,,,10,5,0,2014,27
2014-10-27 06:00:00,33.83605,10.66337,95.400002,6.549003,1.333352,NNE,1.177111,,,10,6,0,2014,27
2014-10-27 07:00:00,34.330163,9.397952,95.400002,6.466951,1.315039,ESE,0.944756,,,10,7,0,2014,27
2014-10-27 08:00:00,43.432251,8.787694,95.400002,6.062345,1.435237,NNE,0.883642,,,10,8,0,2014,27
2014-10-27 09:00:00,56.030332,10.104514,95.400002,6.650148,1.667453,NNE,0.707657,,,10,9,0,2014,27
2014-10-27 10:00:00,82.323065,13.494374,95.400002,7.666595,1.778187,NO,1.217092,,,10,10,0,2014,27
2014-10-27 11:00:00,108.596668,28.465565,95.400002,9.59472,2.030449,ONO,1.675396,,,10,11,0,2014,27
2014-10-27 12:00:00,78.963873,39.445946,95.400002,15.464942,1.540711,SSO,1.470661,,,10,12,0,2014,27
2014-10-27 13:00:00,38.007265,66.451485,95.400002,10.870719,1.340532,SSO,1.749159,,,10,13,0,2014,27
2014-10-27 14:00:00,26.515876,69.245476,95.400002,7.175022,1.303099,SO,1.637091,,,10,14,0,2014,27
2014-10-27 15:00:00,28.238839,70.471825,95.400002,7.546064,1.220364,OSO,1.643239,,,10,15,0,2014,27
2014-10-27 16:00:00,30.803857,69.266212,95.400002,7.941477,1.216217,ONO,1.945042,,,10,16,0,2014,27
2014-10-27 17:00:00,40.191683,64.455635,95.400002,10.692058,1.284227,O,1.885612,,,10,17,0,2014,27
2014-10-27 18:00:00,61.912235,46.094925,95.400002,31.564472,1.409398,ONO,1.430595,,,10,18,0,2014,27
2014-10-27 19:00:00,78.464886,24.659227,95.400002,24.58034,1.52057,ONO,1.037512,,,10,19,0,2014,27
2014-10-27 20:00:00,89.650551,10.73808,95.400002,18.30477,1.593753,ONO,0.919679,,,10,20,0,2014,27
2014-10-27 21:00:00,85.989256,8.709136,95.400002,18.443562,1.557931,ONO,0.63299,,,10,21,0,2014,27
2014-10-27 22:00:00,83.51938,7.740982,95.400002,17.961398,1.615447,N,0.271406,,,10,22,0,2014,27
2014-10-27 23:00:00,87.404204,7.907478,95.400002,17.068112,1.832568,SSO,0.925667,,,10,23,0,2014,27
2014-10-28 00:00:00,62.745011,7.734224,95.400002,18.047318,1.680469,N,0.287011,,,10,0,1,2014,28
2014-10-28 01:00:00,54.129465,7.703578,,12.175392,1.523056,E,0.542405,,,10,1,1,2014,28
2014-10-28 02:00:00,42.022564,9.087668,,17.266701,1.266828,NE,0.837498,,,10,2,1,2014,28
2014-10-28 03:00:00,30.551387,10.347254,,25.233631,1.105964,NE,1.331388,,,10,3,1,2014,28
2014-10-28 04:00:00,27.354039,14.356378,106.800003,23.102675,1.01221,ESE,0.924444,,,10,4,1,2014,28
2014-10-28 05:00:00,27.155,14.533346,106.800003,26.173908,1.046184,NE,1.879942,,,10,5,1,2014,28
2014-10-28 06:00:00,23.336045,18.335552,106.800003,18.440686,1.018197,NNE,2.868306,,,10,6,1,2014,28
2014-10-28 07:00:00,21.417899,20.71314,106.800003,9.028955,1.040965,NNE,2.03774,,,10,7,1,2014,28
2014-10-28 08:00:00,44.190841,10.959412,106.800003,22.388017,1.228449,NE,2.592994,,,10,8,1,2014,28
2014-10-28 09:00:00,51.300757,13.823594,106.800003,22.527234,1.533458,S,1.414998,,,10,9,1,2014,28
2014-10-28 10:00:00,46.349372,20.12303,106.800003,9.398654,1.381108,SSE,1.180361,,,10,10,1,2014,28
2014-10-28 11:00:00,27.784259,34.651707,106.800003,6.977741,1.196353,SSE,2.004734,,,10,11,1,2014,28
2014-10-28 12:00:00,22.259189,42.674606,106.800003,6.332228,1.121795,SSO,1.632501,,,10,12,1,2014,28
2014-10-28 13:00:00,25.888808,48.407654,106.800003,6.417019,1.145172,SO,1.348799,,,10,13,1,2014,28
2014-10-28 14:00:00,48.53919,39.445583,106.800003,8.35352,1.284493,O,1.5074,,,10,14,1,2014,28
2014-10-28 15:00:00,44.939149,41.358295,106.800003,8.276885,1.208424,SSO,1.852926,,,10,15,1,2014,28
2014-10-28 16:00:00,24.195598,56.210148,106.800003,7.341937,1.114846,N,1.447023,,,10,16,1,2014,28
2014-10-28 17:00:00,33.264556,50.303619,106.800003,6.440294,1.15385,S,2.314724,,,10,17,1,2014,28
2014-10-28 18:00:00,66.009878,18.934078,106.800003,6.282502,1.405165,S,1.350348,,,10,18,1,2014,28
2014-10-28 19:00:00,86.870667,8.68934,106.800003,7.167348,1.958916,NNE,1.064791,,,10,19,1,2014,28
2014-10-28 20:00:00,70.056133,14.812668,106.800003,12.466212,1.659386,SSO,2.158804,,,10,20,1,2014,28
2014-10-28 21:00:00,34.834585,36.539589,106.800003,7.691109,1.127677,NE,2.576137,,,10,21,1,2014,28
2014-10-28 22:00:00,48.783685,20.908052,106.800003,10.564656,1.199492,NE,2.030947,,,10,22,1,2014,28
2014-10-28 23:00:00,27.210115,40.771912,106.800003,7.644141,1.082012,NE,2.154744,,,10,23,1,2014,28
2014-10-29 00:00:00,13.570848,47.892784,106.800003,8.339807,1.014474,S,3.352292,,,10,0,2,2014,29
2014-10-29 01:00:00,10.80265,51.276886,69.900002,7.984836,1.003613,ENE,2.783841,,,10,1,2,2014,29
2014-10-29 02:00:00,13.176561,48.071781,69.900002,8.667891,0.99254,ENE,1.410636,,,10,2,2,2014,29
2014-10-29 03:00:00,11.679094,45.43153,69.900002,8.41945,1.021453,ESE,1.378668,,,10,3,2,2014,29
2014-10-29 04:00:00,13.502261,38.674854,69.900002,7.175075,1.044605,ESE,1.465021,,,10,4,2,2014,29
2014-10-29 05:00:00,11.199924,39.897911,69.900002,7.06835,1.004552,ENE,1.401893,,,10,5,2,2014,29
2014-10-29 06:00:00,22.343615,24.360615,69.900002,12.198085,1.020272,SO,0.801541,,,10,6,2,2014,29
2014-10-29 07:00:00,30.682952,17.296665,69.900002,7.553032,1.137114,N,0.801947,,,10,7,2,2014,29
2014-10-29 08:00:00,50.361917,8.161278,69.900002,11.929042,1.517591,SE,1.017674,,,10,8,2,2014,29
2014-10-29 09:00:00,56.341804,9.799992,69.900002,20.395583,1.689668,S,1.616596,,,10,9,2,2014,29
2014-10-29 10:00:00,41.512645,15.963992,69.900002,22.544104,1.250458,S,1.31814,,,10,10,2,2014,29
2014-10-29 11:00:00,22.923621,35.081909,69.900002,10.485042,1.15008,S,1.591792,,,10,11,2,2014,29
2014-10-29 12:00:00,23.228539,43.470371,69.900002,8.635117,1.144643,OSO,1.373158,,,10,12,2,2014,29
2014-10-29 13:00:00,25.438224,48.322765,69.900002,8.397302,1.15353,O,1.687714,,,10,13,2,2014,29
2014-10-29 14:00:00,26.739213,49.008732,69.900002,10.527055,1.12051,ONO,2.061422,,,10,14,2,2014,29
2014-10-29 15:00:00,23.201513,50.98214,69.900002,10.645116,1.1218,ONO,2.35232,,,10,15,2,2014,29
2014-10-29 16:00:00,28.875079,46.001213,69.900002,11.680562,1.139683,ONO,2.18221,,,10,16,2,2014,29
2014-10-29 17:00:00,21.019288,57.606476,69.900002,9.539096,1.134061,ONO,1.997564,,,10,17,2,2014,29
2014-10-29 18:00:00,33.307082,46.085735,69.900002,13.155112,1.190273,ONO,1.604272,,,10,18,2,2014,29
2014-10-29 19:00:00,67.850668,14.485744,69.900002,23.092783,1.404644,ONO,0.796575,,,10,19,2,2014,29
2014-10-29 20:00:00,76.882796,8.1529,69.900002,20.114904,1.747154,N,0.361582,,,10,20,2,2014,29
2014-10-29 21:00:00,70.558638,8.096868,69.900002,11.04453,1.561992,N,0.528804,,,10,21,2,2014,29
2014-10-29 22:00:00,70.381856,8.302408,69.900002,8.520582,1.588178,ONO,0.824775,,,10,22,2,2014,29
2014-10-29 23:00:00,39.215441,27.287844,69.900002,8.892211,1.21401,S,1.992737,,,10,23,2,2014,29
2014-10-30 00:00:00,26.243592,22.65933,69.900002,10.025847,1.133813,NE,1.787435,,,10,0,3,2014,30
2014-10-30 01:00:00,40.071161,8.155304,61.299992,22.930567,1.157337,NE,1.093863,,,10,1,3,2014,30
2014-10-30 02:00:00,28.880609,11.995574,61.299992,17.802352,1.085371,SE,0.770115,,,10,2,3,2014,30
2014-10-30 03:00:00,30.006688,9.47658,61.299992,12.157157,1.116051,N,0.669216,,,10,3,3,2014,30
2014-10-30 04:00:00,31.813186,7.845314,61.299992,8.896139,1.137789,N,0.094627,,,10,4,3,2014,30
2014-10-30 05:00:00,31.953708,7.630144,61.299992,8.250618,1.182926,N,0.404742,,,10,5,3,2014,30
2014-10-30 06:00:00,29.497428,8.41341,61.299992,7.965129,1.145111,NO,0.452694,,,10,6,3,2014,30
2014-10-30 07:00:00,33.764771,7.604274,61.299992,7.117294,1.122049,NNE,1.135858,,,10,7,3,2014,30
2014-10-30 08:00:00,31.524868,9.694454,61.299992,6.717047,1.141079,NNE,1.270297,,,10,8,3,2014,30
2014-10-30 09:00:00,39.545125,13.344944,61.299992,9.13862,1.337931,NNE,1.429447,,,10,9,3,2014,30
2014-10-30 10:00:00,35.316664,24.159252,61.299992,7.913637,1.226071,NNE,1.687359,,,10,10,3,2014,30
2014-10-30 11:00:00,31.303638,37.664879,61.299992,6.730902,1.11972,SO,1.712222,,,10,11,3,2014,30
2014-10-30 12:00:00,65.094624,51.561623,61.299992,7.715684,1.404022,S,1.756347,,,10,12,3,2014,30
2014-10-30 13:00:00,36.527092,59.710777,61.299992,8.903977,1.173603,SSO,2.15547,,,10,13,3,2014,30
2014-10-30 14:00:00,17.200368,66.390396,61.299992,8.955621,1.016611,S,2.158399,,,10,14,3,2014,30
2014-10-30 15:00:00,18.657074,65.345161,61.299992,10.887192,1.020546,O,1.724413,,,10,15,3,2014,30
2014-10-30 16:00:00,16.181711,63.775597,61.299992,9.33581,1.131198,SO,1.531696,,,10,16,3,2014,30
2014-10-30 17:00:00,23.785891,57.531101,61.299992,7.508767,1.185372,N,1.118518,,,10,17,3,2014,30
2014-10-30 18:00:00,40.966761,39.583431,61.299992,7.099172,1.223165,N,1.025779,,,10,18,3,2014,30
2014-10-30 19:00:00,56.39536,29.305264,61.299992,7.023718,1.274622,ONO,1.338732,,,10,19,3,2014,30
2014-10-30 20:00:00,41.881852,47.218414,61.299992,5.547219,1.318703,ONO,1.296766,,,10,20,3,2014,30
2014-10-30 21:00:00,56.614926,26.430508,61.299992,5.222285,1.394983,ONO,0.818745,,,10,21,3,2014,30
2014-10-30 22:00:00,78.942437,7.698074,61.299992,5.573855,1.558178,N,0.087098,,,10,22,3,2014,30
2014-10-30 23:00:00,92.393786,7.324468,61.299992,6.513703,1.97219,OSO,0.313413,,,10,23,3,2014,30
2014-10-31 00:00:00,82.53345,7.97557,61.299992,7.252011,2.000084,OSO,0.495021,,,10,0,4,2014,31
2014-10-31 01:00:00,74.848561,8.118844,,8.551103,2.054528,N,0.481018,,,10,1,4,2014,31
2014-10-31 02:00:00,50.676898,7.414584,,10.812947,1.543473,NE,1.137828,,,10,2,4,2014,31
2014-10-31 03:00:00,44.986574,7.120934,,18.908273,1.380241,ESE,1.061352,,,10,3,4,2014,31
2014-10-31 04:00:00,38.357579,7.725404,92.0,31.633526,1.279132,NNE,0.854876,,,10,4,4,2014,31
2014-10-31 05:00:00,35.119991,7.889684,92.0,32.062396,1.28332,NE,0.838462,,,10,5,4,2014,31
2014-10-31 06:00:00,32.139496,7.585686,92.0,29.916734,1.290198,NE,1.136066,,,10,6,4,2014,31
2014-10-31 07:00:00,34.147559,8.435726,92.0,43.807933,1.425385,NE,1.01599,,,10,7,4,2014,31
2014-10-31 08:00:00,49.412874,9.375694,92.0,35.893898,1.837627,NNE,1.185843,,,10,8,4,2014,31
2014-10-31 09:00:00,56.620227,10.814804,92.0,37.126317,1.674868,NNE,1.714319,,,10,9,4,2014,31
2014-10-31 10:00:00,54.141574,15.47724,92.0,31.872505,1.439036,E,1.32147,,,10,10,4,2014,31
2014-10-31 11:00:00,49.614552,27.637621,92.0,16.465517,1.350757,SSE,1.11246,,,10,11,4,2014,31
2014-10-31 12:00:00,50.320401,39.871643,92.0,13.458971,1.340465,S,2.251039,,,10,12,4,2014,31
2014-10-31 13:00:00,31.805987,60.638378,92.0,10.277007,1.269394,S,2.732023,,,10,13,4,2014,31
2014-10-31 14:00:00,21.759368,93.530411,92.0,8.297247,1.243297,SSO,2.796975,,,10,14,4,2014,31
2014-10-31 15:00:00,22.407279,96.390175,92.0,8.286708,1.245679,S,1.861839,,,10,15,4,2014,31
2014-10-31 16:00:00,17.337667,93.814056,92.0,6.905402,1.166801,S,3.014465,,,10,16,4,2014,31
2014-10-31 17:00:00,10.22011,72.439644,92.0,5.70379,1.113855,S,2.200085,,,10,17,4,2014,31
2014-10-31 18:00:00,17.233496,56.70908,92.0,5.245472,1.124902,S,1.365654,,,10,18,4,2014,31
2014-10-31 19:00:00,41.001909,29.791708,92.0,4.936932,1.311111,S,0.73635,,,10,19,4,2014,31
2014-10-31 20:00:00,85.052915,12.103956,92.0,5.074602,1.698203,S,0.717178,,,10,20,4,2014,31
2014-10-31 21:00:00,59.799406,27.352436,92.0,5.022914,1.434449,SSO,0.716721,,,10,21,4,2014,31
2014-10-31 22:00:00,73.590752,9.030364,92.0,4.884298,1.511212,N,0.311131,,,10,22,4,2014,31
2014-10-31 23:00:00,61.949737,15.432084,92.0,4.960903,1.36824,N,0.267718,,,10,23,4,2014,31
2014-11-01 00:00:00,72.244111,9.11322,92.0,5.142564,1.766163,NE,0.989358,,,11,0,5,2014,1
2014-11-01 01:00:00,67.923354,7.62392,,5.283041,1.762484,ESE,0.828436,,,11,1,5,2014,1
2014-11-01 02:00:00,57.228949,7.452228,,5.747103,1.583575,NE,0.794173,,,11,2,5,2014,1
2014-11-01 03:00:00,48.556706,7.524068,,10.174612,1.521147,NE,1.086357,,,11,3,5,2014,1
2014-11-01 04:00:00,40.866436,7.916524,100.699799,19.221291,1.397407,NE,0.883765,,,11,4,5,2014,1
2014-11-01 05:00:00,38.918832,7.872804,100.699799,23.02255,1.340393,NE,0.905158,,,11,5,5,2014,1
2014-11-01 06:00:00,34.357963,7.26125,100.699799,21.073595,1.284962,SO,0.704757,,,11,6,5,2014,1
2014-11-01 07:00:00,33.814272,7.56081,100.699799,26.397331,1.274234,NNE,0.906113,,,11,7,5,2014,1
2014-11-01 08:00:00,42.441888,7.920962,100.699799,27.173075,1.528042,NE,1.206187,,,11,8,5,2014,1
2014-11-01 09:00:00,45.777674,8.810906,100.699799,19.464976,1.559424,NNE,1.013084,,,11,9,5,2014,1
2014-11-01 10:00:00,61.028012,10.672216,100.699799,40.332272,1.615182,NE,0.601358,,,11,10,5,2014,1
2014-11-01 11:00:00,72.106302,29.633934,100.699799,17.951201,1.746411,SE,1.284376,,,11,11,5,2014,1
2014-11-01 12:00:00,36.07913,61.425896,100.699799,11.774997,1.322587,SSO,1.814194,,,11,12,5,2014,1
2014-11-01 13:00:00,26.42958,71.08255,100.699799,11.330076,1.272608,S,3.065476,,,11,13,5,2014,1
2014-11-01 14:00:00,14.280179,78.564346,100.699799,7.218647,1.138113,S,2.983542,,,11,14,5,2014,1
2014-11-01 15:00:00,9.167668,94.029175,100.699799,5.916963,1.102869,SSO,2.959585,,,11,15,5,2014,1
2014-11-01 16:00:00,14.74291,105.837715,100.699799,5.192814,1.18611,OSO,1.535148,,,11,16,5,2014,1
2014-11-01 17:00:00,13.498598,84.916176,100.699799,5.103911,1.159372,S,1.73234,,,11,17,5,2014,1
2014-11-01 18:00:00,23.942605,56.587627,100.699799,4.885187,1.211581,N,1.062391,,,11,18,5,2014,1
2014-11-01 19:00:00,37.225127,42.224995,100.699799,4.741701,1.267278,ONO,0.59093,,,11,19,5,2014,1
2014-11-01 20:00:00,30.315519,58.737617,100.699799,4.781957,1.257742,ONO,1.224762,,,11,20,5,2014,1
2014-11-01 21:00:00,33.939371,47.055691,100.699799,4.820867,1.296312,ONO,1.182925,,,11,21,5,2014,1
2014-11-01 22:00:00,66.570316,19.150696,100.699799,4.873783,1.638897,N,0.232642,,,11,22,5,2014,1
2014-11-01 23:00:00,89.580801,8.625456,100.699799,5.567975,1.922052,N,0.427409,,,11,23,5,2014,1
2014-11-02 00:00:00,75.978252,7.571782,100.699799,5.653637,1.906236,N,0.181086,,,11,0,6,2014,2
2014-11-02 01:00:00,77.255464,7.515082,,5.906393,1.99297,O,0.611258,,,11,1,6,2014,2
2014-11-02 02:00:00,57.387275,8.63879,,5.543537,1.608827,NE,1.048621,,,11,2,6,2014,2
2014-11-02 03:00:00,36.032637,15.193402,,5.543302,1.308403,NE,0.954693,,,11,3,6,2014,2
2014-11-02 04:00:00,35.07885,18.34515,57.400002,6.927184,1.253044,N,0.707644,,,11,4,6,2014,2
2014-11-02 05:00:00,16.198467,38.167603,57.400002,7.112563,1.151037,E,1.734667,,,11,5,6,2014,2
2014-11-02 06:00:00,12.674962,41.210388,57.400002,7.206237,1.123845,NE,1.466307,,,11,6,6,2014,2
2014-11-02 07:00:00,24.828659,21.526381,57.400002,6.666157,1.205358,NNE,0.83177,,,11,7,6,2014,2
2014-11-02 08:00:00,30.554608,15.763676,57.400002,5.999696,1.256355,ENE,0.808414,,,11,8,6,2014,2
2014-11-02 09:00:00,45.201958,14.31395,57.400002,5.557608,1.434754,O,1.037019,,,11,9,6,2014,2
2014-11-02 10:00:00,41.890876,23.865471,57.400002,5.224758,1.352772,ENE,1.109939,,,11,10,6,2014,2
2014-11-02 11:00:00,25.294182,38.820175,57.400002,4.918613,1.304051,SE,1.820581,,,11,11,6,2014,2
2014-11-02 12:00:00,12.285775,52.459034,57.400002,4.801333,1.133926,SSO,2.072088,,,11,12,6,2014,2
2014-11-02 13:00:00,11.47662,52.837574,57.400002,4.746793,1.117492,SSO,1.842194,,,11,13,6,2014,2
2014-11-02 14:00:00,7.554377,61.024826,57.400002,4.717052,1.076576,S,2.06304,,,11,14,6,2014,2
2014-11-02 15:00:00,4.745674,67.99247,57.400002,4.83066,1.062015,SSO,2.758019,,,11,15,6,2014,2
2014-11-02 16:00:00,5.734647,67.189545,57.400002,4.788883,1.071866,S,2.753793,,,11,16,6,2014,2
2014-11-02 17:00:00,10.882412,65.256569,57.400002,4.820901,1.133126,S,2.052716,,,11,17,6,2014,2
2014-11-02 18:00:00,11.191658,70.043358,57.400002,4.909043,1.120664,S,1.677195,,,11,18,6,2014,2
2014-11-02 19:00:00,22.545486,57.159763,57.400002,4.90318,1.221563,SSO,1.788738,,,11,19,6,2014,2
2014-11-02 20:00:00,24.718679,51.639408,57.400002,4.882557,1.206706,SSO,1.700747,,,11,20,6,2014,2
2014-11-02 21:00:00,32.776029,46.499737,57.400002,4.963866,1.295735,S,1.510834,,,11,21,6,2014,2
2014-11-02 22:00:00,26.354575,53.650101,57.400002,4.74219,1.250302,SSO,1.762444,,,11,22,6,2014,2
2014-11-02 23:00:00,20.481705,57.123581,57.400002,4.72508,1.240432,SSO,1.336999,,,11,23,6,2014,2
2014-11-03 00:00:00,11.416415,64.76503,57.400002,4.789452,1.115399,SSO,1.789951,,,11,0,0,2014,3
2014-11-03 01:00:00,6.502146,67.46254,,4.717527,1.062258,S,1.776297,,,11,1,0,2014,3
2014-11-03 02:00:00,5.935579,65.307106,,4.613886,1.060399,SSO,2.262599,,,11,2,0,2014,3
2014-11-03 03:00:00,4.212612,64.998093,,4.582043,1.054961,SSO,1.642874,,,11,3,0,2014,3
2014-11-03 04:00:00,3.648402,66.067993,40.099991,4.635967,1.047139,SSO,1.371676,,,11,4,0,2014,3
2014-11-03 05:00:00,4.378438,66.107162,40.099991,4.490145,1.046147,S,1.274935,,,11,5,0,2014,3
2014-11-03 06:00:00,6.134307,65.226143,40.099991,4.414373,1.060361,SSO,1.572375,,,11,6,0,2014,3
2014-11-03 07:00:00,10.295752,63.272903,40.099991,4.707888,1.085144,SSO,1.577639,,,11,7,0,2014,3
2014-11-03 08:00:00,27.637833,47.578403,40.099991,4.626936,1.211264,S,1.624056,,,11,8,0,2014,3
2014-11-03 09:00:00,21.897303,58.718719,40.099991,4.584558,1.152263,S,1.377723,,,11,9,0,2014,3
2014-11-03 10:00:00,10.263438,70.240387,40.099991,4.690363,1.084508,SSE,1.374074,,,11,10,0,2014,3
2014-11-03 11:00:00,13.740452,71.464706,40.099991,4.566624,1.123629,S,1.620506,,,11,11,0,2014,3
2014-11-03 12:00:00,11.618344,74.664162,40.099991,4.706559,1.096424,S,2.449916,,,11,12,0,2014,3
2014-11-03 13:00:00,13.207277,71.697685,40.099991,4.866793,1.099065,SSE,2.876004,,,11,13,0,2014,3
2014-11-03 14:00:00,12.487039,74.331512,40.099991,4.902029,1.106892,SSE,3.181206,,,11,14,0,2014,3
2014-11-03 15:00:00,11.328143,74.655525,40.099991,4.704046,1.10222,S,3.288232,,,11,15,0,2014,3
2014-11-03 16:00:00,12.280965,73.928589,40.099991,4.785164,1.111046,S,2.983419,,,11,16,0,2014,3
2014-11-03 17:00:00,10.987282,73.478424,40.099991,4.671702,1.101088,SSO,2.967561,,,11,17,0,2014,3
2014-11-03 18:00:00,22.917479,59.913754,40.099991,4.797098,1.183722,S,2.267768,,,11,18,0,2014,3
2014-11-03 19:00:00,27.307799,57.307178,40.099991,4.8762,1.199464,S,1.545538,,,11,19,0,2014,3
2014-11-03 20:00:00,39.86608,43.803032,40.099991,4.755334,1.314099,S,1.626628,,,11,20,0,2014,3
2014-11-03 21:00:00,40.311099,34.923664,40.099991,4.595997,1.33732,SE,1.095425,,,11,21,0,2014,3
2014-11-03 22:00:00,55.350621,13.923034,40.099991,4.878598,1.547519,NE,1.127471,,,11,22,0,2014,3
2014-11-03 23:00:00,48.730927,12.03668,40.099991,5.940796,1.541704,NE,1.604305,,,11,23,0,2014,3
2014-11-04 00:00:00,28.845042,23.37533,40.099991,7.242332,1.309014,NE,1.886244,,,11,0,1,2014,4
2014-11-04 01:00:00,13.979918,41.672543,33.200001,6.967469,1.126227,ENE,2.500165,,,11,1,1,2014,4
2014-11-04 02:00:00,6.216857,50.894047,33.200001,6.080616,1.077588,ENE,2.584891,,,11,2,1,2014,4
2014-11-04 03:00:00,3.769838,50.843903,33.200001,5.664392,1.048188,ENE,3.025179,,,11,3,1,2014,4
2014-11-04 04:00:00,3.297783,52.415447,33.200001,5.468521,1.044773,ENE,3.704995,,,11,4,1,2014,4
2014-11-04 05:00:00,3.222787,52.068985,33.200001,5.61029,1.042567,ENE,4.247723,,,11,5,1,2014,4
2014-11-04 06:00:00,3.985876,48.896343,33.200001,5.661527,1.047973,ENE,4.440166,,,11,6,1,2014,4
2014-11-04 07:00:00,7.199502,48.76635,33.200001,5.57719,1.051298,ENE,5.069972,,,11,7,1,2014,4
2014-11-04 08:00:00,16.57097,39.773972,33.200001,5.488332,1.104414,ENE,5.346382,,,11,8,1,2014,4
2014-11-04 09:00:00,18.642609,42.266708,33.200001,5.37683,1.130064,ENE,6.488576,,,11,9,1,2014,4
2014-11-04 10:00:00,16.763601,46.597698,33.200001,5.315711,1.112743,ENE,6.61832,,,11,10,1,2014,4
2014-11-04 11:00:00,14.299813,47.245461,33.200001,5.183517,1.110188,ENE,6.482396,,,11,11,1,2014,4
2014-11-04 12:00:00,17.001132,43.352959,33.200001,5.138017,1.141057,ENE,5.880859,,,11,12,1,2014,4
2014-11-04 13:00:00,14.311174,47.204201,33.200001,5.146316,1.144268,ENE,5.981555,,,11,13,1,2014,4
2014-11-04 14:00:00,13.060278,48.883183,33.200001,5.286453,1.135485,ESE,5.339922,,,11,14,1,2014,4
2014-11-04 15:00:00,13.589841,58.175011,33.200001,5.051597,1.144492,S,4.597192,,,11,15,1,2014,4
2014-11-04 16:00:00,11.264708,67.372894,33.200001,5.344075,1.091957,S,5.211101,,,11,16,1,2014,4
2014-11-04 17:00:00,15.049108,66.534637,33.200001,5.181368,1.082141,S,5.00747,,,11,17,1,2014,4
2014-11-04 18:00:00,20.407591,60.1945,33.200001,4.954481,1.15276,S,4.071878,,,11,18,1,2014,4
2014-11-04 19:00:00,19.181646,57.753826,33.200001,4.976191,1.137401,S,4.435605,,,11,19,1,2014,4
2014-11-04 20:00:00,19.141718,54.226128,33.200001,4.971153,1.11948,S,3.758532,,,11,20,1,2014,4
2014-11-04 21:00:00,11.43626,59.756588,33.200001,4.794687,1.066556,SSO,4.100867,,,11,21,1,2014,4
2014-11-04 22:00:00,15.263037,55.51524,33.200001,4.906219,1.087741,S,2.581731,,,11,22,1,2014,4
2014-11-04 23:00:00,11.644067,60.239162,33.200001,4.752168,1.003812,SSO,2.142212,,,11,23,1,2014,4
2014-11-05 00:00:00,28.418623,38.056396,33.200001,4.910528,1.130712,NO,0.513607,,,11,0,2,2014,5
2014-11-05 01:00:00,16.304849,57.047173,25.9,4.840021,1.187241,S,1.78975,,,11,1,2,2014,5
2014-11-05 02:00:00,5.449814,68.171738,25.9,4.923771,1.116059,S,1.818074,,,11,2,2,2014,5
2014-11-05 03:00:00,7.072145,58.043564,25.9,5.028913,1.13186,S,0.574727,,,11,3,2,2014,5
2014-11-05 04:00:00,7.895967,58.874901,25.9,4.816208,1.048711,ESE,1.66401,,,11,4,2,2014,5
2014-11-05 05:00:00,9.269471,58.464333,25.9,4.680377,0.958045,NE,1.309986,,,11,5,2,2014,5
2014-11-05 06:00:00,9.889764,54.735619,25.9,4.711557,1.031075,ENE,1.529179,,,11,6,2,2014,5
2014-11-05 07:00:00,16.850301,49.960186,25.9,4.921339,1.04096,ENE,1.914681,,,11,7,2,2014,5
2014-11-05 08:00:00,31.280107,35.824944,25.9,4.952057,1.174969,E,1.719782,,,11,8,2,2014,5
2014-11-05 09:00:00,31.360797,41.337173,25.9,5.001097,1.181624,SO,1.790807,,,11,9,2,2014,5
2014-11-05 10:00:00,21.251442,53.982346,25.9,5.135593,1.07873,SSO,2.003337,,,11,10,2,2014,5
2014-11-05 11:00:00,10.346544,65.19191,25.9,5.294551,1.017739,S,2.959386,,,11,11,2,2014,5
2014-11-05 12:00:00,6.148786,70.78727,25.9,5.527856,1.074339,S,3.650186,,,11,12,2,2014,5
2014-11-05 13:00:00,7.05809,71.482155,25.9,5.690937,1.081615,S,3.723843,,,11,13,2,2014,5
2014-11-05 14:00:00,5.963984,73.175117,25.9,5.91314,1.064867,SSO,3.458017,,,11,14,2,2014,5
2014-11-05 15:00:00,7.324818,73.92234,25.9,6.123811,1.080799,S,3.528135,,,11,15,2,2014,5
2014-11-05 16:00:00,8.866504,71.602493,25.9,6.12337,1.088136,S,2.862822,,,11,16,2,2014,5
2014-11-05 17:00:00,9.200852,71.06488,25.9,5.900676,1.074588,SSO,2.686875,,,11,17,2,2014,5
2014-11-05 18:00:00,18.567993,58.876137,25.9,5.882565,1.182195,SSO,2.270657,,,11,18,2,2014,5
2014-11-05 19:00:00,23.567761,53.520802,25.9,5.726117,1.05444,SSO,1.550668,,,11,19,2,2014,5
2014-11-05 20:00:00,40.87766,36.166698,25.9,5.601033,1.148269,S,1.730631,,,11,20,2,2014,5
2014-11-05 21:00:00,41.524889,35.802338,25.9,5.620013,1.137323,S,1.306254,,,11,21,2,2014,5
2014-11-05 22:00:00,43.875871,27.428518,25.9,5.359235,1.163113,N,0.104096,,,11,22,2,2014,5
2014-11-05 23:00:00,65.136949,8.843708,25.9,5.71785,1.743326,NE,1.245193,,,11,23,2,2014,5
2014-11-06 00:00:00,42.783674,10.830488,25.9,6.786777,1.299453,NNE,1.000353,,,11,0,3,2014,6
2014-11-06 01:00:00,37.678499,13.617982,46.400002,6.792662,1.159309,NNE,1.394956,,,11,1,3,2014,6
2014-11-06 02:00:00,19.528204,27.471756,46.400002,6.687859,1.049261,NNE,1.6801,,,11,2,3,2014,6
2014-11-06 03:00:00,21.815236,24.124172,46.400002,6.263572,1.052565,NE,1.650914,,,11,3,3,2014,6
2014-11-06 04:00:00,26.475861,20.253395,46.400002,7.268744,1.06715,NE,2.004035,,,11,4,3,2014,6
2014-11-06 05:00:00,15.474811,27.397791,46.400002,6.797337,1.054627,NE,2.162828,,,11,5,3,2014,6
2014-11-06 06:00:00,13.249727,29.446474,46.400002,6.040894,1.048365,NE,1.885214,,,11,6,3,2014,6
2014-11-06 07:00:00,17.348852,27.935061,46.400002,5.962797,1.062576,NE,1.962563,,,11,7,3,2014,6
2014-11-06 08:00:00,26.914404,24.773331,46.400002,6.004152,1.133504,NE,1.79685,,,11,8,3,2014,6
2014-11-06 09:00:00,30.486261,24.48262,46.400002,5.981569,1.150452,NE,1.971354,,,11,9,3,2014,6
2014-11-06 10:00:00,27.594743,35.559887,46.400002,6.097821,1.151912,ENE,2.263531,,,11,10,3,2014,6
2014-11-06 11:00:00,14.953186,58.099594,46.400002,5.983809,1.068614,ENE,2.469313,,,11,11,3,2014,6
2014-11-06 12:00:00,9.158454,67.143913,46.400002,5.910291,1.054935,ESE,1.67835,,,11,12,3,2014,6
2014-11-06 13:00:00,8.962872,69.597763,46.400002,5.68411,1.051257,SSE,2.131062,,,11,13,3,2014,6
2014-11-06 14:00:00,8.319784,70.878937,46.400002,5.347123,1.085374,SSE,2.356283,,,11,14,3,2014,6
2014-11-06 15:00:00,8.678125,68.928581,46.400002,5.151621,1.082334,S,2.728309,,,11,15,3,2014,6
2014-11-06 16:00:00,10.531548,68.809166,46.400002,4.977046,1.063979,S,2.963619,,,11,16,3,2014,6
2014-11-06 17:00:00,13.122531,68.715439,46.400002,5.024259,1.080673,S,2.63599,,,11,17,3,2014,6
2014-11-06 18:00:00,24.679646,57.143234,46.400002,5.140872,1.164551,S,2.014028,,,11,18,3,2014,6
2014-11-06 19:00:00,43.934957,38.373047,46.400002,5.347425,1.331085,S,1.226411,,,11,19,3,2014,6
2014-11-06 20:00:00,45.754818,26.858635,46.400002,5.169342,1.267372,N,0.284239,,,11,20,3,2014,6
2014-11-06 21:00:00,76.351299,8.355516,46.400002,5.185642,1.77317,SO,0.470569,,,11,21,3,2014,6
2014-11-06 22:00:00,110.711392,8.503286,46.400002,5.948384,2.958668,N,0.356835,,,11,22,3,2014,6
2014-11-06 23:00:00,77.722005,8.098012,46.400002,5.860285,2.315034,N,0.411092,,,11,23,3,2014,6
2014-11-07 00:00:00,61.512565,7.422654,46.400002,7.495528,1.965545,NE,0.98172,,,11,0,4,2014,7
2014-11-07 01:00:00,44.871556,7.46726,,7.663659,1.3883,NE,1.109312,,,11,1,4,2014,7
2014-11-07 02:00:00,38.867516,9.20053,,8.868504,1.220245,NE,0.936673,,,11,2,4,2014,7
2014-11-07 03:00:00,28.885769,14.33619,,10.542226,1.157181,NE,0.894567,,,11,3,4,2014,7
2014-11-07 04:00:00,22.778391,17.285036,41.700001,10.339335,1.112904,NE,0.981463,,,11,4,4,2014,7
2014-11-07 05:00:00,21.489015,17.461151,41.700001,8.320783,1.089518,NE,0.883098,,,11,5,4,2014,7
2014-11-07 06:00:00,24.816426,14.474152,41.700001,8.196198,1.090481,NE,0.905866,,,11,6,4,2014,7
2014-11-07 07:00:00,31.984197,9.936418,41.700001,8.15375,1.089115,NE,1.240177,,,11,7,4,2014,7
2014-11-07 08:00:00,40.960903,8.7772,41.700001,7.241077,1.305579,NE,1.220749,,,11,8,4,2014,7
2014-11-07 09:00:00,42.819966,15.206982,41.700001,9.824228,1.304496,NNE,1.997898,,,11,9,4,2014,7
2014-11-07 10:00:00,29.540764,31.407305,41.700001,10.276427,1.151857,NNE,2.338609,,,11,10,4,2014,7
2014-11-07 11:00:00,14.732922,55.719357,41.700001,7.910265,1.052129,S,2.173297,20.469223,51.010891,11,11,4,2014,7
2014-11-07 12:00:00,6.564288,66.883278,41.700001,6.353262,1.01602,O,1.61054,21.477436,47.268417,11,12,4,2014,7
2014-11-07 13:00:00,14.733236,69.911301,41.700001,5.894161,1.099857,SSO,1.463727,21.674805,48.066643,11,13,4,2014,7
2014-11-07 14:00:00,10.252311,67.581429,41.700001,5.807936,1.060812,SSO,2.276742,21.686632,51.528557,11,14,4,2014,7
2014-11-07 15:00:00,10.184582,65.581383,41.700001,5.537257,1.062428,S,2.942548,21.234058,54.408184,11,15,4,2014,7
2014-11-07 16:00:00,11.481174,74.063339,41.700001,5.474135,1.078867,SSO,2.956459,20.652885,56.185791,11,16,4,2014,7
2014-11-07 17:00:00,10.483591,72.095543,41.700001,5.214021,1.073572,S,2.51419,20.077663,58.62603,11,17,4,2014,7
2014-11-07 18:00:00,16.887191,60.858414,41.700001,4.860118,1.114897,S,1.36256,19.353271,62.87233,11,18,4,2014,7
2014-11-07 19:00:00,42.148198,33.325924,41.700001,5.063789,1.242848,S,0.776556,18.717228,67.560776,11,19,4,2014,7
2014-11-07 20:00:00,55.946411,21.715437,41.700001,5.035911,1.321105,S,0.958735,18.665779,70.911942,11,20,4,2014,7
2014-11-07 21:00:00,50.814834,16.60869,41.700001,4.869012,1.278139,N,0.416811,17.622639,75.602463,11,21,4,2014,7
2014-11-07 22:00:00,70.049582,7.81499,41.700001,5.03577,1.590624,N,0.173181,17.025259,81.447357,11,22,4,2014,7
2014-11-07 23:00:00,80.366893,7.986924,41.700001,5.354426,2.218282,N,0.415788,16.934769,82.719131,11,23,4,2014,7
2014-11-08 00:00:00,62.586248,7.69376,41.700001,5.378168,2.100276,NE,0.883056,16.13047,84.843468,11,0,5,2014,8
2014-11-08 01:00:00,50.139219,7.0137,,6.825407,1.635656,NE,0.947603,15.57858,86.126198,11,1,5,2014,8
2014-11-08 02:00:00,44.256535,7.297572,,9.936234,1.455193,NE,1.118081,15.030385,86.911499,11,2,5,2014,8
2014-11-08 03:00:00,39.773383,7.369942,39.200001,10.606108,1.325968,NE,1.249043,14.713093,87.517189,11,3,5,2014,8
2014-11-08 04:00:00,37.944499,7.232286,39.200001,10.27776,1.241345,NE,1.279771,14.552535,87.376602,11,4,5,2014,8
2014-11-08 05:00:00,37.260734,7.197902,39.200001,11.643564,1.173839,NE,1.468387,14.354088,87.613579,11,5,5,2014,8
2014-11-08 06:00:00,36.371071,7.063526,39.200001,10.139587,1.133474,NE,1.633983,14.233715,88.090652,11,6,5,2014,8
2014-11-08 07:00:00,36.297748,8.116728,39.200001,12.165519,1.15043,NE,1.767999,14.472862,87.906044,11,7,5,2014,8
2014-11-08 08:00:00,35.994079,9.366414,39.200001,10.400833,1.172665,NNE,2.192254,14.676465,87.179062,11,8,5,2014,8
2014-11-08 09:00:00,38.584729,12.726198,39.200001,9.522948,1.269556,NE,1.752618,16.246298,84.277359,11,9,5,2014,8
2014-11-08 10:00:00,32.841272,20.191534,39.200001,8.645233,1.219764,NE,2.569326,17.994535,78.862595,11,10,5,2014,8
2014-11-08 11:00:00,23.84838,32.699902,39.200001,7.774554,1.159434,ENE,2.359278,19.729202,73.997696,11,11,5,2014,8
2014-11-08 12:00:00,17.99918,36.39172,39.200001,5.875287,1.172158,SSE,3.162648,18.615719,82.842216,11,12,5,2014,8
2014-11-08 13:00:00,16.681918,42.006912,39.200001,5.094774,1.185152,E,2.26336,18.241482,91.149933,11,13,5,2014,8
2014-11-08 14:00:00,10.261661,56.29879,39.200001,5.140255,1.102818,SE,2.429947,19.822819,81.854492,11,14,5,2014,8
2014-11-08 15:00:00,10.220072,55.522491,39.200001,5.013467,1.123512,SE,3.225365,19.983036,77.147026,11,15,5,2014,8
2014-11-08 16:00:00,12.686155,51.987617,39.200001,4.995263,1.139937,SE,2.65949,18.647297,85.308739,11,16,5,2014,8
2014-11-08 17:00:00,14.247173,51.417877,39.200001,4.957755,1.132685,SE,2.073488,18.602221,86.570206,11,17,5,2014,8
2014-11-08 18:00:00,18.875213,47.829052,39.200001,4.841089,1.181318,SSE,2.140826,18.484085,84.704445,11,18,5,2014,8
2014-11-08 19:00:00,23.736109,45.976593,39.200001,4.743901,1.250605,SSE,2.209456,18.314568,82.687492,11,19,5,2014,8
2014-11-08 20:00:00,39.986723,30.781422,39.200001,4.95909,1.343048,ESE,1.057864,18.205633,80.323357,11,20,5,2014,8
2014-11-08 21:00:00,44.428061,22.629539,39.200001,4.981838,1.392285,ENE,1.463541,17.838045,83.46347,11,21,5,2014,8
2014-11-08 22:00:00,28.331749,36.725704,39.200001,4.976904,1.24721,E,1.73391,17.568913,85.243752,11,22,5,2014,8
2014-11-08 23:00:00,22.020337,41.184082,39.200001,4.717057,1.189241,E,1.550028,17.333941,82.138206,11,23,5,2014,8
2014-11-09 00:00:00,22.522442,39.576939,39.200001,4.850402,1.174428,ENE,1.640712,17.224178,78.500702,11,0,6,2014,9
2014-11-09 01:00:00,13.367082,48.904633,,4.892821,1.099131,ENE,1.992555,16.839195,81.138817,11,1,6,2014,9
2014-11-09 02:00:00,8.908607,51.944149,,4.818525,1.069261,ENE,2.502031,17.070641,80.410484,11,2,6,2014,9
2014-11-09 03:00:00,6.106904,53.068218,,5.030582,1.061026,ENE,3.244281,17.093464,79.217125,11,3,6,2014,9
2014-11-09 04:00:00,3.719402,55.500896,16.29999,5.013424,1.039003,E,2.987854,16.269054,85.10331,11,4,6,2014,9
2014-11-09 05:00:00,2.132786,68.759003,16.29999,4.891125,1.038818,SE,3.257136,15.716388,90.307457,11,5,6,2014,9
2014-11-09 06:00:00,3.072361,70.872101,16.29999,4.939046,1.042259,SSE,3.065488,15.22086,93.176147,11,6,6,2014,9
2014-11-09 07:00:00,4.618896,66.953072,16.29999,4.779554,1.060968,SSE,1.986207,15.709024,93.226257,11,7,6,2014,9
2014-11-09 08:00:00,7.515684,62.730511,16.29999,4.874381,1.078551,S,2.985744,15.725305,90.870094,11,8,6,2014,9
2014-11-09 09:00:00,5.291506,65.679779,16.29999,3.8821,1.058645,S,4.537582,17.108013,77.369553,11,9,6,2014,9
2014-11-09 10:00:00,7.060462,66.055016,16.29999,4.304326,1.076773,S,4.32281,17.393768,70.489372,11,10,6,2014,9
2014-11-09 11:00:00,6.644294,69.978996,16.29999,4.860623,1.070419,S,5.000405,18.126232,66.009254,11,11,6,2014,9
2014-11-09 12:00:00,4.617404,74.060928,16.29999,4.885312,1.044808,SSO,4.786564,17.649162,65.237236,11,12,6,2014,9
2014-11-09 13:00:00,5.391536,73.237694,16.29999,4.880571,1.045337,S,3.62024,17.547474,65.675308,11,13,6,2014,9
2014-11-09 14:00:00,11.110471,69.186813,16.29999,4.841383,1.111672,S,3.735419,17.230795,67.43145,11,14,6,2014,9
2014-11-09 15:00:00,6.361331,76.433632,16.29999,4.954073,1.060204,SSO,3.390372,17.966961,57.600353,11,15,6,2014,9
2014-11-09 16:00:00,8.221139,74.018105,16.29999,4.897784,1.081781,SSO,3.917148,17.724424,57.999313,11,16,6,2014,9
2014-11-09 17:00:00,11.92586,69.937088,16.29999,4.945174,1.12106,S,3.197246,17.406082,61.747929,11,17,6,2014,9
2014-11-09 18:00:00,19.59209,63.334404,16.29999,4.865995,1.158497,S,2.358368,17.078035,61.945557,11,18,6,2014,9
2014-11-09 19:00:00,35.804048,48.544075,16.29999,4.996972,1.26375,S,1.544615,16.892752,60.044052,11,19,6,2014,9
2014-11-09 20:00:00,33.45837,43.683624,16.29999,4.86552,1.246237,ENE,1.400568,15.379558,72.075119,11,20,6,2014,9
2014-11-09 21:00:00,57.410507,15.942414,16.29999,4.684926,1.382421,NNE,1.539327,14.526857,81.16188,11,21,6,2014,9
2014-11-09 22:00:00,43.508981,28.63134,16.29999,4.863979,1.302794,NE,1.303796,14.054603,84.916023,11,22,6,2014,9
2014-11-09 23:00:00,39.508833,24.8437,16.29999,4.9514,1.327584,NE,1.095037,13.918019,86.601814,11,23,6,2014,9
2014-11-10 00:00:00,17.832298,41.272675,16.29999,4.885235,1.156257,NE,1.673955,13.801413,88.384537,11,0,0,2014,10
2014-11-10 01:00:00,8.743728,55.042942,,4.806414,1.082489,ENE,1.712288,13.32353,88.937485,11,1,0,2014,10
2014-11-10 02:00:00,6.275899,59.721882,25.200001,4.788931,1.074953,ENE,1.753064,13.121758,85.007767,11,2,0,2014,10
2014-11-10 03:00:00,3.60312,63.132725,25.200001,4.799469,1.063633,ENE,2.180787,13.155843,81.393829,11,3,0,2014,10
2014-11-10 04:00:00,4.81617,53.052414,25.200001,4.931255,1.091133,ENE,1.340376,13.335262,83.29657,11,4,0,2014,10
2014-11-10 05:00:00,5.992957,50.362022,25.200001,4.870462,1.068935,ENE,1.210235,13.245823,85.997307,11,5,0,2014,10
2014-11-10 06:00:00,8.871207,40.872311,25.200001,4.846509,1.060109,ESE,1.556136,12.881727,87.781776,11,6,0,2014,10
2014-11-10 07:00:00,25.004996,24.407906,25.200001,4.870211,1.140541,NE,1.801981,12.3199,90.209908,11,7,0,2014,10
2014-11-10 08:00:00,41.7006,15.576352,25.200001,5.132141,1.298756,NE,1.870008,12.457294,91.184021,11,8,0,2014,10
2014-11-10 09:00:00,45.532399,20.186256,25.200001,5.179141,1.369938,NE,1.924327,13.828143,88.712822,11,9,0,2014,10
2014-11-10 10:00:00,34.104593,38.4664,25.200001,5.400537,1.224303,ENE,2.219442,16.068001,77.987846,11,10,0,2014,10
2014-11-10 11:00:00,22.562261,53.607239,25.200001,5.410625,1.150546,ENE,2.371519,17.287071,70.676826,11,11,0,2014,10
2014-11-10 12:00:00,12.047709,70.173714,25.200001,5.670781,1.093532,ESE,1.957473,18.178329,62.399017,11,12,0,2014,10
2014-11-10 13:00:00,12.539656,72.099823,25.200001,5.57578,1.084784,SE,1.566872,18.413134,54.099506,11,13,0,2014,10
2014-11-10 14:00:00,12.513072,71.48748,25.200001,5.394351,1.10649,S,2.767314,18.715874,49.327423,11,14,0,2014,10
2014-11-10 15:00:00,13.208203,71.651558,25.200001,5.175819,1.099225,SSE,2.471253,18.365654,52.426498,11,15,0,2014,10
2014-11-10 16:00:00,15.018869,69.530884,25.200001,5.138057,1.111183,SSE,1.924213,18.017733,55.782654,11,16,0,2014,10
2014-11-10 17:00:00,20.03228,64.23925,25.200001,4.925835,1.153543,SSE,1.843349,17.739275,56.955597,11,17,0,2014,10
2014-11-10 18:00:00,32.177813,50.977753,25.200001,5.142305,1.211289,SE,1.522146,17.612797,59.053249,11,18,0,2014,10
2014-11-10 19:00:00,25.207653,59.019695,25.200001,5.028926,1.177584,E,1.143751,16.933584,70.491478,11,19,0,2014,10
2014-11-10 20:00:00,45.331533,25.857559,25.200001,5.000494,1.384115,N,0.654644,15.66361,79.732056,11,20,0,2014,10
2014-11-10 21:00:00,72.04531,8.34874,25.200001,5.414317,1.570154,NE,0.501701,15.938231,80.079056,11,21,0,2014,10
2014-11-10 22:00:00,60.990176,13.300676,25.200001,5.400374,1.376792,NE,0.98885,15.797277,79.193085,11,22,0,2014,10
2014-11-10 23:00:00,41.868121,22.60132,25.200001,5.610885,1.241853,NE,0.998495,15.844759,78.388,11,23,0,2014,10
2014-11-11 00:00:00,33.09599,27.875404,25.200001,6.202942,1.179605,NE,1.274363,15.76397,80.286934,11,0,1,2014,11
2014-11-11 01:00:00,18.082227,36.146187,20.1,6.271921,1.122496,NE,1.545786,15.393902,82.86908,11,1,1,2014,11
2014-11-11 02:00:00,10.580921,42.382858,20.1,6.092793,1.072305,ENE,1.876476,15.314033,82.063255,11,2,1,2014,11
2014-11-11 03:00:00,7.950275,38.20417,20.1,5.860357,1.068208,ENE,1.996799,15.0855,81.939178,11,3,1,2014,11
2014-11-11 04:00:00,8.177252,36.187981,20.1,5.755399,1.049039,NE,2.204046,14.679382,81.562302,11,4,1,2014,11
2014-11-11 05:00:00,7.15372,45.05381,20.1,5.890621,1.046953,ENE,2.480057,14.363243,78.361374,11,5,1,2014,11
2014-11-11 06:00:00,6.778739,49.589226,20.1,5.884397,1.032264,ENE,3.439565,14.406825,73.71608,11,6,1,2014,11
2014-11-11 07:00:00,12.278374,42.500732,20.1,5.648246,1.04178,NE,4.06903,14.05725,73.169441,11,7,1,2014,11
2014-11-11 08:00:00,25.529084,38.477901,20.1,5.533292,1.136735,NE,4.247269,14.530792,69.269127,11,8,1,2014,11
2014-11-11 09:00:00,26.513893,44.575855,20.1,5.661602,1.154949,ENE,4.842966,15.579938,67.04985,11,9,1,2014,11
2014-11-11 10:00:00,24.407912,48.127003,20.1,5.528521,1.13478,ENE,4.674183,16.828815,66.000641,11,10,1,2014,11
2014-11-11 11:00:00,22.988492,51.499672,20.1,5.472117,1.135829,ENE,5.011289,18.352116,68.273499,11,11,1,2014,11
2014-11-11 12:00:00,16.522956,57.0937,20.1,5.340966,1.114523,ENE,5.785533,19.719269,68.235504,11,12,1,2014,11
2014-11-11 13:00:00,18.301953,58.265541,20.1,5.326354,1.148602,ENE,5.350595,21.195152,65.464661,11,13,1,2014,11
2014-11-11 14:00:00,14.349016,57.165253,20.1,5.167817,1.111049,E,5.17319,20.470417,71.473953,11,14,1,2014,11
2014-11-11 15:00:00,14.797335,55.626022,20.1,5.206287,1.12766,E,5.007394,20.789063,72.380608,11,15,1,2014,11
2014-11-11 16:00:00,13.084766,55.39085,20.1,5.099548,1.109716,E,4.94724,20.571457,73.053719,11,16,1,2014,11
2014-11-11 17:00:00,15.272514,50.730251,20.1,5.080295,1.117734,E,4.526951,20.072037,76.661911,11,17,1,2014,11
2014-11-11 18:00:00,12.448421,52.463852,20.1,5.063874,1.111728,E,4.850039,19.443928,79.025162,11,18,1,2014,11
2014-11-11 19:00:00,17.268318,43.860046,20.1,5.084446,1.150141,ENE,4.156794,18.467299,87.177414,11,19,1,2014,11
2014-11-11 20:00:00,23.472131,42.203449,20.1,5.024807,1.170228,SE,2.889499,17.699389,91.225845,11,20,1,2014,11
2014-11-11 21:00:00,22.442711,49.373791,20.1,5.047606,1.226455,E,2.254044,16.709801,94.047417,11,21,1,2014,11
2014-11-11 22:00:00,30.574947,39.65987,20.1,4.971196,1.200661,ENE,1.937262,16.589397,95.216141,11,22,1,2014,11
2014-11-11 23:00:00,16.222276,48.588799,20.1,4.82104,1.089054,ENE,2.518948,16.693792,95.433823,11,23,1,2014,11
2014-11-12 00:00:00,8.042758,53.445877,20.1,4.894586,1.063095,ENE,3.068797,16.597095,95.205048,11,0,2,2014,12
2014-11-12 01:00:00,4.489917,59.323189,,4.823686,1.042516,ENE,3.116441,16.507349,94.228355,11,1,2,2014,12
2014-11-12 02:00:00,8.276121,49.231483,,4.815596,1.040064,ENE,3.067774,16.415001,92.895607,11,2,2,2014,12
2014-11-12 03:00:00,3.380813,56.033623,,4.535786,1.038296,ENE,3.25067,16.217197,93.243172,11,3,2,2014,12
2014-11-12 04:00:00,2.289595,55.854301,29.5,4.740182,1.028185,ENE,3.05853,16.480324,93.297646,11,4,2,2014,12
2014-11-12 05:00:00,2.534677,50.235336,29.5,5.012455,1.033297,ENE,3.43215,16.868635,93.190323,11,5,2,2014,12
2014-11-12 06:00:00,5.033423,44.689465,29.5,4.965527,1.042934,NE,2.804423,16.874367,93.647636,11,6,2,2014,12
2014-11-12 07:00:00,10.340256,38.132378,29.5,4.923568,1.073437,NE,2.759024,16.950781,94.060806,11,7,2,2014,12
2014-11-12 08:00:00,29.055513,23.515717,29.5,4.853588,1.238216,NE,2.267526,17.090586,94.235199,11,8,2,2014,12
2014-11-12 09:00:00,35.416684,20.979366,29.5,5.058769,1.302761,ENE,2.337494,17.444267,93.911919,11,9,2,2014,12
2014-11-12 10:00:00,28.897225,30.751957,29.5,4.953253,1.231064,NE,2.761954,18.244057,92.059547,11,10,2,2014,12
2014-11-12 11:00:00,26.378632,39.293636,29.5,4.789986,1.192011,ENE,2.748088,19.269665,83.344284,11,11,2,2014,12
2014-11-12 12:00:00,26.241131,44.10733,29.5,4.959838,1.198049,ENE,2.825904,19.926941,77.363174,11,12,2,2014,12
2014-11-12 13:00:00,22.574232,53.721947,29.5,4.979144,1.234978,E,2.373736,20.681248,72.413673,11,13,2,2014,12
2014-11-12 14:00:00,27.944149,45.601906,29.5,5.075035,1.244363,E,1.700575,19.479267,78.460434,11,14,2,2014,12
2014-11-12 15:00:00,29.933596,42.539482,29.5,5.012089,1.264218,E,1.911095,19.116329,84.67202,11,15,2,2014,12
2014-11-12 16:00:00,28.348464,42.874084,29.5,4.898812,1.240763,E,2.053411,19.30592,81.852493,11,16,2,2014,12
2014-11-12 17:00:00,48.302221,29.798586,29.5,4.99085,1.316873,ENE,1.735769,19.07766,74.337906,11,17,2,2014,12
2014-11-12 18:00:00,53.218014,21.965382,29.5,5.104968,1.40062,E,1.3589310000000001,19.089359,76.189072,11,18,2,2014,12
2014-11-12 19:00:00,56.15865,15.064236,29.5,4.989648,1.468091,ENE,1.38513,18.838146,82.037071,11,19,2,2014,12
2014-11-12 20:00:00,62.642453,8.14953,29.5,5.162432,1.566898,NE,1.076719,17.98134,86.124565,11,20,2,2014,12
2014-11-12 21:00:00,60.624298,7.678718,29.5,5.043152,1.550014,ENE,0.909221,17.764887,88.209366,11,21,2,2014,12
2014-11-12 22:00:00,51.196646,8.916544,29.5,5.172151,1.487976,NE,1.242803,17.423031,89.433487,11,22,2,2014,12
2014-11-12 23:00:00,37.274581,13.607934,29.5,4.966187,1.363546,ENE,1.017125,17.132578,90.915573,11,23,2,2014,12
2014-11-13 00:00:00,34.606651,12.28444,29.5,5.172938,1.265728,NE,1.104521,16.349237,91.397156,11,0,3,2014,13
2014-11-13 01:00:00,20.171238,29.928724,28.9,5.133302,1.175379,ENE,1.269709,16.81101,91.784248,11,1,3,2014,13
2014-11-13 02:00:00,13.310784,31.439756,28.9,4.907524,1.129595,NE,1.204244,16.305851,91.94706,11,2,3,2014,13
2014-11-13 03:00:00,13.922566,31.983749,28.9,5.098055,1.116762,ENE,1.313046,15.992298,93.058266,11,3,3,2014,13
2014-11-13 04:00:00,8.628371,36.069569,28.9,5.097754,1.094535,NE,1.488522,16.046392,93.730125,11,4,3,2014,13
2014-11-13 05:00:00,8.076144,35.901001,28.9,4.921654,1.093578,NE,1.700726,16.521358,93.864014,11,5,3,2014,13
2014-11-13 06:00:00,11.009048,23.013203,28.9,4.958732,1.104987,NE,1.347327,16.322842,94.101067,11,6,3,2014,13
2014-11-13 07:00:00,19.165971,18.216776,28.9,4.915014,1.116855,NE,1.562468,16.090418,94.576004,11,7,3,2014,13
2014-11-13 08:00:00,32.869699,10.144908,28.9,5.101457,1.363566,NE,1.641678,15.992432,94.535004,11,8,3,2014,13
2014-11-13 09:00:00,34.078979,15.954552,28.9,5.101601,1.404634,NE,2.274525,16.908583,93.410797,11,9,3,2014,13
2014-11-13 10:00:00,29.295658,31.805756,28.9,5.060438,1.241817,ENE,2.779753,18.58526,87.829102,11,10,3,2014,13
2014-11-13 11:00:00,17.902301,49.841282,28.9,4.893216,1.170546,NE,3.204257,20.429552,73.85862,11,11,3,2014,13
2014-11-13 12:00:00,18.460095,53.979797,28.9,5.050882,1.176278,ENE,3.187054,21.446609,67.565323,11,12,3,2014,13
2014-11-13 13:00:00,16.853205,59.136108,28.9,5.131577,1.15733,ENE,3.034842,22.199188,62.516708,11,13,3,2014,13
2014-11-13 14:00:00,15.403799,59.91198,28.9,5.21145,1.141272,ESE,3.010015,22.316772,61.149937,11,14,3,2014,13
2014-11-13 15:00:00,13.992913,62.285336,28.9,5.039999,1.132869,SE,3.807567,20.644547,69.843002,11,15,3,2014,13
2014-11-13 16:00:00,11.829976,58.62085,28.9,5.186937,1.125424,SE,3.32939,20.629152,70.766678,11,16,3,2014,13
2014-11-13 17:00:00,17.918714,54.309208,28.9,5.115862,1.161133,ESE,2.838642,20.29595,72.02903,11,17,3,2014,13
2014-11-13 18:00:00,22.909768,46.72596,28.9,4.904857,1.21305,SE,2.47223,19.680637,76.599129,11,18,3,2014,13
2014-11-13 19:00:00,31.530216,38.107708,28.9,5.099201,1.314967,ESE,2.204181,18.948921,85.434357,11,19,3,2014,13
2014-11-13 20:00:00,33.29589,28.73494,28.9,5.111897,1.340252,E,2.054308,18.463333,87.718552,11,20,3,2014,13
2014-11-13 21:00:00,41.872515,16.821339,28.9,5.050041,1.271989,ENE,2.381896,18.0585,86.682022,11,21,3,2014,13
2014-11-13 22:00:00,22.900198,33.48283,28.9,5.116559,1.254786,ENE,2.809662,17.801043,85.259323,11,22,3,2014,13
2014-11-13 23:00:00,14.770379,38.803875,28.9,5.147656,1.158518,ENE,2.92666,17.380711,84.805756,11,23,3,2014,13
2014-11-14 00:00:00,11.103382,39.227119,28.9,5.285222,1.079738,ENE,2.947411,17.186604,84.875687,11,0,4,2014,14
2014-11-14 01:00:00,7.044567,39.957634,18.4,5.215519,1.056166,ENE,3.163894,16.959188,84.456551,11,1,4,2014,14
2014-11-14 02:00:00,4.671069,43.960407,18.4,5.229262,1.04816,ENE,3.666208,16.536253,85.195999,11,2,4,2014,14
2014-11-14 03:00:00,3.510872,43.288033,18.4,5.280294,1.043983,ENE,3.203851,16.398512,83.960449,11,3,4,2014,14
2014-11-14 04:00:00,2.927671,45.043907,18.4,5.365531,1.045936,ENE,3.588537,16.333702,84.766922,11,4,4,2014,14
2014-11-14 05:00:00,3.28855,42.440216,18.4,5.319788,1.050237,NE,3.432845,15.892648,86.672325,11,5,4,2014,14
2014-11-14 06:00:00,4.809225,37.799393,18.4,5.268268,1.03985,NE,3.746213,15.39991,88.414047,11,6,4,2014,14
2014-11-14 07:00:00,9.926165,34.705563,18.4,5.266965,1.062188,ENE,3.332227,15.521159,89.331253,11,7,4,2014,14
2014-11-14 08:00:00,19.511377,30.776852,18.4,5.181664,1.140799,NE,3.931817,16.232357,88.342926,11,8,4,2014,14
2014-11-14 09:00:00,25.261783,26.521236,18.4,5.284672,1.201366,NE,4.159937,16.805277,85.227951,11,9,4,2014,14
2014-11-14 10:00:00,21.631844,32.039383,18.4,5.136931,1.156578,ENE,4.054969,17.941761,80.917374,11,10,4,2014,14
2014-11-14 11:00:00,18.60939,40.21093,18.4,5.12443,1.131341,ENE,4.61088,19.659168,74.170395,11,11,4,2014,14
2014-11-14 12:00:00,15.615778,45.265511,18.4,5.181343,1.141063,ENE,5.251156,20.318197,71.913574,11,12,4,2014,14
2014-11-14 13:00:00,10.997228,51.647541,18.4,5.106541,1.118423,ENE,5.695735,21.444981,68.513977,11,13,4,2014,14
2014-11-14 14:00:00,8.109572,54.380035,18.4,5.266207,1.085515,E,5.404603,22.224049,64.832077,11,14,4,2014,14
2014-11-14 15:00:00,9.180235,51.822433,18.4,5.193823,1.106518,E,4.982136,22.256847,62.944809,11,15,4,2014,14
2014-11-14 16:00:00,15.870813,45.658752,18.4,5.140151,1.1289,E,3.325405,22.024242,65.319901,11,16,4,2014,14
2014-11-14 17:00:00,18.868822,42.771767,18.4,5.282497,1.157013,SE,3.45326,21.274788,71.167107,11,17,4,2014,14
2014-11-14 18:00:00,19.250827,38.330807,18.4,5.181261,1.165753,ESE,3.597624,18.900515,87.562706,11,18,4,2014,14
2014-11-14 19:00:00,22.261158000000002,36.34935,18.4,5.132632,1.176165,ESE,3.474149,18.210752,92.668732,11,19,4,2014,14
2014-11-14 20:00:00,17.580974,45.788673,18.4,4.963963,1.167621,SE,3.462799,17.165171,94.971642,11,20,4,2014,14
2014-11-14 21:00:00,15.61143,54.43314,18.4,4.953141,1.12773,SE,2.85579,15.913845,96.100288,11,21,4,2014,14
2014-11-14 22:00:00,20.397401,47.67989,18.4,4.898718,1.150305,E,1.918625,16.153702,96.757828,11,22,4,2014,14
2014-11-14 23:00:00,13.745006,51.55545,18.4,4.896628,1.125445,E,1.958205,16.192842,97.188812,11,23,4,2014,14
2014-11-15 00:00:00,10.750767,54.149685,18.4,4.859953,1.1068,ENE,1.904148,16.138882,97.668358,11,0,5,2014,15
2014-11-15 01:00:00,10.777717,51.508762,31.79999,4.90161,1.107807,ENE,1.711614,16.31881,97.560776,11,1,5,2014,15
2014-11-15 02:00:00,6.962433,49.750942,31.79999,4.85021,1.075659,NE,1.509303,16.280386,97.371933,11,2,5,2014,15
2014-11-15 03:00:00,4.302495,52.688782,31.79999,4.777888,1.062176,NE,1.70169,16.318747,97.542328,11,3,5,2014,15
2014-11-15 04:00:00,3.910742,52.218674,31.79999,4.819695,1.053339,ENE,1.490018,16.245718,97.25,11,4,5,2014,15
2014-11-15 05:00:00,5.843364,44.21138,31.79999,4.743314,1.065975,NE,1.25107,16.172293,97.126511,11,5,5,2014,15
2014-11-15 06:00:00,8.499601,39.392258,31.79999,4.914231,1.069363,NE,1.363818,15.766413,97.341194,11,6,5,2014,15
2014-11-15 07:00:00,26.464264,26.084734,31.79999,4.847358,1.126065,NE,1.123177,15.447695,97.672699,11,7,5,2014,15
2014-11-15 08:00:00,45.213608,13.337118,31.79999,5.076797,1.321509,NE,1.214626,15.289612,97.651192,11,8,5,2014,15
2014-11-15 09:00:00,40.364742,20.739569,31.79999,5.032293,1.317535,ENE,1.45745,16.497419,96.859749,11,9,5,2014,15
2014-11-15 10:00:00,32.960356,35.202991,31.79999,5.008474,1.267823,ESE,1.602957,18.056772,91.744949,11,10,5,2014,15
2014-11-15 11:00:00,19.858343,55.709221,31.79999,5.076888,1.191644,S,2.849306,16.654852,85.840652,11,11,5,2014,15
2014-11-15 12:00:00,15.616962,60.232395,31.79999,5.002229,1.134127,SSO,1.190134,18.258917,79.732559,11,12,5,2014,15
2014-11-15 13:00:00,8.665223,67.596466,31.79999,4.995744,1.073847,SO,0.932403,19.421242,69.393188,11,13,5,2014,15
2014-11-15 14:00:00,6.042753,70.623276,31.79999,5.081202,1.053584,SSO,1.942685,19.279062,64.929214,11,14,5,2014,15
2014-11-15 15:00:00,5.063904,70.463264,31.79999,5.02545,1.053069,SSO,1.88573,19.10001,68.824951,11,15,5,2014,15
2014-11-15 16:00:00,5.800591,68.329842,31.79999,5.062005,1.059174,SO,1.405615,19.203865,67.727234,11,16,5,2014,15
2014-11-15 17:00:00,5.499144,68.983582,31.79999,5.057829,1.05023,S,1.60271,18.917677,66.701462,11,17,5,2014,15
2014-11-15 18:00:00,12.910597,58.88459,31.79999,5.017304,1.082131,S,0.76152,18.266712,69.422928,11,18,5,2014,15
2014-11-15 19:00:00,51.34193,20.382816,31.79999,5.087893,1.336888,S,0.57254,17.487787,74.14698,11,19,5,2014,15
2014-11-15 20:00:00,61.927733,8.508084,31.79999,5.136488,1.548736,N,0.124542,16.820614,77.315895,11,20,5,2014,15
2014-11-15 21:00:00,62.69629,7.699614,31.79999,5.13346,1.563472,N,0.075876,16.069321,81.718689,11,21,5,2014,15
2014-11-15 22:00:00,66.637012,7.666464,31.79999,5.270212,1.683152,NNO,0.288338,16.084644,80.418449,11,22,5,2014,15
2014-11-15 23:00:00,74.298346,7.9432,31.79999,5.439714,2.0216,N,0.0,15.4925,83.668259,11,23,5,2014,15
2014-11-16 00:00:00,69.953683,8.01808,31.79999,5.442499,2.082217,N,0.0,15.006778,86.833969,11,0,6,2014,16
2014-11-16 01:00:00,72.239994,8.034312,43.599991,5.6156,2.200991,N,0.0,14.99291,88.198753,11,1,6,2014,16
2014-11-16 02:00:00,68.128697,7.762644,43.599991,5.592998,2.196016,N,0.0,14.571867,90.560982,11,2,6,2014,16
2014-11-16 03:00:00,55.947886,7.607606,43.599991,5.394132,1.797522,N,0.0,14.077189,92.605232,11,3,6,2014,16
2014-11-16 04:00:00,43.897285,7.32961,43.599991,5.209912,1.485801,N,0.0,13.535913,94.090866,11,4,6,2014,16
2014-11-16 05:00:00,42.382234,7.949672,43.599991,5.235627,1.370636,N,0.095086,13.49155,94.18457,11,5,6,2014,16
2014-11-16 06:00:00,30.497849,17.014086,43.599991,5.264111,1.212172,N,0.337208,13.58862,92.417542,11,6,6,2014,16
2014-11-16 07:00:00,28.410947,18.089104,43.599991,5.037465,1.214696,N,0.598822,13.524518,88.913918,11,7,6,2014,16
2014-11-16 08:00:00,43.122921,11.738582,43.599991,5.144201,1.375818,ESE,0.54475,13.476015,88.08007,11,8,6,2014,16
2014-11-16 09:00:00,25.98915,24.604179,43.599991,5.153551,1.16665,N,0.184507,14.325835,84.96682,11,9,6,2014,16
2014-11-16 10:00:00,27.919553,34.766388,43.599991,5.130205,1.290891,NO,1.277202,15.78907,78.683487,11,10,6,2014,16
2014-11-16 11:00:00,22.680472,51.821892,43.599991,5.592299,1.241524,ONO,1.799047,17.921173,64.910355,11,11,6,2014,16
2014-11-16 12:00:00,13.295122,58.335526,43.599991,13.672464,1.079013,ONO,1.705081,19.009895,54.824814,11,12,6,2014,16
2014-11-16 13:00:00,9.189535,64.133354,43.599991,10.088606,1.052355,O,1.861295,19.920935,52.166183,11,13,6,2014,16
2014-11-16 14:00:00,5.599797,71.106133,43.599991,7.073978,1.055544,N,1.928064,19.785572,54.744671,11,14,6,2014,16
2014-11-16 15:00:00,5.222492,73.241119,43.599991,6.230918,1.052819,OSO,1.774843,19.20187,57.475334,11,15,6,2014,16
2014-11-16 16:00:00,6.071422,68.786758,43.599991,5.690956,1.054933,SSO,1.850792,18.752066,59.406044,11,16,6,2014,16
2014-11-16 17:00:00,8.849498,65.569847,43.599991,5.516041,1.073013,S,1.412323,18.079731,62.507931,11,17,6,2014,16
2014-11-16 18:00:00,13.681532,61.507389,43.599991,5.337747,1.093197,N,1.227919,17.510849,64.599777,11,18,6,2014,16
2014-11-16 19:00:00,30.287728,42.833393,43.599991,5.499831,1.147161,ONO,1.305493,17.046192,65.722153,11,19,6,2014,16
2014-11-16 20:00:00,35.128884,37.136471,43.599991,5.635615,1.163982,ONO,1.124056,16.785168,68.522713,11,20,6,2014,16
2014-11-16 21:00:00,38.624857,31.624504,43.599991,6.176698,1.147016,ONO,1.178785,16.645864,71.582817,11,21,6,2014,16
2014-11-16 22:00:00,34.106575,32.009621,43.599991,7.978436,1.179587,ONO,1.431355,16.102762,75.695518,11,22,6,2014,16
2014-11-16 23:00:00,35.511996,21.71998,43.599991,7.920475,1.284802,ONO,0.694454,14.9226,79.640106,11,23,6,2014,16
2014-11-17 00:00:00,40.125544,13.317844,43.599991,6.588105,1.354337,ONO,0.734329,14.04619,86.20401,11,0,0,2014,17
2014-11-17 01:00:00,36.015704,16.214874,26.700001,6.066814,1.293178,N,0.47674,13.578172,88.833977,11,1,0,2014,17
2014-11-17 02:00:00,19.136397,31.062841,26.700001,5.90538,1.166206,NO,0.470972,13.122132,88.393326,11,2,0,2014,17
2014-11-17 03:00:00,10.955267,37.46056,26.700001,5.620772,1.115246,NO,0.73614,12.755865,86.550766,11,3,0,2014,17
2014-11-17 04:00:00,9.319402,39.789604,26.700001,5.451569,1.086916,NO,0.580328,12.680094,82.689682,11,4,0,2014,17
2014-11-17 05:00:00,8.253474,38.729984,26.700001,5.51002,1.074515,N,0.279557,12.523298,80.483032,11,5,0,2014,17
2014-11-17 06:00:00,10.559548,37.664185,26.700001,5.389716,1.073921,NO,0.58322,12.319082,80.799622,11,6,0,2014,17
2014-11-17 07:00:00,19.744697,30.145271,26.700001,5.344133,1.093734,NO,0.603451,12.380713,77.618431,11,7,0,2014,17
2014-11-17 08:00:00,32.485832,25.613306,26.700001,5.304521,1.122293,NO,1.404582,12.75298,75.785538,11,8,0,2014,17
2014-11-17 09:00:00,44.425838,25.409164,26.700001,5.393704,1.26728,ONO,2.052538,14.787338,69.03363,11,9,0,2014,17
2014-11-17 10:00:00,34.901617,42.297104,26.700001,5.800658,1.252754,ONO,2.5352,16.787951,62.853886,11,10,0,2014,17
2014-11-17 11:00:00,18.530575,57.083767,26.700001,9.31618,1.095369,ONO,2.636224,18.230696,57.593395,11,11,0,2014,17
2014-11-17 12:00:00,9.748273,66.342171,26.700001,12.149891,1.059669,ONO,2.898802,18.785168,54.921448,11,12,0,2014,17
2014-11-17 13:00:00,8.865467,69.11602,26.700001,7.560586,1.062891,ONO,2.654713,19.128338,55.233109,11,13,0,2014,17
2014-11-17 14:00:00,9.550766,69.870033,26.700001,6.470222,1.067368,ONO,2.336406,19.328955,54.476864,11,14,0,2014,17
2014-11-17 15:00:00,12.43342,67.214561,26.700001,7.014187,1.068267,N,2.185896,19.341635,53.677719,11,15,0,2014,17
2014-11-17 16:00:00,8.363863,69.939835,26.700001,6.728109,1.065463,ONO,1.96339,18.979034,56.209255,11,16,0,2014,17
2014-11-17 17:00:00,10.714147,69.085739,26.700001,6.386731,1.07617,ONO,1.737109,18.314842,58.624367,11,17,0,2014,17
2014-11-17 18:00:00,18.857525,59.854645,26.700001,6.156179,1.125002,N,1.036919,17.074539,63.934261,11,18,0,2014,17
2014-11-17 19:00:00,34.866031,43.668148,26.700001,5.79617,1.193125,N,0.788311,16.366123,68.332855,11,19,0,2014,17
2014-11-17 20:00:00,44.179802,33.519806,26.700001,5.504763,1.251603,N,0.686636,16.171507,70.822067,11,20,0,2014,17
2014-11-17 21:00:00,49.434503,25.79744,26.700001,5.741603,1.197192,ONO,0.808017,15.831903,73.449417,11,21,0,2014,17
2014-11-17 22:00:00,54.460147,13.917846,26.700001,6.130563,1.297001,ONO,0.648603,14.769802,79.511124,11,22,0,2014,17
2014-11-17 23:00:00,61.547932,9.353148,26.700001,6.529013,1.413802,N,0.159893,14.455023,82.446678,11,23,0,2014,17
2014-11-18 00:00:00,35.643922,28.69623,26.700001,6.39696,1.257912,NO,1.000578,14.127083,81.733978,11,0,1,2014,18
2014-11-18 01:00:00,26.257716,36.292465,,6.219445,1.170152,NO,1.199559,13.60497,80.99691,11,1,1,2014,18
2014-11-18 02:00:00,15.988057,40.118492,,5.840938,1.131132,N,0.202239,13.105988,82.332649,11,2,1,2014,18
2014-11-18 03:00:00,17.319116,32.720467,,5.866449,1.167191,N,0.216522,12.64733,85.157402,11,3,1,2014,18
2014-11-18 04:00:00,19.486812,26.6376,64.400002,6.267278,1.156163,NNE,0.805233,12.075935,87.998123,11,4,1,2014,18
2014-11-18 05:00:00,14.32106,28.268885,64.400002,6.145069,1.08226,NNE,1.069614,11.67202,89.932602,11,5,1,2014,18
2014-11-18 06:00:00,12.929472,23.716105,64.400002,5.833856,1.085346,NNE,1.334594,11.253795,91.035873,11,6,1,2014,18
2014-11-18 07:00:00,24.505864,11.752068,64.400002,6.683605,1.125196,NNE,1.256433,11.030792,91.304901,11,7,1,2014,18
2014-11-18 08:00:00,28.511132,7.471098,64.400002,8.644715,1.316862,NE,1.214936,11.078753,91.200272,11,8,1,2014,18
2014-11-18 09:00:00,30.614787,13.572566,64.400002,7.274306,1.308402,NE,1.173177,12.900824,86.931,11,9,1,2014,18
2014-11-18 10:00:00,32.031083,20.878897,64.400002,7.94705,1.250363,ENE,1.024163,15.45909,74.364021,11,10,1,2014,18
2014-11-18 11:00:00,32.473071,28.952019,64.400002,9.054152,1.317994,SSE,1.322028,17.041475,68.489273,11,11,1,2014,18
2014-11-18 12:00:00,20.739357,43.950771,64.400002,8.156685,1.203488,SE,1.680758,17.8976,67.132912,11,12,1,2014,18
2014-11-18 13:00:00,16.685643,56.505634,64.400002,7.235444,1.163314,SE,1.625062,18.911545,62.03157,11,13,1,2014,18
2014-11-18 14:00:00,15.92503,63.856033,64.400002,6.65957,1.171584,SSE,1.943316,19.746161,58.16938,11,14,1,2014,18
2014-11-18 15:00:00,16.073679,67.68029,64.400002,6.111456,1.177322,SSE,2.170343,19.901669,56.095604,11,15,1,2014,18
2014-11-18 16:00:00,14.847623,73.914795,64.400002,5.732413,1.160045,SSE,2.341083,19.595127,56.321152,11,16,1,2014,18
2014-11-18 17:00:00,20.943334,69.333099,64.400002,5.761807,1.193594,SSE,1.630625,19.333397,57.187889,11,17,1,2014,18
2014-11-18 18:00:00,41.950548,45.707523,64.400002,5.693065,1.349336,S,0.664792,18.630131,60.036797,11,18,1,2014,18
2014-11-18 19:00:00,74.55816,9.80273,64.400002,5.681314,1.527864,SSO,0.511366,17.482864,68.136375,11,19,1,2014,18
2014-11-18 20:00:00,76.401347,8.146486,64.400002,5.775562,1.82158,N,0.237978,16.410009,72.541443,11,20,1,2014,18
2014-11-18 21:00:00,87.789688,8.172804,64.400002,6.020116,2.339791,SSO,0.570106,15.422666,78.983276,11,21,1,2014,18
2014-11-18 22:00:00,95.155083,8.991074,64.400002,6.256787,2.656444,NE,0.714628,15.436132,80.773087,11,22,1,2014,18
2014-11-18 23:00:00,82.066522,7.775472,64.400002,6.117669,2.203459,NE,0.868046,15.196203,81.662323,11,23,1,2014,18
2014-11-19 00:00:00,62.60909,7.732674,64.400002,6.172234,1.885467,NE,0.604442,14.704343,82.570633,11,0,2,2014,19
2014-11-19 01:00:00,45.06718,6.650546,77.900002,7.377579,1.382123,NE,1.491978,14.024109,84.644547,11,1,2,2014,19
2014-11-19 02:00:00,35.79933,6.336078,77.900002,9.324529,1.263311,NNE,1.504394,13.162049,87.479614,11,2,2,2014,19
2014-11-19 03:00:00,33.275708,6.669586,77.900002,10.647973,1.178124,NE,1.50473,13.18691,87.808334,11,3,2,2014,19
2014-11-19 04:00:00,31.600757,7.551568,77.900002,9.022406,1.161674,NE,0.891395,12.955225,88.216125,11,4,2,2014,19
2014-11-19 05:00:00,26.568281,12.230838,77.900002,10.368003,1.124814,NE,1.694149,13.437183,86.109482,11,5,2,2014,19
2014-11-19 06:00:00,31.176095,8.366314,77.900002,13.526634,1.102448,NE,1.395081,13.326272,84.399323,11,6,2,2014,19
2014-11-19 07:00:00,34.701184,7.856228,77.900002,13.97961,1.144067,NNE,1.228191,13.589129,82.854553,11,7,2,2014,19
2014-11-19 08:00:00,40.251713,7.29692,77.900002,17.413158,1.343948,NE,1.775602,13.888175,81.227135,11,8,2,2014,19
2014-11-19 09:00:00,49.516806,10.019052,77.900002,39.539451,1.573096,NE,1.497349,15.484495,76.323624,11,9,2,2014,19
2014-11-19 10:00:00,41.647659,15.27441,77.900002,43.084908,1.301735,NNE,1.896108,17.962246,68.378204,11,10,2,2014,19
2014-11-19 11:00:00,31.068571,29.562519,77.900002,27.967478,1.170927,E,1.658275,20.885086,61.159199,11,11,2,2014,19
2014-11-19 12:00:00,20.941685,49.448647,77.900002,14.683377,1.153944,ENE,2.173043,23.125553,51.241077,11,12,2,2014,19
2014-11-19 13:00:00,16.074207,56.936325,77.900002,8.754738,1.138997,ESE,2.067003,23.734087,48.171574,11,13,2,2014,19
2014-11-19 14:00:00,21.293238,62.856247,77.900002,7.4398,1.187789,S,1.678859,23.919409,49.062473,11,14,2,2014,19
2014-11-19 15:00:00,36.527817,62.200321,77.900002,7.623561,1.249035,SSO,1.329571,23.804737,51.105785,11,15,2,2014,19
2014-11-19 16:00:00,32.499388,63.890572,77.900002,8.10946,1.228506,SSO,1.083467,22.93145,54.301239,11,16,2,2014,19
2014-11-19 17:00:00,31.318188,60.388821,77.900002,8.546059,1.213281,S,1.028192,21.982899,55.007763,11,17,2,2014,19
2014-11-19 18:00:00,72.044247,21.288895,77.900002,8.024848,1.47901,NNO,0.320437,20.832714,59.907028,11,18,2,2014,19
2014-11-19 19:00:00,92.576856,8.353174,77.900002,7.862408,1.826521,N,0.299459,19.171923,67.662277,11,19,2,2014,19
2014-11-19 20:00:00,131.216686,9.152806,77.900002,8.303313,3.067828,NNE,0.623614,18.86297,70.014748,11,20,2,2014,19
2014-11-19 21:00:00,111.177439,8.74345,77.900002,9.362964,2.935237,NE,0.879692,18.987064,69.436905,11,21,2,2014,19
2014-11-19 22:00:00,88.622821,8.639946,77.900002,18.989564,2.685917,NNE,1.121215,18.657101,70.741692,11,22,2,2014,19
2014-11-19 23:00:00,65.487598,7.80311,77.900002,19.491615,2.237517,NE,0.972017,18.48843,71.786484,11,23,2,2014,19
2014-11-20 00:00:00,46.848971,8.161316,77.900002,16.372032,1.485345,NNE,1.064925,17.608999,73.797272,11,0,3,2014,20
2014-11-20 01:00:00,16.878994,27.274565,,10.527351,1.095133,E,0.974738,17.088482,73.948105,11,1,3,2014,20
2014-11-20 02:00:00,11.133374,37.451073,,8.922195,1.067706,NNO,1.286235,17.311888,71.531708,11,2,3,2014,20
2014-11-20 03:00:00,7.325809,40.877522,,7.829289,1.094338,NO,1.861642,17.315891,70.64238,11,3,3,2014,20
2014-11-20 04:00:00,5.38679,46.567532,40.099991,7.077692,1.065424,NO,2.729393,18.022577,67.345673,11,4,3,2014,20
2014-11-20 05:00:00,7.202824,42.577129,40.099991,6.82141,1.070368,ONO,1.666193,17.879995,66.349136,11,5,3,2014,20
2014-11-20 06:00:00,9.554441,32.44886,40.099991,6.610284,1.083231,N,0.68248,16.663443,71.480354,11,6,3,2014,20
2014-11-20 07:00:00,23.657754,17.102484,40.099991,6.505519,1.141137,N,0.375602,16.119043,74.123451,11,7,3,2014,20
2014-11-20 08:00:00,46.174976,10.931654,40.099991,6.734092,1.759633,N,0.315306,15.71113,75.932739,11,8,3,2014,20
2014-11-20 09:00:00,55.147366,9.533388,40.099991,6.810692,1.95325,E,1.445119,16.286148,75.137047,11,9,3,2014,20
2014-11-20 10:00:00,33.946861,15.06522,40.099991,7.812124,1.353112,E,2.076239,18.590382,65.132034,11,10,3,2014,20
2014-11-20 11:00:00,20.936951,27.0313,40.099991,8.069376,1.206459,E,2.177651,20.585869,58.030964,11,11,3,2014,20
2014-11-20 12:00:00,18.554763,34.017376,40.099991,7.389327,1.189683,E,2.554913,22.079628,54.113853,11,12,3,2014,20
2014-11-20 13:00:00,18.115324,40.900684,40.099991,6.922496,1.169163,SE,4.054707,21.204144,62.468964,11,13,3,2014,20
2014-11-20 14:00:00,13.461844,50.004456,40.099991,6.140677,1.15339,SSE,4.389216,20.85602,75.655273,11,14,3,2014,20
2014-11-20 15:00:00,15.213822,49.325676,40.099991,5.851535,1.148101,S,4.604164,19.807114,83.304901,11,15,3,2014,20
2014-11-20 16:00:00,16.477158,46.666786,40.099991,5.695706,1.146119,S,3.712956,19.492092,81.399605,11,16,3,2014,20
2014-11-20 17:00:00,14.943949,51.660637,40.099991,5.443142,1.112064,S,2.558504,19.511322,76.663742,11,17,3,2014,20
2014-11-20 18:00:00,28.936404,36.601471,40.099991,5.21616,1.166271,S,1.41564,18.870199,77.199997,11,18,3,2014,20
2014-11-20 19:00:00,34.892239,30.461124,40.099991,5.492054,1.180679,ONO,1.290376,18.370165,80.685448,11,19,3,2014,20
2014-11-20 20:00:00,44.187653,23.442774,40.099991,5.436916,1.210867,ONO,1.936949,18.187147,82.070236,11,20,3,2014,20
2014-11-20 21:00:00,48.50912,18.931387,40.099991,5.625324,1.293647,ONO,2.940588,17.963301,83.011253,11,21,3,2014,20
2014-11-20 22:00:00,38.345262,24.836361,40.099991,5.853836,1.238305,ONO,1.707282,17.634912,83.417709,11,22,3,2014,20
2014-11-20 23:00:00,24.918911,33.544022,40.099991,5.923921,1.167274,ONO,2.163934,17.58007,82.575394,11,23,3,2014,20
2014-11-21 00:00:00,17.648343,40.752365,40.099991,6.062561,1.125509,ONO,2.205774,17.756573,80.930702,11,0,4,2014,21
2014-11-21 01:00:00,14.808574,37.376244,,5.878074,1.116099,OSO,1.642897,17.421741,83.138649,11,1,4,2014,21
2014-11-21 02:00:00,26.480938,22.689735,,6.05956,1.118931,O,0.702525,16.565966,89.757355,11,2,4,2014,21
2014-11-21 03:00:00,16.633428,31.236006,,5.851455,1.063971,O,0.938736,16.537441,90.218513,11,3,4,2014,21
2014-11-21 04:00:00,20.249343,24.691669,36.0,6.137238,1.106848,ONO,1.396155,15.932535,91.234894,11,4,4,2014,21
2014-11-21 05:00:00,17.309699,31.750666,36.0,6.572416,1.098194,ONO,2.085153,16.066944,90.96347,11,5,4,2014,21
2014-11-21 06:00:00,16.191287,36.119595,36.0,6.744206,1.088623,ONO,2.500625,16.330139,89.671814,11,6,4,2014,21
2014-11-21 07:00:00,12.887218,43.952431,36.0,6.696672,1.095445,ONO,2.973836,16.83679,87.335953,11,7,4,2014,21
2014-11-21 08:00:00,26.824842,29.70546,36.0,6.28185,1.119953,NO,1.536799,16.991207,80.77655,11,8,4,2014,21
2014-11-21 09:00:00,41.507242,18.062817,36.0,6.236613,1.283852,NE,2.664953,17.316338,77.578537,11,9,4,2014,21
2014-11-21 10:00:00,22.303725,26.807018,36.0,6.772504,1.14789,ENE,4.163081,18.25769,72.546967,11,10,4,2014,21
2014-11-21 11:00:00,24.460337,24.590187,36.0,6.57098,1.164146,NE,3.244007,19.146549,73.487167,11,11,4,2014,21
2014-11-21 12:00:00,18.486478,34.969078,36.0,8.333233,1.106768,ESE,2.697505,21.148312,65.633484,11,12,4,2014,21
2014-11-21 13:00:00,25.785994,29.925964,36.0,7.833065,1.150559,OSO,1.841416,21.935793,59.266548,11,13,4,2014,21
2014-11-21 14:00:00,35.238721,24.590275,36.0,7.093368,1.292089,OSO,1.743768,22.281435,59.83709,11,14,4,2014,21
2014-11-21 15:00:00,29.275658,31.362444,36.0,6.417025,1.216812,S,1.843717,20.937048,69.72123,11,15,4,2014,21
2014-11-21 16:00:00,34.292057,31.561478,36.0,6.554658,1.249594,O,0.961071,21.361305,64.631821,11,16,4,2014,21
2014-11-21 17:00:00,44.579494,24.40423,36.0,7.12407,1.269496,S,0.930571,20.84815,66.415176,11,17,4,2014,21
2014-11-21 18:00:00,45.704391,16.922314,36.0,6.597733,1.237798,SSO,1.022565,19.377796,78.144951,11,18,4,2014,21
2014-11-21 19:00:00,54.411206,9.10313,36.0,6.241507,1.372569,O,0.706929,18.644718,83.777802,11,19,4,2014,21
2014-11-21 20:00:00,57.0991,7.349672,36.0,6.025443,1.372468,S,0.651008,18.412216,82.925652,11,20,4,2014,21
2014-11-21 21:00:00,51.781346,10.717546,36.0,5.862738,1.319922,OSO,0.855345,18.495852,82.025772,11,21,4,2014,21
2014-11-21 22:00:00,43.413151,10.952876,36.0,5.31974,1.228433,ONO,1.023615,18.556639,85.159882,11,22,4,2014,21
2014-11-21 23:00:00,30.175954,17.034199,36.0,5.864399,1.186426,ONO,1.290639,18.237411,88.589195,11,23,4,2014,21
2014-11-22 00:00:00,37.958823,7.431672,36.0,7.197373,1.255517,ONO,1.239015,17.532084,89.062843,11,0,5,2014,22
2014-11-22 01:00:00,34.488434,7.683998,58.099991,8.369839,1.310901,N,0.387114,17.48419,84.002403,11,1,5,2014,22
2014-11-22 02:00:00,35.22338,7.35953,58.099991,7.719221,1.45539,E,0.726924,17.006508,85.289505,11,2,5,2014,22
2014-11-22 03:00:00,29.30623,7.470278,58.099991,7.779414,1.462522,O,0.675601,17.162186,84.046326,11,3,5,2014,22
2014-11-22 04:00:00,23.396283,10.60862,58.099991,9.28111,1.349875,ESE,1.395659,17.31555,80.09404,11,4,5,2014,22
2014-11-22 05:00:00,24.910689,9.650882,58.099991,9.054576,1.224542,ESE,1.461985,17.970316,74.449997,11,5,5,2014,22
2014-11-22 06:00:00,21.939074,7.292592,58.099991,8.142491,1.221359,N,0.419803,16.314636,85.512787,11,6,5,2014,22
2014-11-22 07:00:00,27.53648,7.262466,58.099991,7.783974,1.374601,ONO,0.423645,16.423439,87.882233,11,7,5,2014,22
2014-11-22 08:00:00,28.731327,7.394742,58.099991,7.202138,1.510127,ESE,0.793914,16.64275,89.913101,11,8,5,2014,22
2014-11-22 09:00:00,35.173748,7.469752,58.099991,8.6749,1.700378,E,0.904252,16.979309,82.837738,11,9,5,2014,22
2014-11-22 10:00:00,40.022217,8.419488,58.099991,9.359183,1.72645,SSO,0.84413,18.410419,72.019226,11,10,5,2014,22
2014-11-22 11:00:00,51.329806,9.0551,58.099991,10.35116,1.748215,SSE,1.112134,20.534151,59.765732,11,11,5,2014,22
2014-11-22 12:00:00,27.257056,20.458969,58.099991,10.615127,1.229177,E,2.892461,20.835897,52.439659,11,12,5,2014,22
2014-11-22 13:00:00,20.844934,26.367189,58.099991,7.70714,1.20367,ESE,3.057232,20.000097,66.370125,11,13,5,2014,22
2014-11-22 14:00:00,10.399627,67.57634,58.099991,7.112995,1.13293,ESE,4.8121,20.290699,72.154388,11,14,5,2014,22
2014-11-22 15:00:00,9.778254,74.927055,58.099991,6.495713,1.121801,ESE,4.184731,20.096687,74.393089,11,15,5,2014,22
2014-11-22 16:00:00,9.822239,74.835114,58.099991,6.154735,1.107322,SE,3.983396,19.999554,74.066811,11,16,5,2014,22
2014-11-22 17:00:00,13.062127,69.843231,58.099991,5.89602,1.135855,SE,3.43858,19.637833,75.50827,11,17,5,2014,22
2014-11-22 18:00:00,24.449069,56.664993,58.099991,5.717714,1.23188,SSE,2.165036,18.984224,80.688461,11,18,5,2014,22
2014-11-22 19:00:00,43.783673,39.017372,58.099991,5.760856,1.385472,S,0.955743,18.626404,83.73616,11,19,5,2014,22
2014-11-22 20:00:00,42.584819,28.609579,58.099991,5.866468,1.371728,N,0.328856,17.548531,87.891602,11,20,5,2014,22
2014-11-22 21:00:00,69.152128,7.313638,58.099991,5.984108,1.733149,N,0.376987,16.933081,90.866806,11,21,5,2014,22
2014-11-22 22:00:00,78.385708,7.725378,58.099991,6.036085,2.033097,SO,0.551645,17.145092,92.654587,11,22,5,2014,22
2014-11-22 23:00:00,60.638036,7.548052,58.099991,5.89241,1.699352,ESE,0.907036,17.131895,92.569656,11,23,5,2014,22
2014-11-23 00:00:00,38.293195,11.703924,58.099991,5.636773,1.322714,SSO,0.716534,16.8356,93.510506,11,0,6,2014,23
2014-11-23 01:00:00,31.751429,18.957169,28.4,5.677969,1.238957,N,0.351451,16.660423,94.520988,11,1,6,2014,23
2014-11-23 02:00:00,23.152238,18.264553,28.4,5.50806,1.186875,N,0.581854,16.338112,95.079765,11,2,6,2014,23
2014-11-23 03:00:00,22.952822,24.60655,28.4,5.648596,1.17184,NO,0.754481,16.448406,95.877411,11,3,6,2014,23
2014-11-23 04:00:00,20.881388,24.934992,28.4,5.67347,1.233791,NE,1.103171,16.50654,95.190712,11,4,6,2014,23
2014-11-23 05:00:00,11.267646,32.187599,28.4,5.549991,1.100236,OSO,1.000878,15.949764,95.247009,11,5,6,2014,23
2014-11-23 06:00:00,8.894064,34.983253,28.4,5.573577,1.084066,OSO,0.983579,16.089844,94.932167,11,6,6,2014,23
2014-11-23 07:00:00,19.101393,24.767357,28.4,5.585285,1.130099,N,0.365595,15.987682,93.796661,11,7,6,2014,23
2014-11-23 08:00:00,25.354507,19.365398,28.4,5.684812,1.19239,ESE,1.17928,15.888241,93.455429,11,8,6,2014,23
2014-11-23 09:00:00,22.59109,30.532539,28.4,5.544202,1.181603,NE,1.148363,16.948507,91.300842,11,9,6,2014,23
2014-11-23 10:00:00,17.158451,42.191887,28.4,5.433167,1.166204,NE,1.1977,19.1378,80.944641,11,10,6,2014,23
2014-11-23 11:00:00,19.572281,45.002686,28.4,5.47519,1.207837,SE,0.964844,19.959908,75.243721,11,11,6,2014,23
2014-11-23 12:00:00,12.348014,61.432846,28.4,5.504045,1.161362,SSE,2.446375,20.378506,70.262947,11,12,6,2014,23
2014-11-23 13:00:00,10.048235,73.951004,28.4,5.654211,1.131267,S,2.82042,20.281166,64.702888,11,13,6,2014,23
2014-11-23 14:00:00,10.01095,76.526085,28.4,5.697759,1.099142,SSE,2.119802,20.354153,64.361343,11,14,6,2014,23
2014-11-23 15:00:00,11.697613,74.20118,28.4,5.857491,1.116509,OSO,1.105852,20.165607,67.754875,11,15,6,2014,23
2014-11-23 16:00:00,18.217259,67.029228,28.4,5.771422,1.157306,SSO,1.533403,20.023266,68.636337,11,16,6,2014,23
2014-11-23 17:00:00,27.413256,50.901005,28.4,5.563818,1.215265,O,0.795777,19.790932,73.158997,11,17,6,2014,23
2014-11-23 18:00:00,15.924988,55.801994,28.4,5.643371,1.137919,ENE,4.840311,19.965403,70.178062,11,18,6,2014,23
2014-11-23 19:00:00,13.813899,58.065845,28.4,5.588452,1.123517,ENE,5.390959,19.127113,73.95784,11,19,6,2014,23
2014-11-23 20:00:00,12.772103,57.999233,28.4,5.492556,1.111635,ENE,4.579382,18.591568,80.297417,11,20,6,2014,23
2014-11-23 21:00:00,12.537511,57.129959,28.4,5.302134,1.119487,E,3.900687,18.14533,85.910522,11,21,6,2014,23
2014-11-23 22:00:00,10.73715,56.778606,28.4,5.320515,1.119964,E,3.584797,17.831905,88.186775,11,22,6,2014,23
2014-11-23 23:00:00,9.182101,56.664116,28.4,5.445241,1.095829,ENE,3.174216,17.507591,88.662689,11,23,6,2014,23
2014-11-24 00:00:00,4.374885,67.156784,28.4,5.341183,1.086766,ESE,2.887923,16.537035,91.480736,11,0,0,2014,24
2014-11-24 01:00:00,3.634724,66.822914,,5.302179,1.0763,SE,3.143266,15.826137,93.612022,11,1,0,2014,24
2014-11-24 02:00:00,1.826846,74.05471,,5.137916,1.051373,SE,3.757859,14.65045,94.836075,11,2,0,2014,24
2014-11-24 03:00:00,2.346185,75.6007,,5.36309,1.053015,SE,2.278026,14.719572,94.717674,11,3,0,2014,24
2014-11-24 04:00:00,1.850538,81.890076,19.700001,5.075702,1.039289,SE,2.603497,14.731342,88.258682,11,4,0,2014,24
2014-11-24 05:00:00,1.651863,81.333221,19.700001,5.093597,1.02966,ENE,2.448024,15.42538,75.593231,11,5,0,2014,24
2014-11-24 06:00:00,5.818597,67.923019,19.700001,5.219554,1.050686,NE,1.608074,14.725477,81.892517,11,6,0,2014,24
2014-11-24 07:00:00,21.321109,45.334652,19.700001,5.265107,1.092204,NE,1.971554,13.8723,87.569351,11,7,0,2014,24
2014-11-24 08:00:00,37.38832,35.809795,19.700001,6.142103,1.167407,NE,2.957587,13.886985,89.592789,11,8,0,2014,24
2014-11-24 09:00:00,39.046397,38.79007,19.700001,6.492642,1.224796,NE,3.38671,14.433147,89.11734,11,9,0,2014,24
2014-11-24 10:00:00,30.425608,45.194733,19.700001,6.563485,1.155119,NNE,4.110999,14.90452,88.697517,11,10,0,2014,24
2014-11-24 11:00:00,26.117144,47.832504,19.700001,7.239615,1.142736,NE,3.713674,15.784588,84.990089,11,11,0,2014,24
2014-11-24 12:00:00,23.217889,50.422714,19.700001,6.685341,1.129246,NE,4.120708,15.799075,85.517807,11,12,0,2014,24
2014-11-24 13:00:00,22.249524,52.276703,19.700001,6.021427,1.18397,ENE,4.002294,16.332647,88.917068,11,13,0,2014,24
2014-11-24 14:00:00,16.66769,60.772858,19.700001,5.874302,1.140253,ENE,4.07141,17.534317,77.489243,11,14,0,2014,24
2014-11-24 15:00:00,17.619042,62.60894,19.700001,5.79519,1.134122,ENE,3.553482,17.977989,73.288116,11,15,0,2014,24
2014-11-24 16:00:00,22.633748,54.041641,19.700001,5.744196,1.121018,NE,2.834311,17.90591,73.697922,11,16,0,2014,24
2014-11-24 17:00:00,22.307651,52.479515,19.700001,5.608172,1.128181,NE,2.468858,17.323082,75.794807,11,17,0,2014,24
2014-11-24 18:00:00,29.120514,45.005432,19.700001,6.448226,1.160042,NNE,2.869673,16.438673,80.685829,11,18,0,2014,24
2014-11-24 19:00:00,46.821218,28.423874,19.700001,8.538791,1.201529,NE,2.496083,15.474727,81.805176,11,19,0,2014,24
2014-11-24 20:00:00,49.232533,22.733257,19.700001,9.165534,1.225581,NNE,1.916938,14.709738,81.575699,11,20,0,2014,24
2014-11-24 21:00:00,49.372972,23.298618,19.700001,10.917919,1.239938,NE,1.904565,14.252507,82.797646,11,21,0,2014,24
2014-11-24 22:00:00,30.753441,39.018593,19.700001,11.348593,1.164103,NE,2.294531,13.855477,84.604019,11,22,0,2014,24
2014-11-24 23:00:00,22.073622,41.25322,19.700001,8.696209,1.103704,NE,1.982246,13.188097,87.162521,11,23,0,2014,24
2014-11-25 00:00:00,25.741675,30.601814,19.700001,8.035675,1.137325,NNE,1.468835,12.503458,89.253792,11,0,1,2014,25
2014-11-25 01:00:00,20.480517,32.25206,32.200001,7.621299,1.101681,NNE,1.360651,11.966183,92.07312,11,1,1,2014,25
2014-11-25 02:00:00,24.596044,26.342649,32.200001,8.627876,1.094356,NNE,1.713732,11.894686,93.397095,11,2,1,2014,25
2014-11-25 03:00:00,19.336793,32.929138,32.200001,12.181838,1.061932,NE,1.99945,11.995522,93.985405,11,3,1,2014,25
2014-11-25 04:00:00,13.842998,38.211029,32.200001,9.590891,1.052836,NE,2.11129,11.997179,94.44976,11,4,1,2014,25
2014-11-25 05:00:00,16.041587,37.361916,32.200001,11.867966,1.06154,NE,1.943571,12.27245,95.051979,11,5,1,2014,25
2014-11-25 06:00:00,10.65887,44.363693,32.200001,9.847641,1.048815,NNE,2.449167,12.598083,95.418365,11,6,1,2014,25
2014-11-25 07:00:00,15.925456,42.649902,32.200001,8.346335,1.062602,NE,2.36189,12.709362,95.003258,11,7,1,2014,25
2014-11-25 08:00:00,34.700627,27.152855,32.200001,8.161405,1.184936,NE,2.740037,12.80287,94.178703,11,8,1,2014,25
2014-11-25 09:00:00,39.817974,27.637581,32.200001,7.512854,1.268855,NE,3.492326,13.664932,91.514168,11,9,1,2014,25
2014-11-25 10:00:00,37.44353,31.827108,32.200001,6.721031,1.243615,ENE,3.08908,15.357648,85.509621,11,10,1,2014,25
2014-11-25 11:00:00,26.88273,43.409237,32.200001,6.466524,1.177988,ENE,2.781895,16.906485,81.707695,11,11,1,2014,25
2014-11-25 12:00:00,23.139259,50.500854,32.200001,6.405101,1.190862,ENE,2.609739,17.837536,78.719604,11,12,1,2014,25
2014-11-25 13:00:00,15.863332,61.253281,32.200001,6.276332,1.151495,SE,2.391123,18.468319,74.612091,11,13,1,2014,25
2014-11-25 14:00:00,10.648764,71.073997,32.200001,6.121066,1.126837,SSE,2.383112,18.66354,72.489822,11,14,1,2014,25
2014-11-25 15:00:00,9.874608,73.537987,32.200001,5.813178,1.124178,SSE,2.780479,18.61297,70.885185,11,15,1,2014,25
2014-11-25 16:00:00,11.46633,73.543983,32.200001,5.928249,1.121353,SE,2.656995,18.618162,69.954781,11,16,1,2014,25
2014-11-25 17:00:00,14.277162,69.009323,32.200001,5.634659,1.124942,SSE,2.393795,18.270853,75.119583,11,17,1,2014,25
2014-11-25 18:00:00,29.95901,50.258511,32.200001,5.519427,1.257842,SSE,1.685159,17.604019,79.800224,11,18,1,2014,25
2014-11-25 19:00:00,57.853646,24.163727,32.200001,5.369354,1.472396,ESE,0.806127,17.22686,81.707024,11,19,1,2014,25
2014-11-25 20:00:00,67.303243,15.29509,32.200001,5.284758,1.619194,ENE,0.772953,17.051273,82.598526,11,20,1,2014,25
2014-11-25 21:00:00,69.175072,7.374596,32.200001,5.553875,1.699771,NE,1.074032,16.291471,86.83139,11,21,1,2014,25
2014-11-25 22:00:00,55.238172,10.49319,32.200001,5.367659,1.365059,NE,0.988276,16.192404,89.136444,11,22,1,2014,25
2014-11-25 23:00:00,35.060806,25.611422,32.200001,5.634872,1.220654,ENE,1.64984,16.186468,89.211334,11,23,1,2014,25
2014-11-26 00:00:00,26.4782,34.871399,32.200001,5.650967,1.179754,ENE,1.719686,16.08848,88.039268,11,0,2,2014,26
2014-11-26 01:00:00,14.984459,44.890057,,5.619838,1.092112,ENE,1.587362,15.576241,87.30806,11,1,2,2014,26
2014-11-26 02:00:00,10.562319,47.258339,,5.675445,1.065475,NE,1.441566,14.90652,88.882172,11,2,2,2014,26
2014-11-26 03:00:00,7.773262,46.662827,22.4,5.398099,1.059972,NE,1.673421,14.53042,89.550438,11,3,2,2014,26
2014-11-26 04:00:00,5.288016,55.754894,22.4,5.470726,1.0475,ENE,2.096992,14.692472,89.458687,11,4,2,2014,26
2014-11-26 05:00:00,6.54926,50.465694,22.4,5.522594,1.052829,NE,1.306754,14.620062,87.862793,11,5,2,2014,26
2014-11-26 06:00:00,8.453786,41.701595,22.4,5.397045,1.055963,NNE,1.561727,13.616395,91.150078,11,6,2,2014,26
2014-11-26 07:00:00,18.747536,31.447084,22.4,5.394332,1.086752,NNE,1.988077,13.063251,93.239624,11,7,2,2014,26
2014-11-26 08:00:00,39.096791,16.70647,22.4,5.544589,1.242556,NE,1.975161,12.83075,94.274139,11,8,2,2014,26
2014-11-26 09:00:00,44.409379,18.374075,22.4,6.155317,1.338899,NE,2.18596,13.86202,93.352257,11,9,2,2014,26
2014-11-26 10:00:00,26.493869,32.485195,22.4,7.437648,1.170196,NNE,3.111426,15.462617,86.55101,11,10,2,2014,26
2014-11-26 11:00:00,20.479452,47.861992,22.4,7.094267,1.154586,NE,3.350894,17.371553,78.479134,11,11,2,2014,26
2014-11-26 12:00:00,17.251571,58.259315,22.4,6.311066,1.121488,ENE,3.609887,18.58621,71.873726,11,12,2,2014,26
2014-11-26 13:00:00,18.156116,60.562416,22.4,6.396441,1.117707,ENE,4.030579,19.120735,67.375359,11,13,2,2014,26
2014-11-26 14:00:00,16.291092,65.560287,22.4,6.548899,1.125417,ENE,4.341289,19.557922,64.238937,11,14,2,2014,26
2014-11-26 15:00:00,15.505465,65.232658,22.4,6.345031,1.121389,ENE,4.4621,19.720215,62.663574,11,15,2,2014,26
2014-11-26 16:00:00,18.43326,61.76149,22.4,6.064609,1.121262,ENE,4.109249,19.557251,63.861206,11,16,2,2014,26
2014-11-26 17:00:00,20.28826,54.202072,22.4,5.934369,1.132065,E,3.579231,18.897671,70.615952,11,17,2,2014,26
2014-11-26 18:00:00,25.099327,46.017067,22.4,5.651314,1.16834,ENE,3.106401,18.501488,72.443764,11,18,2,2014,26
2014-11-26 19:00:00,25.966771,43.405254,22.4,5.907909,1.206608,ENE,3.855297,17.942711,76.173622,11,19,2,2014,26
2014-11-26 20:00:00,19.023026,49.425934,22.4,5.732493,1.140361,ENE,4.719463,17.097441,79.876236,11,20,2,2014,26
2014-11-26 21:00:00,14.223457,53.966511,22.4,5.809335,1.099619,ENE,4.658398,15.808163,84.638885,11,21,2,2014,26
2014-11-26 22:00:00,10.817713,58.89938,22.4,5.848817,1.067667,ENE,5.195826,15.608328,84.076271,11,22,2,2014,26
2014-11-26 23:00:00,5.876812,63.419601,22.4,5.737432,1.061053,ENE,5.343751,14.960113,85.743896,11,23,2,2014,26
2014-11-27 00:00:00,3.128465,71.01693,22.4,5.625605,1.044241,E,4.733469,14.17165,90.096626,11,0,3,2014,27
2014-11-27 01:00:00,2.655043,77.029419,,5.591942,1.04916,ENE,3.251209,13.677517,92.851578,11,1,3,2014,27
2014-11-27 02:00:00,4.364803,70.378197,,5.667382,1.042571,ENE,3.613339,14.205802,91.610596,11,2,3,2014,27
2014-11-27 03:00:00,2.337326,72.32106,,5.739512,1.039557,ENE,4.467809,14.154726,89.648048,11,3,3,2014,27
2014-11-27 04:00:00,8.590026,65.594292,8.8,5.828575,1.039455,ENE,4.591537,14.247766,87.543091,11,4,3,2014,27
2014-11-27 05:00:00,7.325087,65.157562,8.8,5.917951,1.041527,NE,4.411413,14.08279,86.596382,11,5,3,2014,27
2014-11-27 06:00:00,6.199467,70.755859,8.8,5.937487,1.038176,ENE,5.399093,13.876335,86.671707,11,6,3,2014,27
2014-11-27 07:00:00,4.62199,73.432991,8.8,5.915369,1.044628,ENE,5.865064,13.973847,83.907707,11,7,3,2014,27
2014-11-27 08:00:00,15.10656,61.909843,8.8,5.778158,1.103364,ENE,5.888003,14.000945,82.083435,11,8,3,2014,27
2014-11-27 09:00:00,17.192033,59.336166,8.8,5.850563,1.130137,ENE,6.184458,14.630441,80.958923,11,9,3,2014,27
2014-11-27 10:00:00,15.128279,60.124451,8.8,5.970985,1.108612,ENE,6.518127,15.227815,79.780914,11,10,3,2014,27
2014-11-27 11:00:00,11.948372,63.60099,8.8,5.905205,1.099717,ENE,7.410066,16.191521,78.495117,11,11,3,2014,27
2014-11-27 12:00:00,12.267886,64.819237,8.8,5.858501,1.107875,ENE,7.769656,17.049919,75.937141,11,12,3,2014,27
2014-11-27 13:00:00,11.413874,67.751221,8.8,6.052132,1.110751,E,6.665119,17.537098,70.88308,11,13,3,2014,27
2014-11-27 14:00:00,9.556868,71.273849,8.8,5.968678,1.111931,E,6.579304,17.854322,68.222763,11,14,3,2014,27
2014-11-27 15:00:00,11.092231,68.673851,8.8,6.078146,1.116028,E,5.811206,17.360397,71.953293,11,15,3,2014,27
2014-11-27 16:00:00,13.811053,64.70356,8.8,6.006363,1.099196,E,5.806365,16.031305,80.168121,11,16,3,2014,27
2014-11-27 17:00:00,16.698037,61.516663,8.8,6.048207,1.112076,ENE,5.810496,15.468455,81.405533,11,17,3,2014,27
2014-11-27 18:00:00,17.54629,59.739578,8.8,6.135783,1.119246,ENE,5.849807,15.25437,81.857376,11,18,3,2014,27
2014-11-27 19:00:00,24.661203,50.025116,8.8,6.03345,1.172948,ENE,4.671462,15.003082,85.188202,11,19,3,2014,27
2014-11-27 20:00:00,16.409261,58.826122,8.8,5.781455,1.11818,ENE,5.92771,14.87301,85.754639,11,20,3,2014,27
2014-11-27 21:00:00,9.8465,65.105728,8.8,6.013641,1.087095,ENE,5.90261,15.037203,83.269531,11,21,3,2014,27
2014-11-27 22:00:00,7.205521,67.692001,8.8,6.258242,1.074547,ENE,6.09586,14.345369,87.849602,11,22,3,2014,27
2014-11-27 23:00:00,4.683815,71.107468,8.8,6.351917,1.071028,ENE,6.785923,13.905062,90.853165,11,23,3,2014,27
2014-11-28 00:00:00,8.572884,67.477707,8.8,6.361753,1.058213,ENE,7.373786,13.915917,90.651733,11,0,4,2014,28
2014-11-28 01:00:00,6.852285,70.788513,,6.244556,1.046152,ENE,8.058221,14.364497,85.753006,11,1,4,2014,28
2014-11-28 02:00:00,4.135209,73.680023,,6.551443,1.049787,ENE,9.609862,15.050872,81.951591,11,2,4,2014,28
2014-11-28 03:00:00,2.533741,76.903732,,6.412067,1.050613,ENE,8.436413,14.717302,86.386093,11,3,4,2014,28
2014-11-28 04:00:00,0.336397,81.222488,4.4,6.292518,1.053515,E,4.3151,13.665815,91.500168,11,4,4,2014,28
2014-11-28 05:00:00,2.127778,77.988037,4.4,6.330813,1.054079,NE,3.427868,13.013122,93.770004,11,5,4,2014,28
2014-11-28 06:00:00,7.332893,71.705032,4.4,6.400735,1.050817,NE,4.404296,13.20492,94.95665,11,6,4,2014,28
2014-11-28 07:00:00,6.897551,70.860489,4.4,6.371793,1.062417,ENE,4.31988,13.268277,95.190338,11,7,4,2014,28
2014-11-28 08:00:00,20.126684,57.614113,4.4,6.437138,1.144741,ENE,3.696594,13.185825,94.651611,11,8,4,2014,28
2014-11-28 09:00:00,31.623908,44.909939,4.4,6.444961,1.218212,ENE,3.692708,13.433013,93.241211,11,9,4,2014,28
2014-11-28 10:00:00,36.046812,38.383785,4.4,6.522436,1.234366,ENE,3.275912,13.650723,91.652718,11,10,4,2014,28
2014-11-28 11:00:00,28.445492,41.948242,4.4,6.505383,1.201335,ENE,3.591134,13.602833,90.895462,11,11,4,2014,28
2014-11-28 12:00:00,25.517965,43.444195,4.4,6.006074,1.185215,NE,4.415495,14.09849,89.400764,11,12,4,2014,28
2014-11-28 13:00:00,19.724452,48.675014,4.4,6.192475,1.167397,NE,5.097241,14.494704,84.338417,11,13,4,2014,28
2014-11-28 14:00:00,13.008899,54.746185,4.4,6.711077,1.138671,NE,4.987437,14.949158,79.255119,11,14,4,2014,28
2014-11-28 15:00:00,14.726942,52.262943,4.4,6.876022,1.135547,NE,4.936253,14.54348,80.144539,11,15,4,2014,28
2014-11-28 16:00:00,14.921445,50.699688,4.4,7.314267,1.123126,NE,5.240045,13.758477,78.588043,11,16,4,2014,28
2014-11-28 17:00:00,20.636864,44.558506,4.4,7.795218,1.128704,NNE,3.411656,12.966352,83.621758,11,17,4,2014,28
2014-11-28 18:00:00,27.414588,35.478291,4.4,8.943323,1.156498,NNE,3.164109,12.436438,87.962585,11,18,4,2014,28
2014-11-28 19:00:00,27.395979,37.981537,4.4,9.820399,1.153338,NNE,4.542094,12.535132,85.7444,11,19,4,2014,28
2014-11-28 20:00:00,23.518561,41.313931,4.4,10.081656,1.140179,NE,4.898686,12.966555,81.375244,11,20,4,2014,28
2014-11-28 21:00:00,18.396726,45.521965,4.4,8.861071,1.145572,NE,4.225298,12.984665,84.808395,11,21,4,2014,28
2014-11-28 22:00:00,20.244503,45.164589,4.4,7.923046,1.152274,NE,3.715137,12.730768,86.986122,11,22,4,2014,28
2014-11-28 23:00:00,12.838028,52.707375,4.4,7.616066,1.123548,NE,3.988334,12.55484,86.693649,11,23,4,2014,28
2014-11-29 00:00:00,8.015483,58.565853,4.4,7.436271,1.085323,NE,4.470896,12.545648,88.302063,11,0,5,2014,29
2014-11-29 01:00:00,7.589335,65.251022,11.6,7.238741,1.055678,ENE,5.074033,12.294226,86.002617,11,1,5,2014,29
2014-11-29 02:00:00,2.10074,71.574417,11.6,6.841264,1.055679,ENE,4.654793,12.064777,86.197151,11,2,5,2014,29
2014-11-29 03:00:00,1.630118,77.477707,11.6,6.69412,1.048516,ENE,3.943394,11.384171,87.943253,11,3,5,2014,29
2014-11-29 04:00:00,1.743872,76.557587,11.6,6.489216,1.053118,ENE,3.216934,11.026177,89.513664,11,4,5,2014,29
2014-11-29 05:00:00,1.702515,77.965469,11.6,6.494204,1.044557,ENE,3.969701,10.935488,90.003349,11,5,5,2014,29
2014-11-29 06:00:00,7.574441,70.877281,11.6,6.496308,1.054861,ENE,4.497513,11.183315,88.630478,11,6,5,2014,29
2014-11-29 07:00:00,9.370211,68.044678,11.6,6.443994,1.047435,ENE,4.612145,11.378202,87.450851,11,7,5,2014,29
2014-11-29 08:00:00,21.286648,55.610542,11.6,6.416338,1.12391,NE,3.557649,11.11928,86.175713,11,8,5,2014,29
2014-11-29 09:00:00,26.936472,51.732887,11.6,6.468524,1.171258,ENE,3.491849,11.373047,83.46788,11,9,5,2014,29
2014-11-29 10:00:00,14.45432,63.926041,11.6,6.428981,1.101374,ENE,4.469247,12.733069,78.827866,11,10,5,2014,29
2014-11-29 11:00:00,13.527063,65.632309,11.6,6.416803,1.092181,ENE,4.497529,14.143463,73.967476,11,11,5,2014,29
2014-11-29 12:00:00,10.812802,70.106461,11.6,6.371349,1.108792,ENE,4.674178,14.983445,70.64006,11,12,5,2014,29
2014-11-29 13:00:00,10.755473,69.972092,11.6,6.513684,1.114081,ENE,4.568401,15.788353,67.7314,11,13,5,2014,29
2014-11-29 14:00:00,10.350783,70.277832,11.6,6.507765,1.11382,ENE,4.459618,16.11195,65.918732,11,14,5,2014,29
2014-11-29 15:00:00,12.64403,67.072685,11.6,6.403306,1.13933,ESE,3.282481,16.434536,63.034924,11,15,5,2014,29
2014-11-29 16:00:00,22.107023,56.331528,11.6,6.609396,1.168051,ESE,3.228777,15.779264,69.910759,11,16,5,2014,29
2014-11-29 17:00:00,34.141297,42.326336,11.6,7.993265,1.226191,ENE,2.065947,15.2077,73.239685,11,17,5,2014,29
2014-11-29 18:00:00,42.496887,32.966026,11.6,7.757698,1.316061,E,1.622094,15.037169,74.733505,11,18,5,2014,29
2014-11-29 19:00:00,48.548822,23.190712,11.6,7.725261,1.407949,ENE,1.763603,14.517532,78.387108,11,19,5,2014,29
2014-11-29 20:00:00,42.604313,26.451435,11.6,7.327372,1.311335,ENE,2.413104,14.037745,81.724998,11,20,5,2014,29
2014-11-29 21:00:00,25.5935,40.529564,11.6,6.833211,1.192985,ENE,3.014857,13.697762,84.800674,11,21,5,2014,29
2014-11-29 22:00:00,14.232222,53.269516,11.6,6.768918,1.123896,ENE,3.938757,13.376236,85.919815,11,22,5,2014,29
2014-11-29 23:00:00,11.587999,55.025425,11.6,6.723909,1.090778,ENE,3.397176,13.036017,87.774078,11,23,5,2014,29
2014-11-30 00:00:00,9.58339,56.457787,11.6,6.315015,1.088315,ENE,2.729941,12.807145,89.483032,11,0,6,2014,30
2014-11-30 01:00:00,10.188222,54.754829,,6.20896,1.091705,ENE,1.749522,12.477,92.241409,11,1,6,2014,30
2014-11-30 02:00:00,2.789125,67.348991,,6.073548,1.047747,ENE,3.984478,12.135426,93.732864,11,2,6,2014,30
2014-11-30 03:00:00,1.748141,71.36908,,5.978859,1.040529,ENE,4.761431,12.16317,93.713737,11,3,6,2014,30
2014-11-30 04:00:00,4.417798,64.923012,8.2,5.970619,1.034206,ENE,4.100885,12.119755,93.092651,11,4,6,2014,30
2014-11-30 05:00:00,2.028804,65.809311,8.2,5.884883,1.033228,ENE,4.134177,12.149942,92.635452,11,5,6,2014,30
2014-11-30 06:00:00,2.414062,62.262844,8.2,5.348589,1.03336,ENE,3.543398,12.162357,92.471848,11,6,6,2014,30
2014-11-30 07:00:00,3.477262,59.117073,8.2,5.780579,1.045459,ENE,3.563092,12.230226,92.739029,11,7,6,2014,30
2014-11-30 08:00:00,7.268528,55.350155,8.2,5.757494,1.065024,ENE,3.862567,12.415237,92.219063,11,8,6,2014,30
2014-11-30 09:00:00,6.762663,57.602638,8.2,5.763262,1.067143,ENE,3.985412,12.622231,92.103401,11,9,6,2014,30
2014-11-30 10:00:00,10.181803,54.065727,8.2,5.770634,1.098288,ENE,4.59482,12.902758,92.861343,11,10,6,2014,30
2014-11-30 11:00:00,11.005578,53.132122,8.2,5.804687,1.092436,ENE,4.255772,13.017057,93.034386,11,11,6,2014,30
2014-11-30 12:00:00,16.378978,48.093281,8.2,6.019096,1.129524,ENE,3.440575,13.271467,94.646683,11,12,6,2014,30
2014-11-30 13:00:00,17.248744,51.671852,8.2,5.844732,1.163285,E,2.736734,13.470182,95.616257,11,13,6,2014,30
2014-11-30 14:00:00,9.665543,66.541283,8.2,5.969285,1.121067,E,5.27048,13.563214,94.461975,11,14,6,2014,30
2014-11-30 15:00:00,6.79603,66.896858,8.2,5.90262,1.104051,E,4.927965,14.870706,85.698586,11,15,6,2014,30
2014-11-30 16:00:00,7.689526,64.376045,8.2,5.853634,1.096956,E,6.121174,15.19034,85.132408,11,16,6,2014,30
2014-11-30 17:00:00,7.608477,63.431705,8.2,5.73614,1.095231,ENE,6.330722,14.72456,86.798187,11,17,6,2014,30
2014-11-30 18:00:00,10.531461,59.737629,8.2,5.848104,1.117483,ENE,5.704058,14.546292,89.396942,11,18,6,2014,30
2014-11-30 19:00:00,14.281843,56.679947,8.2,5.809998,1.118847,ENE,4.490383,14.179043,91.52726,11,19,6,2014,30
2014-11-30 20:00:00,15.215441,57.057201,8.2,5.676895,1.115094,SSE,2.462392,14.445663,94.154419,11,20,6,2014,30
2014-11-30 21:00:00,17.864078,52.121502,8.2,5.893339,1.167732,ENE,2.558174,14.756511,95.616432,11,21,6,2014,30
2014-11-30 22:00:00,19.468901,47.210915,8.2,5.61634,1.213172,ENE,1.778461,14.784117,96.028687,11,22,6,2014,30
2014-11-30 23:00:00,19.353085,42.888439,8.2,5.683741,1.211879,ENE,1.752002,14.583975,96.080772,11,23,6,2014,30
2014-12-01 00:00:00,23.91888,34.04425,8.2,5.685762,1.218733,ENE,1.306623,14.388377,96.277199,12,0,0,2014,1
2014-12-01 01:00:00,17.498476,38.630852,40.799992,5.730197,1.230026,E,0.917309,14.413813,96.138412,12,1,0,2014,1
2014-12-01 02:00:00,5.801862,56.624889,40.799992,5.66378,1.117412,SSE,1.674907,14.69583,94.995987,12,2,0,2014,1
2014-12-01 03:00:00,4.81795,54.659206,40.799992,5.653784,1.099125,E,1.028399,14.365993,87.524178,12,3,0,2014,1
2014-12-01 04:00:00,5.965534,44.182571,40.799992,5.593092,1.11043,ENE,1.283769,13.222862,89.910385,12,4,0,2014,1
2014-12-01 05:00:00,7.005424,39.557304,40.799992,5.773606,1.078849,NE,1.601712,12.558943,92.571831,12,5,0,2014,1
2014-12-01 06:00:00,6.791923,41.986618,40.799992,5.799873,1.066224,NE,2.029309,12.36209,94.55423,12,6,0,2014,1
2014-12-01 07:00:00,15.774857,35.290192,40.799992,5.694528,1.103144,NE,2.063252,12.187727,95.744026,12,7,0,2014,1
2014-12-01 08:00:00,40.603678,16.979931,40.799992,5.646167,1.300213,NE,1.916358,12.29253,96.423615,12,8,0,2014,1
2014-12-01 09:00:00,50.139138,12.851042,40.799992,5.667919,1.449986,NE,1.837726,13.037573,96.501762,12,9,0,2014,1
2014-12-01 10:00:00,35.418829,27.363394,40.799992,5.711894,1.304128,ENE,2.678467,14.252678,95.346664,12,10,0,2014,1
2014-12-01 11:00:00,27.145356,37.175335,40.799992,5.754507,1.2364,ENE,2.183823,16.549171,85.801064,12,11,0,2014,1
2014-12-01 12:00:00,18.732295,47.984917,40.799992,5.705953,1.209071,ESE,2.326927,17.441114,79.0429,12,12,0,2014,1
2014-12-01 13:00:00,16.873802,54.55344,40.799992,5.657819,1.193696,ESE,2.227655,17.824478,77.075356,12,13,0,2014,1
2014-12-01 14:00:00,11.091306,65.23745,40.799992,5.759393,1.135884,SE,2.163346,18.372972,73.248779,12,14,0,2014,1
2014-12-01 15:00:00,12.841621,65.326271,40.799992,5.646551,1.179009,SSE,2.540919,18.402111,73.329872,12,15,0,2014,1
2014-12-01 16:00:00,13.562533,66.155579,40.799992,5.567999,1.167655,SSE,2.302294,18.07373,73.039169,12,16,0,2014,1
2014-12-01 17:00:00,14.725848,64.740372,40.799992,5.557709,1.152143,SE,1.827425,17.929649,73.310501,12,17,0,2014,1
2014-12-01 18:00:00,41.421631,35.635635,40.799992,5.569989,1.341526,SE,1.117707,17.342922,74.096703,12,18,0,2014,1
2014-12-01 19:00:00,65.091039,15.72797,40.799992,5.737344,1.618619,ESE,0.833695,16.730019,79.33886,12,19,0,2014,1
2014-12-01 20:00:00,77.713342,7.847356,40.799992,5.837363,2.026077,ENE,0.794916,15.992058,84.03157,12,20,0,2014,1
2014-12-01 21:00:00,69.04382,8.87823,40.799992,5.795144,1.742651,E,0.84601,15.470557,86.765839,12,21,0,2014,1
2014-12-01 22:00:00,57.789922,11.208144,40.799992,5.545449,1.676676,ENE,1.064054,14.708992,88.654549,12,22,0,2014,1
2014-12-01 23:00:00,49.063649,11.09175,40.799992,5.623071,1.407311,NE,1.181545,13.671818,92.106766,12,23,0,2014,1
2014-12-02 00:00:00,26.4237,31.313198,40.799992,6.155194,1.153374,NE,2.055153,13.630572,92.694336,12,0,1,2014,2
2014-12-02 01:00:00,12.864893,42.669754,,6.18698,1.101618,NE,1.977195,13.7192,90.676598,12,1,1,2014,2
2014-12-02 02:00:00,6.746359,48.425179,,6.196248,1.071135,ENE,2.472501,13.598352,91.0952,12,2,1,2014,2
2014-12-02 03:00:00,3.471194,57.791679,,5.882015,1.074458,ENE,2.427196,14.44875,89.479645,12,3,1,2014,2
2014-12-02 04:00:00,2.600633,56.146,40.299992,5.979796,1.064083,E,2.662576,14.580383,88.135956,12,4,1,2014,2
2014-12-02 05:00:00,3.528482,51.494026,40.299992,5.897483,1.068849,ENE,2.115607,14.292326,89.743317,12,5,1,2014,2
2014-12-02 06:00:00,6.109458,48.071644,40.299992,5.776959,1.074829,ENE,2.381772,14.217944,90.895836,12,6,1,2014,2
2014-12-02 07:00:00,18.380476,33.967609,40.299992,5.862973,1.121103,ENE,1.93998,14.112261,90.845337,12,7,1,2014,2
2014-12-02 08:00:00,38.870711,18.665627,40.299992,7.20598,1.281749,ENE,2.361772,14.174635,89.647766,12,8,1,2014,2
2014-12-02 09:00:00,49.263542,16.326694,40.299992,7.485164,1.437417,ENE,2.507541,14.611038,89.611374,12,9,1,2014,2
2014-12-02 10:00:00,40.305638,22.503675,40.299992,7.663664,1.303577,ENE,2.635919,15.459365,85.622528,12,10,1,2014,2
2014-12-02 11:00:00,27.399112,33.938812,40.299992,7.362656,1.190715,E,2.471182,16.592213,81.664185,12,11,1,2014,2
2014-12-02 12:00:00,19.393484,45.515224,40.299992,5.860554,1.15787,ESE,2.726078,17.683346,77.163269,12,12,1,2014,2
2014-12-02 13:00:00,18.779101,54.366646,40.299992,5.345356,1.169036,SE,2.844808,17.879692,71.986969,12,13,1,2014,2
2014-12-02 14:00:00,14.903017,61.635895,40.299992,5.210785,1.109139,SSE,3.340269,17.918762,69.247314,12,14,1,2014,2
2014-12-02 15:00:00,16.553587,60.119873,40.299992,5.068739,1.184428,SSE,2.749634,18.125216,69.22007,12,15,1,2014,2
2014-12-02 16:00:00,15.054376,62.348854,40.299992,4.963525,1.089935,SSE,3.006229,18.012341,66.961632,12,16,1,2014,2
2014-12-02 17:00:00,19.894917,54.952396,40.299992,4.322717,1.131406,SSE,2.43383,17.446003,71.112122,12,17,1,2014,2
2014-12-02 18:00:00,35.508466,40.932346,40.299992,4.920727,1.255216,SE,1.772297,17.076105,72.198273,12,18,1,2014,2
2014-12-02 19:00:00,37.943712,39.473652,40.299992,4.797443,1.269396,SE,1.74952,16.842722,73.218796,12,19,1,2014,2
2014-12-02 20:00:00,63.204478,18.364561,40.299992,4.753308,1.51436,E,1.048707,16.1765,75.41246,12,20,1,2014,2
2014-12-02 21:00:00,51.325693,19.349728,40.299992,4.559511,1.390079,ENE,1.381824,15.47832,81.421753,12,21,1,2014,2
2014-12-02 22:00:00,58.392757,9.914682,40.299992,4.829496,1.569282,ENE,0.956918,14.567593,85.792084,12,22,1,2014,2
2014-12-02 23:00:00,43.277889,17.351032,40.299992,4.814293,1.242801,ENE,1.789693,14.334515,87.505997,12,23,1,2014,2
2014-12-03 00:00:00,25.265002,33.128876,40.299992,6.181661,1.154913,ENE,1.834039,14.634645,85.162216,12,0,2,2014,3
2014-12-03 01:00:00,12.26941,44.663086,21.29999,6.017587,1.083398,ENE,1.557381,14.529062,86.055527,12,1,2,2014,3
2014-12-03 02:00:00,7.339179,51.639801,21.29999,5.393555,1.065085,E,1.422168,14.751285,86.728798,12,2,2,2014,3
2014-12-03 03:00:00,7.628338,45.023853,21.29999,5.203862,1.064987,NE,1.611811,14.414562,88.541168,12,3,2,2014,3
2014-12-03 04:00:00,5.207342,47.104946,21.29999,4.818907,1.041426,ENE,2.081235,14.141025,90.754028,12,4,2,2014,3
2014-12-03 05:00:00,3.678824,54.240246,21.29999,4.964449,1.013744,ENE,2.927886,14.048563,90.534157,12,5,2,2014,3
2014-12-03 06:00:00,4.84308,63.41766,21.29999,5.058238,1.008281,ENE,2.828498,13.542458,92.38678,12,6,2,2014,3
2014-12-03 07:00:00,12.959514,55.801407,21.29999,5.430962,1.02893,ENE,2.763444,13.404421,92.821968,12,7,2,2014,3
2014-12-03 08:00:00,31.959464,33.541653,21.29999,5.324765,1.146075,ENE,2.922587,13.643803,91.985474,12,8,2,2014,3
2014-12-03 09:00:00,32.36873,34.447533,21.29999,5.356076,1.187918,E,2.581158,13.717097,92.308067,12,9,2,2014,3
2014-12-03 10:00:00,34.063584,35.089264,21.29999,4.954866,1.194506,ENE,3.083895,14.211362,93.289879,12,10,2,2014,3
2014-12-03 11:00:00,23.741189,47.957161,21.29999,5.017512,1.149472,E,3.191222,15.600865,87.682098,12,11,2,2014,3
2014-12-03 12:00:00,14.860713,61.28019,21.29999,5.04948,1.10363,E,3.845086,16.757561,73.823967,12,12,2,2014,3
2014-12-03 13:00:00,13.876496,63.468468,21.29999,5.006939,1.085217,ESE,4.248359,16.710075,71.784897,12,13,2,2014,3
2014-12-03 14:00:00,18.108422,58.5406,21.29999,4.882974,1.136055,ESE,3.536539,16.055923,78.435822,12,14,2,2014,3
2014-12-03 15:00:00,17.444928,56.051109,21.29999,4.823806,1.12129,ESE,3.042603,16.042896,78.682709,12,15,2,2014,3
2014-12-03 16:00:00,20.665676,55.301376,21.29999,4.924559,1.13102,E,2.599244,15.298937,81.004883,12,16,2,2014,3
2014-12-03 17:00:00,24.684209,50.034573,21.29999,4.717628,1.15777,E,2.525384,14.85283,85.674835,12,17,2,2014,3
2014-12-03 18:00:00,25.401863,51.118404,21.29999,4.685321,1.178229,ESE,2.796017,15.689827,76.517426,12,18,2,2014,3
2014-12-03 19:00:00,23.321879,54.097099,21.29999,4.611854,1.157941,SE,2.865847,15.426632,77.087967,12,19,2,2014,3
2014-12-03 20:00:00,24.368372,53.085064,21.29999,4.582591,1.174174,ESE,2.767295,15.297817,76.917038,12,20,2,2014,3
2014-12-03 21:00:00,25.51152,49.594639,21.29999,4.50186,1.180982,E,2.455251,14.64974,79.393501,12,21,2,2014,3
2014-12-03 22:00:00,26.126221,46.949158,21.29999,4.383934,1.159182,E,2.181735,14.238705,82.889458,12,22,2,2014,3
2014-12-03 23:00:00,12.333825,60.876656,21.29999,4.398144,1.078421,ENE,2.801216,13.564369,87.731407,12,23,2,2014,3
2014-12-04 00:00:00,9.914331,58.944496,21.29999,4.348869,1.034333,ENE,2.921291,13.529502,86.836449,12,0,3,2014,4
2014-12-04 01:00:00,5.765043,59.385052,29.200001,4.387619,1.0222,ENE,2.695693,13.147465,90.440269,12,1,3,2014,4
2014-12-04 02:00:00,3.930557,62.810524,29.200001,4.445871,1.015667,ENE,2.512084,13.265193,89.797379,12,2,3,2014,4
2014-12-04 03:00:00,3.020266,64.201584,29.200001,4.422153,1.019772,ENE,2.079544,13.381017,88.00647,12,3,3,2014,4
2014-12-04 04:00:00,4.614258,55.470375,29.200001,4.428286,1.010686,NE,1.872429,13.08584,87.568237,12,4,3,2014,4
2014-12-04 05:00:00,2.6161,69.854614,29.200001,4.567476,0.995606,ESE,2.020653,13.84632,84.879692,12,5,3,2014,4
2014-12-04 06:00:00,2.775935,75.480186,29.200001,4.505294,0.998976,ESE,2.062722,14.28866,82.271233,12,6,3,2014,4
2014-12-04 07:00:00,9.163007,69.411118,29.200001,4.45274,1.023816,ESE,2.671118,14.966724,72.132576,12,7,3,2014,4
2014-12-04 08:00:00,40.638196,25.277254,29.200001,4.720261,1.197982,NE,2.493877,13.102831,84.940094,12,8,3,2014,4
2014-12-04 09:00:00,47.258984,24.320719,29.200001,5.288613,1.259064,ENE,2.47828,13.370705,85.218323,12,9,3,2014,4
2014-12-04 10:00:00,38.38578,33.051533,29.200001,5.275205,1.21433,ENE,2.551975,14.224288,82.47113,12,10,3,2014,4
2014-12-04 11:00:00,30.835763,40.482662,29.200001,4.926759,1.183539,ENE,2.794539,15.102932,79.539978,12,11,3,2014,4
2014-12-04 12:00:00,19.751941,60.811138,29.200001,4.962617,1.115846,ESE,3.047337,16.154314,68.410973,12,12,3,2014,4
2014-12-04 13:00:00,15.452538,70.722946,29.200001,4.882154,1.075197,SE,3.906226,17.219742,56.852386,12,13,3,2014,4
2014-12-04 14:00:00,14.039535,72.501175,29.200001,4.605518,1.071868,SE,4.173234,17.27323,58.436131,12,14,3,2014,4
2014-12-04 15:00:00,12.955438,70.621567,29.200001,4.593412,1.103749,SSE,3.938679,16.751823,64.849342,12,15,3,2014,4
2014-12-04 16:00:00,13.933093,68.116608,29.200001,4.480097,1.08034,SE,3.317618,16.752602,58.695621,12,16,3,2014,4
2014-12-04 17:00:00,19.064486,60.860245,29.200001,4.366446,1.100406,SSE,3.221389,16.483404,61.981476,12,17,3,2014,4
2014-12-04 18:00:00,28.438259,49.77005,29.200001,4.423408,1.202521,SE,2.178781,15.379015,70.946106,12,18,3,2014,4
2014-12-04 19:00:00,29.730393,48.940079,29.200001,4.308171,1.166666,SE,2.627621,15.036182,70.462311,12,19,3,2014,4
2014-12-04 20:00:00,45.876859,32.611137,29.200001,4.384805,1.304465,E,1.549654,15.086553,63.050667,12,20,3,2014,4
2014-12-04 21:00:00,57.493451,18.054831,29.200001,4.342734,1.365119,ENE,1.308179,14.503085,71.437141,12,21,3,2014,4
2014-12-04 22:00:00,53.643276,15.434432,29.200001,4.690795,1.323059,ENE,1.271418,13.706855,78.752106,12,22,3,2014,4
2014-12-04 23:00:00,24.596049,46.203758,29.200001,4.687652,1.145114,E,2.006134,13.641527,78.240089,12,23,3,2014,4
2014-12-05 00:00:00,19.671862,52.060139,29.200001,4.620694,1.12156,ENE,1.846584,13.11416,80.326172,12,0,4,2014,5
2014-12-05 01:00:00,14.130779,53.48325,53.5,4.772297,1.055385,ENE,1.732662,12.76058,83.237587,12,1,4,2014,5
2014-12-05 02:00:00,8.103336,53.613113,53.5,5.954543,1.008122,ENE,2.159402,12.576242,84.948067,12,2,4,2014,5
2014-12-05 03:00:00,5.97342,53.969025,53.5,5.812299,1.016513,NE,1.715382,12.425447,85.274422,12,3,4,2014,5
2014-12-05 04:00:00,4.071664,55.623714,53.5,5.552772,0.997418,ENE,2.385727,12.053685,86.844894,12,4,4,2014,5
2014-12-05 05:00:00,6.446529,51.322861,53.5,5.432393,1.016904,ENE,1.760109,12.459702,83.369583,12,5,4,2014,5
2014-12-05 06:00:00,12.968583,34.600601,53.5,6.66982,1.025073,ESE,1.421756,11.032285,88.650986,12,6,4,2014,5
2014-12-05 07:00:00,23.368731,26.937458,53.5,7.581286,1.051127,NE,1.718462,10.620162,90.357819,12,7,4,2014,5
2014-12-05 08:00:00,41.562194,15.433354,53.5,6.703339,1.214556,NE,1.460595,10.675447,88.79985,12,8,4,2014,5
2014-12-05 09:00:00,47.164123,15.344346,53.5,7.020528,1.287318,NE,2.292995,10.794325,87.874985,12,9,4,2014,5
2014-12-05 10:00:00,26.807541,32.843887,53.5,10.233419,1.117368,NE,3.218841,12.775435,82.156342,12,10,4,2014,5
2014-12-05 11:00:00,25.746609,38.970631,53.5,7.316048,1.123059,NE,2.71315,15.129592,74.711906,12,11,4,2014,5
2014-12-05 12:00:00,21.089283000000002,50.020393,53.5,7.040011,1.107018,ENE,3.057172,16.097473,70.685318,12,12,4,2014,5
2014-12-05 13:00:00,21.654376,47.871292,53.5,6.15214,1.127714,E,2.966219,15.032829,76.593491,12,13,4,2014,5
2014-12-05 14:00:00,14.7629,55.109322,53.5,6.015427,1.08721,SE,2.449682,15.346895,77.587662,12,14,4,2014,5
2014-12-05 15:00:00,15.98531,59.431019,53.5,5.537102,1.078832,SSE,2.171842,15.040606,81.339401,12,15,4,2014,5
2014-12-05 16:00:00,11.881231,61.130733,53.5,5.052324,1.043647,SSO,0.73862,15.392479,72.039703,12,16,4,2014,5
2014-12-05 17:00:00,30.266644,19.265554,53.5,5.037716,1.13933,ONO,0.607646,15.6126,68.05246,12,17,4,2014,5
2014-12-05 18:00:00,50.654898,,53.5,5.134717,1.263272,O,0.509667,14.172634,75.902206,12,18,4,2014,5
2014-12-05 19:00:00,81.820909,,53.5,5.870057,1.87042,NO,0.2734,13.41093,79.87738,12,19,4,2014,5
2014-12-05 20:00:00,103.435798,,53.5,6.305432,2.95797,NE,0.52419,13.22422,82.431992,12,20,4,2014,5
2014-12-05 21:00:00,102.509374,,53.5,6.870274,2.845122,NE,0.883117,12.620194,87.790665,12,21,4,2014,5
2014-12-05 22:00:00,66.050972,,53.5,9.251782,1.965391,SO,0.544171,12.480938,88.865616,12,22,4,2014,5
2014-12-05 23:00:00,56.104708,,53.5,10.820023,1.792363,ESE,0.846938,11.374303,92.116432,12,23,4,2014,5
2014-12-06 00:00:00,48.681764,,53.5,10.947425,1.691115,SO,0.4194,11.088116,94.351639,12,0,5,2014,6
2014-12-06 01:00:00,44.678133,,,10.515555,1.617241,NE,0.820027,10.65337,95.835083,12,1,5,2014,6
2014-12-06 02:00:00,37.526027,,,12.79957,1.405493,NNE,0.967031,10.013803,96.80545,12,2,5,2014,6
2014-12-06 03:00:00,32.954002,,,14.189197,1.280736,ONO,0.491629,9.681658,97.763428,12,3,5,2014,6
2014-12-06 04:00:00,30.758997,,61.099991,11.919054,1.363411,NE,0.713852,9.525879,98.577148,12,4,5,2014,6
2014-12-06 05:00:00,28.254852,,61.099991,9.29325,1.299007,NNE,0.968799,9.110942,98.898682,12,5,5,2014,6
2014-12-06 06:00:00,27.449144,,61.099991,14.380594,1.258154,NE,0.855974,8.948074,99.066505,12,6,5,2014,6
2014-12-06 07:00:00,27.368485,,61.099991,13.543212,1.201196,NE,1.381432,8.561356,99.091888,12,7,5,2014,6
2014-12-06 08:00:00,33.526323,,61.099991,12.676813,1.413786,NE,1.047685,8.473343,99.09903,12,8,5,2014,6
2014-12-06 09:00:00,41.613462,,61.099991,22.254927,1.591919,NE,1.292052,9.274828,98.700516,12,9,5,2014,6
2014-12-06 10:00:00,46.611219,,61.099991,32.736786,1.432797,NNE,1.412452,11.557822,95.538895,12,10,5,2014,6
2014-12-06 11:00:00,43.338326,,61.099991,20.340971,1.34349,E,1.123412,14.328107,80.219803,12,11,5,2014,6
2014-12-06 12:00:00,54.320637,,61.099991,13.907174,1.460673,ONO,1.508426,16.673615,63.243958,12,12,5,2014,6
2014-12-06 13:00:00,45.033533,0.242774,61.099991,12.806255,1.282354,ONO,1.543471,17.564535,57.400143,12,13,5,2014,6
2014-12-06 14:00:00,29.039365,1.175362,61.099991,15.609958,1.149157,SSO,1.472181,17.582178,57.256199,12,14,5,2014,6
2014-12-06 15:00:00,21.537988,0.795822,61.099991,17.141165,1.081939,OSO,1.124555,17.744228,55.241005,12,15,5,2014,6
2014-12-06 16:00:00,15.701639,4.589304,61.099991,12.294542,1.056005,SSO,1.290167,17.603512,54.835464,12,16,5,2014,6
2014-12-06 17:00:00,14.94583,8.345644,61.099991,6.978948,1.061184,ONO,1.040313,16.594753,58.97168,12,17,5,2014,6
2014-12-06 18:00:00,35.252445,0.141606,61.099991,5.946592,1.1436,N,0.601088,15.387697,65.526215,12,18,5,2014,6
2014-12-06 19:00:00,60.051158,,61.099991,5.87251,1.259675,ONO,0.70329,14.356495,70.775497,12,19,5,2014,6
2014-12-06 20:00:00,65.224964,,61.099991,6.044039,1.327012,ONO,0.469273,13.416698,74.807205,12,20,5,2014,6
2014-12-06 21:00:00,62.863366,,61.099991,8.052653,1.435908,NO,0.823354,12.511053,83.407715,12,21,5,2014,6
2014-12-06 22:00:00,60.762406,,61.099991,7.59897,1.44153,ONO,0.935656,12.665305,84.365135,12,22,5,2014,6
2014-12-06 23:00:00,55.928108,,61.099991,6.173187,1.39944,N,0.531947,11.810535,84.86097,12,23,5,2014,6
2014-12-07 00:00:00,39.461306,,61.099991,5.802613,1.311708,ONO,1.008282,11.58089,86.056465,12,0,6,2014,7
2014-12-07 01:00:00,19.873482,,,5.433888,1.138918,N,0.863067,11.333839,84.99501,12,1,6,2014,7
2014-12-07 02:00:00,20.774711,,,4.874552,1.137683,N,0.0,10.752812,84.756508,12,2,6,2014,7
2014-12-07 03:00:00,15.225122,,,4.68812,1.105022,N,0.120217,10.297987,85.93969,12,3,6,2014,7
2014-12-07 04:00:00,22.698714,,33.599991,4.702129,1.09448,N,0.275648,10.229275,83.419708,12,4,6,2014,7
2014-12-07 05:00:00,26.384457,,33.599991,4.566749,1.073003,ONO,0.409713,10.061862,83.89624,12,5,6,2014,7
2014-12-07 06:00:00,30.952092,,33.599991,4.468955,1.074685,SO,0.372195,9.64011,85.887085,12,6,6,2014,7
2014-12-07 07:00:00,22.979842,,33.599991,4.39215,1.044621,NNE,0.775985,9.497524,83.974487,12,7,6,2014,7
2014-12-07 08:00:00,19.323658000000002,,33.599991,4.341578,1.058158,ONO,0.580415,9.571938,80.281197,12,8,6,2014,7
2014-12-07 09:00:00,28.361742,,33.599991,4.415473,1.18785,N,0.612496,9.878645,78.082382,12,9,6,2014,7
2014-12-07 10:00:00,13.759506,,33.599991,4.436234,1.069731,NO,1.69159,12.542524,67.762886,12,10,6,2014,7
2014-12-07 11:00:00,15.628697,,33.599991,4.528269,1.099874,NO,2.304473,14.07173,61.76244,12,11,6,2014,7
2014-12-07 12:00:00,17.379173,3.02041,33.599991,4.953005,1.14553,NO,2.348188,15.486189,58.827663,12,12,6,2014,7
2014-12-07 13:00:00,10.461776,12.153774,33.599991,6.288101,1.049592,ONO,2.096447,16.824371,54.948208,12,13,6,2014,7
2014-12-07 14:00:00,6.49256,16.172171,33.599991,6.179664,1.019189,O,1.759867,17.017767,56.455528,12,14,6,2014,7
2014-12-07 15:00:00,5.6859,18.473938,33.599991,5.405012,1.023432,O,1.901339,16.870293,57.073254,12,15,6,2014,7
2014-12-07 16:00:00,8.104292,18.495296,33.599991,5.19547,1.026979,ONO,2.060824,16.262712,58.579704,12,16,6,2014,7
2014-12-07 17:00:00,10.491188,17.107737,33.599991,5.613558,1.033144,ONO,1.99051,15.294903,59.858906,12,17,6,2014,7
2014-12-07 18:00:00,15.154402,11.464534,33.599991,5.82464,1.06342,ONO,1.566567,14.282693,62.821526,12,18,6,2014,7
2014-12-07 19:00:00,33.016269,0.355796,33.599991,5.539043,1.140312,ONO,1.054721,13.389871,66.080711,12,19,6,2014,7
2014-12-07 20:00:00,39.652128,,33.599991,6.117328,1.158598,ONO,0.952528,13.035745,64.091293,12,20,6,2014,7
2014-12-07 21:00:00,62.040259,,33.599991,8.592482,1.37802,ONO,0.649225,11.612263,70.072716,12,21,6,2014,7
2014-12-07 22:00:00,68.893574,,33.599991,6.388058,1.633536,SO,0.479041,10.754912,75.408348,12,22,6,2014,7
2014-12-07 23:00:00,66.207804,,33.599991,5.877305,1.510702,SSE,0.655748,10.259493,75.914383,12,23,6,2014,7
2014-12-08 00:00:00,25.214442,,33.599991,5.166875,1.154154,NO,1.384671,10.24959,73.840523,12,0,0,2014,8
2014-12-08 01:00:00,9.982911,,,4.845407,1.056567,NO,1.382556,10.144177,74.22422,12,1,0,2014,8
2014-12-08 02:00:00,19.857591,,,4.652606,1.061516,NE,0.556007,9.294397,77.315048,12,2,0,2014,8
2014-12-08 03:00:00,17.330237,,,4.612583,1.088013,OSO,0.396812,8.946277,80.078278,12,3,0,2014,8
2014-12-08 04:00:00,13.191994,,58.400002,4.357363,1.074655,ENE,0.605407,8.751561,80.43576,12,4,0,2014,8
2014-12-08 05:00:00,12.867781,,58.400002,4.341351,1.044063,ENE,0.502572,8.502578,81.308472,12,5,0,2014,8
2014-12-08 06:00:00,20.748814,,58.400002,4.552945,1.100187,ENE,0.542628,8.247627,82.496666,12,6,0,2014,8
2014-12-08 07:00:00,44.65237,,58.400002,4.744595,1.204442,NE,0.882272,7.914904,82.328545,12,7,0,2014,8
2014-12-08 08:00:00,62.616602,,58.400002,5.975079,1.691631,NE,1.109337,7.707706,82.932343,12,8,0,2014,8
2014-12-08 09:00:00,63.905246,,58.400002,16.050914,1.721956,NNE,1.417499,8.395877,81.562744,12,9,0,2014,8
2014-12-08 10:00:00,51.584265,,58.400002,16.00813,1.30751,ESE,1.266189,11.169478,72.025665,12,10,0,2014,8
2014-12-08 11:00:00,32.70499,,58.400002,9.272812,1.150266,NNO,1.740648,13.88268,61.116665,12,11,0,2014,8
2014-12-08 12:00:00,25.253619,2.95261,58.400002,8.107578,1.126638,ONO,1.719467,15.17487,58.736965,12,12,0,2014,8
2014-12-08 13:00:00,22.641258,7.687596,58.400002,9.104596,1.062191,OSO,1.491033,16.192062,56.068268,12,13,0,2014,8
2014-12-08 14:00:00,13.554273,18.825974,58.400002,7.904036,1.017254,SO,1.811539,16.110361,57.335567,12,14,0,2014,8
2014-12-08 15:00:00,9.285518,26.088699,58.400002,6.630382,1.006299,SSO,2.015287,15.989142,58.165474,12,15,0,2014,8
2014-12-08 16:00:00,9.233567,27.697309,58.400002,6.130534,0.998008,SO,1.651506,15.78252,60.051582,12,16,0,2014,8
2014-12-08 17:00:00,11.381894,25.920267,58.400002,5.528881,1.015715,SSO,1.209954,15.328953,62.839874,12,17,0,2014,8
2014-12-08 18:00:00,27.368908,5.419786,58.400002,5.114839,1.097738,NNO,0.352108,13.900656,68.445793,12,18,0,2014,8
2014-12-08 19:00:00,65.827209,,58.400002,4.844074,1.278442,N,0.0,12.817797,73.706375,12,19,0,2014,8
2014-12-08 20:00:00,84.052458,,58.400002,5.054954,1.752955,N,0.233997,12.27428,77.414589,12,20,0,2014,8
2014-12-08 21:00:00,110.454588,,58.400002,6.220291,2.721722,NE,0.845733,11.675315,80.925041,12,21,0,2014,8
2014-12-08 22:00:00,91.906304,,58.400002,6.546763,2.082507,NE,0.669343,10.98996,83.118027,12,22,0,2014,8
2014-12-08 23:00:00,87.19207,,58.400002,8.582066,2.12623,N,0.104384,10.48012,85.436569,12,23,0,2014,8
2014-12-09 00:00:00,77.028335,,58.400002,8.578454,1.973397,N,0.0,9.363894,89.892349,12,0,1,2014,9
2014-12-09 01:00:00,65.781118,,63.099991,6.740372,1.764274,N,0.380666,8.804674,91.703362,12,1,1,2014,9
2014-12-09 02:00:00,49.208696,,63.099991,5.933443,1.314203,NNE,0.724321,8.66955,92.768105,12,2,1,2014,9
2014-12-09 03:00:00,15.668298,,63.099991,5.396706,1.084892,SSE,0.904148,8.808812,89.211197,12,3,1,2014,9
2014-12-09 04:00:00,10.932737,,63.099991,5.036063,1.04699,N,0.50105,8.169822,85.809746,12,4,1,2014,9
2014-12-09 05:00:00,26.892799,,63.099991,4.737389,1.124896,N,0.26625,7.820344,88.637596,12,5,1,2014,9
2014-12-09 06:00:00,33.917789,,63.099991,4.663882,1.164698,N,0.178428,7.35616,90.964958,12,6,1,2014,9
2014-12-09 07:00:00,41.729857,,63.099991,5.213519,1.300829,NE,1.036957,6.865521,92.182198,12,7,1,2014,9
2014-12-09 08:00:00,59.603039,,63.099991,6.664472,1.77053,NE,0.858042,6.983483,91.084236,12,8,1,2014,9
2014-12-09 09:00:00,79.117813,,63.099991,7.17476,2.191235,NE,0.916783,8.854498,82.456741,12,9,1,2014,9
2014-12-09 10:00:00,65.713219,,63.099991,8.445101,1.571106,SO,1.097631,11.968793,68.980186,12,10,1,2014,9
2014-12-09 11:00:00,52.470273,,63.099991,9.040722,1.328579,ONO,2.122203,14.253458,60.477402,12,11,1,2014,9
2014-12-09 12:00:00,33.497197,0.354764,63.099991,14.247873,1.124445,ONO,1.977222,16.198441,58.928932,12,12,1,2014,9
2014-12-09 13:00:00,17.429946,9.90658,63.099991,13.997041,1.026801,ONO,2.041522,17.100925,53.173103,12,13,1,2014,9
2014-12-09 14:00:00,10.506391,16.910913,63.099991,7.48636,1.007927,ONO,2.570274,17.334484,57.836617,12,14,1,2014,9
2014-12-09 15:00:00,9.95204,18.929497,63.099991,6.268079,1.014481,ONO,2.179852,17.246025,62.107578,12,15,1,2014,9
2014-12-09 16:00:00,13.514652,15.236804,63.099991,5.963138,1.031384,ONO,1.655272,17.087227,63.641457,12,16,1,2014,9
2014-12-09 17:00:00,15.48687,12.348814,63.099991,5.689044,1.033271,ONO,1.4882,16.28442,67.623459,12,17,1,2014,9
2014-12-09 18:00:00,28.172738,1.22224,63.099991,5.5651,1.106227,ONO,1.167302,15.035336,73.332199,12,18,1,2014,9
2014-12-09 19:00:00,51.489258,,63.099991,5.388359,1.226766,ONO,0.728594,13.961943,79.952782,12,19,1,2014,9
2014-12-09 20:00:00,69.989378,,63.099991,5.444659,1.353551,ONO,0.677021,13.218452,84.402344,12,20,1,2014,9
2014-12-09 21:00:00,68.326099,,63.099991,7.902827,1.489895,ONO,0.566602,12.347372,89.28656,12,21,1,2014,9
2014-12-09 22:00:00,70.338905,,63.099991,9.31809,1.616176,N,0.0,11.968216,90.600487,12,22,1,2014,9
2014-12-09 23:00:00,87.385981,,63.099991,7.894477,2.298687,N,0.0,11.772144,91.445557,12,23,1,2014,9
2014-12-10 00:00:00,69.375133,,63.099991,6.64771,1.805006,ENE,0.610379,10.915915,92.887924,12,0,2,2014,10
2014-12-10 01:00:00,53.12328,,52.099991,5.973247,1.493752,ENE,0.599349,10.538392,94.197357,12,1,2,2014,10
2014-12-10 02:00:00,43.558286,,52.099991,6.213056,1.336014,OSO,0.53535,10.460245,94.908104,12,2,2,2014,10
2014-12-10 03:00:00,37.794555,,52.099991,5.913463,1.286387,N,0.104287,10.32641,94.834007,12,3,2,2014,10
2014-12-10 04:00:00,27.133626,,52.099991,5.269638,1.246595,OSO,0.316947,10.113583,95.532593,12,4,2,2014,10
2014-12-10 05:00:00,20.46594,,52.099991,5.004656,1.112245,ENE,0.751613,9.814816,95.813019,12,5,2,2014,10
2014-12-10 06:00:00,23.784259,,52.099991,4.984017,1.208116,ENE,0.57397,9.64374,94.893936,12,6,2,2014,10
2014-12-10 07:00:00,44.672097,,52.099991,5.529581,1.200103,NE,0.780683,9.260277,92.611176,12,7,2,2014,10
2014-12-10 08:00:00,59.194851,,52.099991,7.774645,1.551906,NE,1.036145,9.071463,91.02597,12,8,2,2014,10
2014-12-10 09:00:00,67.91966,,52.099991,14.081591,1.81069,NNE,1.209997,10.082482,88.27224,12,9,2,2014,10
2014-12-10 10:00:00,64.18812,,52.099991,17.940761,1.521109,NNE,1.399809,12.691523,82.091461,12,10,2,2014,10
2014-12-10 11:00:00,42.158679,,52.099991,14.835687,1.226824,SO,1.802624,15.811585000000001,72.189888,12,11,2,2014,10
2014-12-10 12:00:00,28.605134,0.216884,52.099991,13.258576,1.150719,ONO,2.504254,16.572811,69.46991,12,12,2,2014,10
2014-12-10 13:00:00,29.18742,0.45316,52.099991,25.868254,1.122729,ONO,2.064976,17.200338,67.154716,12,13,2,2014,10
2014-12-10 14:00:00,20.064237,5.236846,52.099991,22.19379,1.078885,O,1.851524,17.443628,67.18576,12,14,2,2014,10
2014-12-10 15:00:00,14.222687,16.509859,52.099991,11.973191,1.05161,ONO,2.444328,16.777704,70.141975,12,15,2,2014,10
2014-12-10 16:00:00,12.471817,19.399475,52.099991,7.830117,1.044401,ONO,2.365464,16.195326,70.553574,12,16,2,2014,10
2014-12-10 17:00:00,16.961432,10.789074,52.099991,6.861772,1.052107,ONO,2.113725,15.574139,69.472321,12,17,2,2014,10
2014-12-10 18:00:00,34.080491,0.96236,52.099991,6.35935,1.161105,ONO,1.407649,14.836451,75.044395,12,18,2,2014,10
2014-12-10 19:00:00,35.601932,,52.099991,5.913676,1.192053,N,1.101034,14.464556,77.899361,12,19,2,2014,10
2014-12-10 20:00:00,40.026956,,52.099991,5.579315,1.212542,ONO,1.202763,14.466417,76.103409,12,20,2,2014,10
2014-12-10 21:00:00,40.035204,,52.099991,6.584706,1.161277,ONO,1.845901,14.329192,76.670395,12,21,2,2014,10
2014-12-10 22:00:00,54.524341,,52.099991,31.516485,1.170026,ONO,1.747554,13.578444,77.663429,12,22,2,2014,10
2014-12-10 23:00:00,48.601023,,52.099991,31.808345,1.157487,ONO,1.412389,13.079225,78.147903,12,23,2,2014,10
2014-12-11 00:00:00,46.742361,,52.099991,20.949352,1.177798,N,0.550349,12.298597,83.006104,12,0,3,2014,11
2014-12-11 01:00:00,44.017979,,,16.020996,1.214175,OSO,0.794175,11.537037,86.954552,12,1,3,2014,11
2014-12-11 02:00:00,43.329532,,,11.954052,1.378201,N,0.246545,11.028145,87.994705,12,2,3,2014,11
2014-12-11 03:00:00,38.535621,,,10.733868,1.254523,N,0.285448,11.013798,85.45842,12,3,3,2014,11
2014-12-11 04:00:00,31.507152,,108.400002,9.028544,1.259023,N,0.093818,10.307657,87.58886,12,4,3,2014,11
2014-12-11 05:00:00,35.620628,,108.400002,7.456555,1.299216,N,0.112864,10.148791,88.280289,12,5,3,2014,11
2014-12-11 06:00:00,37.179964,,108.400002,6.818053,1.285731,ONO,0.66798,9.18661,89.088013,12,6,3,2014,11
2014-12-11 07:00:00,33.411888,,108.400002,6.928543,1.118926,NNE,1.087563,8.368744,86.563148,12,7,3,2014,11
2014-12-11 08:00:00,39.229376,,108.400002,7.475611,1.247358,NNE,1.126628,8.396894,83.753288,12,8,3,2014,11
2014-12-11 09:00:00,54.244162,,108.400002,7.252433,1.482463,NNE,1.162523,9.994503,71.87159,12,9,3,2014,11
2014-12-11 10:00:00,48.944842,,108.400002,11.883716,1.381483,NE,1.070397,10.82658,70.611618,12,10,3,2014,11
2014-12-11 11:00:00,48.830334,0.254248,108.400002,20.561529,1.461714,E,0.8284,11.945188,68.883865,12,11,3,2014,11
2014-12-11 12:00:00,61.486168,1.707056,108.400002,14.414692,1.650086,SE,0.953102,13.143738,64.45536,12,12,3,2014,11
2014-12-11 13:00:00,60.115512,4.319386,108.400002,12.215306,1.612478,ENE,1.052945,14.333597,60.971268,12,13,3,2014,11
2014-12-11 14:00:00,59.079046,10.659912,108.400002,12.000836,1.441937,O,0.852994,15.287778,58.945896,12,14,3,2014,11
2014-12-11 15:00:00,59.759595,11.568974,108.400002,12.327992,1.336021,NNO,0.772049,15.857141,57.656181,12,15,3,2014,11
2014-12-11 16:00:00,64.526908,11.652976,108.400002,11.834746,1.369881,NO,0.876705,16.285946,57.007587,12,16,3,2014,11
2014-12-11 17:00:00,47.299786,10.329882,108.400002,9.789433,1.220582,NNO,0.80755,15.49823,61.798126,12,17,3,2014,11
2014-12-11 18:00:00,88.349156,,108.400002,10.968136,1.628538,S,0.682713,14.733037,63.421143,12,18,3,2014,11
2014-12-11 19:00:00,124.543912,0.086502,108.400002,10.722809,2.555585,NE,0.93598,14.127353,66.428131,12,19,3,2014,11
2014-12-11 20:00:00,110.736828,0.073558,108.400002,15.430433,2.844741,NE,0.969023,13.13044,70.083321,12,20,3,2014,11
2014-12-11 21:00:00,79.904206,,108.400002,14.720316,2.572502,NE,1.208751,11.881525,77.098289,12,21,3,2014,11
2014-12-11 22:00:00,56.648027,,108.400002,15.119542,1.961276,NE,1.49735,10.918936,86.339203,12,22,3,2014,11
2014-12-11 23:00:00,40.984291,,108.400002,10.907057,1.532459,NNE,1.512737,10.455156,87.378807,12,23,3,2014,11
2014-12-12 00:00:00,29.34875,0.329738,108.400002,12.782148,1.281581,NNE,1.827739,9.298637,89.951385,12,0,4,2014,12
2014-12-12 01:00:00,22.705931,0.233212,324.100006,8.515399,1.167236,NNE,1.437161,8.59585,91.194107,12,1,4,2014,12
2014-12-12 02:00:00,15.839146,5.98322,324.100006,7.194454,1.092106,NNE,1.822552,9.098224,92.665169,12,2,4,2014,12
2014-12-12 03:00:00,12.267632,7.271058,324.100006,6.391665,1.085628,NNE,1.774378,9.043618,93.218758,12,3,4,2014,12
2014-12-12 04:00:00,9.678323,12.145988,324.100006,6.108917,1.048561,NNE,1.822944,9.357414,93.501961,12,4,4,2014,12
2014-12-12 05:00:00,8.213229,10.473622,324.100006,5.999407,1.055346,NE,1.65739,9.122373,92.421585,12,5,4,2014,12
2014-12-12 06:00:00,18.61486,1.149824,324.100006,11.393061,1.060108,NE,1.403735,8.854803,90.426132,12,6,4,2014,12
2014-12-12 07:00:00,25.021405,,324.100006,8.397342,1.111164,NE,1.354256,8.582622,89.994667,12,7,4,2014,12
2014-12-12 08:00:00,34.218686,,324.100006,7.191616,1.301889,NE,0.853845,8.764687,90.12291,12,8,4,2014,12
2014-12-12 09:00:00,42.192395,,324.100006,8.111828,1.601405,NNE,1.268823,9.472087,87.995888,12,9,4,2014,12
2014-12-12 10:00:00,43.744842,0.329894,324.100006,19.95587,1.355729,NE,1.528255,11.602665,81.965675,12,10,4,2014,12
2014-12-12 11:00:00,38.876613,5.703084,324.100006,18.93064,1.230906,NE,2.2026,14.6457,70.872871,12,11,4,2014,12
2014-12-12 12:00:00,28.482711,22.269239,324.100006,12.899908,1.189449,ENE,2.810228,17.385792,61.631798,12,12,4,2014,12
2014-12-12 13:00:00,16.679966,35.681183,324.100006,9.212835,1.125651,E,3.584212,18.002836,53.73423,12,13,4,2014,12
2014-12-12 14:00:00,11.381997,45.684479,324.100006,6.934137,1.081178,E,4.161352,18.263664,48.006546,12,14,4,2014,12
2014-12-12 15:00:00,17.494532,42.918381,324.100006,6.662094,1.102376,E,3.539613,18.261496,58.762474,12,15,4,2014,12
2014-12-12 16:00:00,22.877913,38.495754,324.100006,6.892693,1.138647,ESE,2.39776,17.821796,67.106766,12,16,4,2014,12
2014-12-12 17:00:00,25.633322,32.26976,324.100006,6.284566,1.236917,E,2.868391,17.435011,69.780617,12,17,4,2014,12
2014-12-12 18:00:00,43.321186,12.40654,324.100006,6.082348,1.371196,ENE,2.368643,16.847843,72.403976,12,18,4,2014,12
2014-12-12 19:00:00,46.59912,14.954224,324.100006,6.342868,1.310539,ENE,3.052907,16.009117,73.809113,12,19,4,2014,12
2014-12-12 20:00:00,38.243257,18.625507,324.100006,6.312214,1.276962,ENE,2.849683,15.314033,77.503143,12,20,4,2014,12
2014-12-12 21:00:00,25.412878,29.440826,324.100006,5.898265,1.150084,ENE,3.11232,14.870062,81.033669,12,21,4,2014,12
2014-12-12 22:00:00,18.338929,35.527382,324.100006,5.607847,1.088872,ENE,3.502754,14.644211,83.436844,12,22,4,2014,12
2014-12-12 23:00:00,18.64129,33.095539,324.100006,5.482223,1.091822,ENE,2.845771,14.392039,84.527397,12,23,4,2014,12
2014-12-13 00:00:00,16.654375,32.493057,324.100006,5.704693,1.069905,NE,3.053296,13.741383,87.607346,12,0,5,2014,13
2014-12-13 01:00:00,9.930845,43.423752,,5.3826,1.014723,NE,2.941658,14.026384,87.710243,12,1,5,2014,13
2014-12-13 02:00:00,11.417443,37.74725,161.800003,5.505241,0.999774,NE,3.173084,13.82115,89.696106,12,2,5,2014,13
2014-12-13 03:00:00,7.303292,37.703453,161.800003,5.489288,1.009246,NE,2.946011,13.371723,91.147568,12,3,5,2014,13
2014-12-13 04:00:00,6.765661,36.02528,161.800003,5.670696,0.984702,NE,3.232773,13.14343,90.303589,12,4,5,2014,13
2014-12-13 05:00:00,8.008202,35.086777,161.800003,5.763358,0.991012,NE,3.300918,13.213705,88.045181,12,5,5,2014,13
2014-12-13 06:00:00,10.07491,32.02861,161.800003,5.661278,0.974265,NE,3.264072,12.84357,87.170013,12,6,5,2014,13
2014-12-13 07:00:00,8.341237,33.696087,161.800003,7.500182,0.978099,NE,3.813628,12.640648,83.255379,12,7,5,2014,13
2014-12-13 08:00:00,16.826631,26.827496,161.800003,7.146546,1.019632,NE,4.155551,12.771536,76.503082,12,8,5,2014,13
2014-12-13 09:00:00,25.598817,19.407148,161.800003,7.474144,1.086013,NE,3.664025,12.893433,71.513153,12,9,5,2014,13
2014-12-13 10:00:00,19.059351,25.243723,161.800003,7.861004,1.051623,NE,4.3031,14.282625,68.695183,12,10,5,2014,13
2014-12-13 11:00:00,16.635071,29.117706,161.800003,8.513375,1.058357,NE,4.687901,16.229305,58.605576,12,11,5,2014,13
2014-12-13 12:00:00,14.637084,37.687828,161.800003,7.08798,1.031011,ENE,5.595514,17.577152,48.199085,12,12,5,2014,13
2014-12-13 13:00:00,11.651936,46.459892,161.800003,6.503573,1.082122,ENE,7.131727,18.289234,41.96666,12,13,5,2014,13
2014-12-13 14:00:00,13.307195,46.766533,161.800003,6.114693,1.13305,ENE,6.856736,18.294563,43.058296,12,14,5,2014,13
2014-12-13 15:00:00,14.971281,44.539215,161.800003,6.323746,1.135182,ENE,5.931355,17.939079,47.691383,12,15,5,2014,13
2014-12-13 16:00:00,13.822886,46.425079,161.800003,6.04259,1.115418,E,6.062411,16.199118,55.815182,12,16,5,2014,13
2014-12-13 17:00:00,14.083906,52.155869,161.800003,5.591408,1.092147,ENE,7.199431,14.485988,64.18531,12,17,5,2014,13
2014-12-13 18:00:00,15.407936,52.278946,161.800003,5.30909,1.088806,SE,4.718601,13.1243,84.036003,12,18,5,2014,13
2014-12-13 19:00:00,17.53221,50.385876,161.800003,5.136338,1.081114,SE,3.028082,12.158592,93.249557,12,19,5,2014,13
2014-12-13 20:00:00,20.886266,47.185455,161.800003,5.144986,1.140121,E,2.83142,11.844795,94.747581,12,20,5,2014,13
2014-12-13 21:00:00,13.769075,52.60157,161.800003,5.041582,1.213063,ENE,3.71656,11.556569,95.262344,12,21,5,2014,13
2014-12-13 22:00:00,14.673531,53.059799,161.800003,5.101628,1.186164,ENE,3.825186,11.45743,95.220047,12,22,5,2014,13
2014-12-13 23:00:00,8.604956,60.176437,161.800003,4.915379,1.094414,E,4.607617,11.162491,92.010674,12,23,5,2014,13
2014-12-14 00:00:00,7.157408,64.937019,161.800003,4.855681,1.027137,ENE,4.34932,10.618367,90.076172,12,0,6,2014,14
2014-12-14 01:00:00,5.742783,64.30806,,5.001222,0.994926,ENE,4.090992,10.558095,89.265083,12,1,6,2014,14
2014-12-14 02:00:00,2.641198,68.044075,7.0,5.030654,0.988609,ENE,4.095983,10.41595,87.901901,12,2,6,2014,14
2014-12-14 03:00:00,3.12451,66.971008,7.0,4.999711,0.98759,ENE,3.41212,10.003256,88.514137,12,3,6,2014,14
2014-12-14 04:00:00,2.77917,66.839699,7.0,5.168146,0.977875,ENE,4.257896,9.72368,87.373047,12,4,6,2014,14
2014-12-14 05:00:00,2.414578,64.589996,7.0,5.36952,0.97109,ENE,4.349393,9.774116,87.073112,12,5,6,2014,14
2014-12-14 06:00:00,1.797522,64.810371,7.0,5.5084,0.979263,ENE,4.992851,9.881529,87.323685,12,6,6,2014,14
2014-12-14 07:00:00,1.84417,72.139832,7.0,5.240022,1.072099,ENE,4.879297,9.6182,87.582062,12,7,6,2014,14
2014-12-14 08:00:00,6.003298,67.039902,7.0,5.075254,1.020029,ENE,3.729148,9.617081,85.517624,12,8,6,2014,14
2014-12-14 09:00:00,10.590115,55.730659,7.0,5.10786,0.990297,ENE,4.426122,9.897131,86.028694,12,9,6,2014,14
2014-12-14 10:00:00,10.087203,57.559879,7.0,5.427304,0.996211,ENE,4.888057,10.545307,82.654655,12,10,6,2014,14
2014-12-14 11:00:00,7.814456,60.417568,7.0,5.216358,1.027349,ENE,4.948167,11.172433,82.694168,12,11,6,2014,14
2014-12-14 12:00:00,7.330423,61.370258,7.0,5.171531,1.016393,ENE,6.505604,11.95587,81.687828,12,12,6,2014,14
2014-12-14 13:00:00,7.158779,63.550117,7.0,5.110853,1.080443,ENE,6.493381,12.664354,76.183243,12,13,6,2014,14
2014-12-14 14:00:00,10.276602,63.03611,7.0,5.097941,1.117064,ENE,5.135564,11.598763,82.742264,12,14,6,2014,14
2014-12-14 15:00:00,9.705538,62.109192,7.0,5.080121,1.059254,ENE,5.554555,12.42721,79.473938,12,15,6,2014,14
2014-12-14 16:00:00,8.446857,62.700058,7.0,4.933004,1.007708,ENE,6.498419,11.58333,81.569962,12,16,6,2014,14
2014-12-14 17:00:00,11.149916,58.552689,7.0,5.06086,1.008915,ENE,5.903044,11.467338,82.087677,12,17,6,2014,14
2014-12-14 18:00:00,11.638596,56.114441,7.0,5.052842,,ENE,6.29107,11.550329,83.29463200000001,12,18,6,2014,14
2014-12-14 19:00:00,12.43969,52.36153,7.0,5.044874,,ENE,5.892918,11.345707,87.74884,12,19,6,2014,14
2014-12-14 20:00:00,15.544149,48.979191,7.0,5.072213,,ENE,5.312163,11.27306,86.892448,12,20,6,2014,14
2014-12-14 21:00:00,12.843319,49.287643,7.0,4.849235,,E,3.180667,11.600358,90.404755,12,21,6,2014,14
2014-12-14 22:00:00,14.566528,58.774006,7.0,4.894014,,SE,2.749719,12.321153,83.751961,12,22,6,2014,14
2014-12-14 23:00:00,12.841684,60.208279,7.0,4.909059,,ESE,2.078031,12.116805,82.703964,12,23,6,2014,14
2014-12-15 00:00:00,13.23781,57.098316,7.0,5.0298,,E,1.712835,11.944475,83.262497,12,0,0,2014,15
2014-12-15 01:00:00,7.396996,55.339321,,4.819727,,SSO,1.27928,11.849305,86.736794,12,1,0,2014,15
2014-12-15 02:00:00,3.826551,64.410469,,4.729246,,S,3.876235,13.203224,84.708817,12,2,0,2014,15
2014-12-15 03:00:00,2.74381,64.966301,,4.826861,,SSO,2.789747,12.707905,87.769875,12,3,0,2014,15
2014-12-15 04:00:00,2.363367,65.494797,29.700001,4.792757,,S,4.401897,13.84069,79.987,12,4,0,2014,15
2014-12-15 05:00:00,2.11003,66.333115,29.700001,4.723107,,SSO,4.830488,14.455225,71.346695,12,5,0,2014,15
2014-12-15 06:00:00,2.677398,67.216385,29.700001,4.709242,,S,4.564851,14.54019,69.061752,12,6,0,2014,15
2014-12-15 07:00:00,4.937959,63.440201,29.700001,4.640124,,S,4.696497,14.595236,70.866905,12,7,0,2014,15
2014-12-15 08:00:00,26.161892,40.195045,29.700001,4.541283,,S,2.80771,14.142037,73.165878,12,8,0,2014,15
2014-12-15 09:00:00,58.48533,12.135266,29.700001,4.911388,,S,1.518758,14.21218,77.36412,12,9,0,2014,15
2014-12-15 10:00:00,39.233813,28.512903,29.700001,4.820813,,S,2.213845,15.08187,71.984459,12,10,0,2014,15
2014-12-15 11:00:00,27.493829,37.532284,29.700001,4.641245,,SSE,2.299475,15.093101,74.013733,12,11,0,2014,15
2014-12-15 12:00:00,23.516335,39.469795,29.700001,4.533404,,S,2.577772,15.494198,74.559723,12,12,0,2014,15
2014-12-15 13:00:00,23.153708,38.718262,29.700001,4.649095,,SSE,2.73012,14.773228,81.165916,12,13,0,2014,15
2014-12-15 14:00:00,25.685155,32.961365,29.700001,4.623896,,SSE,0.977372,14.158794,91.776215,12,14,0,2014,15
2014-12-15 15:00:00,29.591979,34.026649,29.700001,4.620203,,S,2.937207,14.908455,83.804535,12,15,0,2014,15
2014-12-15 16:00:00,24.810225,37.908283,29.700001,4.590966,,S,2.697726,15.666359,74.956718,12,16,0,2014,15
2014-12-15 17:00:00,30.933123,32.135891,29.700001,4.794215,,S,2.456139,15.456923,74.590012,12,17,0,2014,15
2014-12-15 18:00:00,31.651063,29.359055,29.700001,4.594907,,S,2.47442,15.159947,75.167343,12,18,0,2014,15
2014-12-15 19:00:00,35.27,27.959305,29.700001,4.717703,,S,2.433964,15.056027,74.019699,12,19,0,2014,15
2014-12-15 20:00:00,41.710108,21.375254,29.700001,4.587482,,S,1.927333,14.763494,74.338791,12,20,0,2014,15
2014-12-15 21:00:00,44.521679,20.015713,29.700001,4.557666,,S,1.807454,14.637527,76.450035,12,21,0,2014,15
2014-12-15 22:00:00,51.60608,12.654782,29.700001,4.606052,,SSE,1.078882,14.130305,80.468964,12,22,0,2014,15
2014-12-15 23:00:00,57.677323,6.41089,29.700001,4.654899,,SE,0.701773,13.881865,80.34819,12,23,0,2014,15
2014-12-16 00:00:00,58.579914,,29.700001,4.798834,,NE,0.676263,11.982562,89.383797,12,0,1,2014,16
2014-12-16 01:00:00,49.623758,,,4.824509,,ENE,0.854174,11.579329,93.323425,12,1,1,2014,16
2014-12-16 02:00:00,33.584681,1.44863,,4.818958,,NE,0.921222,10.673072,94.480392,12,2,1,2014,16
2014-12-16 03:00:00,15.604581,15.031492,,4.940154,,ENE,1.137591,10.307925,95.656281,12,3,1,2014,16
2014-12-16 04:00:00,8.933257,23.808949,28.9,5.032675,,NE,1.61694,10.04904,95.975403,12,4,1,2014,16
2014-12-16 05:00:00,7.397141,25.850439,28.9,4.959143,,NNE,2.105874,9.568512,96.010643,12,5,1,2014,16
2014-12-16 06:00:00,6.355441,30.360081,28.9,4.903204,,NE,2.005887,9.827669,96.127907,12,6,1,2014,16
2014-12-16 07:00:00,14.053237,28.601028,28.9,4.864377,,NE,2.154404,10.544868,95.130165,12,7,1,2014,16
2014-12-16 08:00:00,38.307039,6.063244,28.9,5.230979,,NE,1.974157,10.359275,93.475067,12,8,1,2014,16
2014-12-16 09:00:00,44.520207,7.138762,28.9,5.764771,,NE,2.294168,11.131897,92.057381,12,9,1,2014,16
2014-12-16 10:00:00,35.00548,17.423859,28.9,6.02202,,ENE,2.399776,12.669035,87.325974,12,10,1,2014,16
2014-12-16 11:00:00,27.824335,28.33004,28.9,6.114623,,ENE,2.904923,14.51804,80.404251,12,11,1,2014,16
2014-12-16 12:00:00,25.996197,36.179844,28.9,5.953585,,ENE,2.969713,15.656998,77.409164,12,12,1,2014,16
2014-12-16 13:00:00,25.40477,37.341125,28.9,5.655154,,E,2.533965,15.832584,76.574173,12,13,1,2014,16
2014-12-16 14:00:00,24.712013,37.61615,28.9,5.602012,,ESE,2.29923,15.64682,76.794388,12,14,1,2014,16
2014-12-16 15:00:00,28.835084,33.159725,28.9,5.369071,,E,2.21386,15.382748,77.941826,12,15,1,2014,16
2014-12-16 16:00:00,26.152116,38.479355,28.9,5.276841,,E,2.368104,15.331025,77.38179,12,16,1,2014,16
2014-12-16 17:00:00,21.81222,40.294792,28.9,5.036253,,E,2.7171,14.52004,83.398239,12,17,1,2014,16
2014-12-16 18:00:00,29.41433,33.384079,28.9,4.907647,,E,2.489872,13.620943,93.106659,12,18,1,2014,16
2014-12-16 19:00:00,28.621617,32.757175,28.9,4.745399,,E,2.592053,13.194,96.334236,12,19,1,2014,16
2014-12-16 20:00:00,29.810336,29.717051,28.9,4.631339,,ENE,3.269764,13.232533,97.765762,12,20,1,2014,16
2014-12-16 21:00:00,26.621311,28.589226,28.9,4.695921,,ENE,2.967037,13.51803,98.340408,12,21,1,2014,16
2014-12-16 22:00:00,21.621152,33.122318,28.9,4.78861,,E,2.075809,13.822137,98.443321,12,22,1,2014,16
2014-12-16 23:00:00,30.928908,22.639227,28.9,4.76509,,SE,1.035805,14.53615,98.725166,12,23,1,2014,16
2014-12-17 00:00:00,16.773912,39.117332,28.9,4.633772,,S,1.657984,14.920902,97.205559,12,0,2,2014,17
2014-12-17 01:00:00,8.76213,48.959538,,4.6105,,S,1.421886,15.39828,89.933311,12,1,2,2014,17
2014-12-17 02:00:00,11.496947,43.365082,,4.610655,,SSE,0.665932,15.39723,88.56369,12,2,2,2014,17
2014-12-17 03:00:00,18.322334,28.164639,,4.543593,,N,0.183638,14.79273,90.272812,12,3,2,2014,17
2014-12-17 04:00:00,12.70498,16.136257,34.299992,4.662533,,ENE,0.664321,13.97422,94.130844,12,4,2,2014,17
2014-12-17 05:00:00,23.345076,4.138928,34.299992,4.603801,,NE,0.847299,13.09286,96.625824,12,5,2,2014,17
2014-12-17 06:00:00,23.219483,4.619518,34.299992,4.793027,,NE,1.461196,12.559385,98.244911,12,6,2,2014,17
2014-12-17 07:00:00,27.296408,2.138682,34.299992,5.485333,,NE,1.710336,12.055822,98.995529,12,7,2,2014,17
2014-12-17 08:00:00,40.406797,,34.299992,6.071684,,NE,1.521965,11.993316,99.420822,12,8,2,2014,17
2014-12-17 09:00:00,51.99469,0.002288,34.299992,6.436804,,NE,1.460479,12.649264,99.581261,12,9,2,2014,17
2014-12-17 10:00:00,38.235858,4.953372,34.299992,7.067108,,NE,2.16244,13.205667,99.169815,12,10,2,2014,17
2014-12-17 11:00:00,29.041416,17.461094,34.299992,6.70477,,NE,2.098493,15.08889,96.216103,12,11,2,2014,17
2014-12-17 12:00:00,18.970499,32.563335,34.299992,6.805379,,E,1.073332,17.19702,82.062469,12,12,2,2014,17
2014-12-17 13:00:00,18.555705,36.120167,34.299992,8.361573,,OSO,1.868542,17.596752,74.284256,12,13,2,2014,17
2014-12-17 14:00:00,15.316277,43.017006,34.299992,6.347215,,S,2.58708,16.87067,82.62973,12,14,2,2014,17
2014-12-17 15:00:00,12.055555,46.970581,34.299992,6.534152,,S,2.118297,17.327291,77.291,12,15,2,2014,17
2014-12-17 16:00:00,14.537768,44.57962,34.299992,7.18677,,SO,1.290134,17.619957,75.092522,12,16,2,2014,17
2014-12-17 17:00:00,25.125501,37.838638,34.299992,6.599362,,S,1.114597,17.245275,77.344009,12,17,2,2014,17
2014-12-17 18:00:00,33.065854,29.416388,34.299992,5.721313,,ONO,1.107285,15.934401,81.994064,12,18,2,2014,17
2014-12-17 19:00:00,53.227431,4.172574,34.299992,5.826373,,ONO,1.174186,15.23453,83.570847,12,19,2,2014,17
2014-12-17 20:00:00,53.95578,4.604808,34.299992,6.340348,,ONO,1.262579,15.011732,84.400345,12,20,2,2014,17
2014-12-17 21:00:00,48.132551,8.195064,34.299992,6.165524,,ONO,1.119071,14.500338,87.432404,12,21,2,2014,17
2014-12-17 22:00:00,57.677458,0.176298,34.299992,8.995219,,ONO,1.080565,13.787408,90.502235,12,22,2,2014,17
2014-12-17 23:00:00,46.987399,3.153194,34.299992,8.434127,,N,0.759997,13.087265,93.168869,12,23,2,2014,17
2014-12-18 00:00:00,50.552929,,34.299992,7.091034,,N,0.174415,12.25922,95.701965,12,0,3,2014,18
2014-12-18 01:00:00,46.601222,,,6.298941,,N,0.0,11.910356,97.153,12,1,3,2014,18
2014-12-18 02:00:00,44.772051,0.075166,,6.089205,,N,0.195223,11.458652,97.613716,12,2,3,2014,18
2014-12-18 03:00:00,35.328081,0.70795,,5.758392,,N,0.0,11.244602,98.12915,12,3,3,2014,18
2014-12-18 04:00:00,28.446459,2.00918,62.200001,5.358645,,N,0.0,10.879528,98.597267,12,4,3,2014,18
2014-12-18 05:00:00,19.52933,8.72184,62.200001,5.123583,,OSO,0.278472,10.909813,99.006607,12,5,3,2014,18
2014-12-18 06:00:00,28.442762,2.954164,62.200001,4.943906,,ENE,0.40558,10.729445,99.165108,12,6,3,2014,18
2014-12-18 07:00:00,39.772363,,62.200001,5.024788,,N,0.091371,10.490974,99.372025,12,7,3,2014,18
2014-12-18 08:00:00,59.261184,,62.200001,5.430366,,ENE,0.507851,10.543779,99.60141,12,8,3,2014,18
2014-12-18 09:00:00,78.861073,,62.200001,5.729147,,NE,0.669164,11.225307,99.262039,12,9,3,2014,18
2014-12-18 10:00:00,46.160492,5.580284,62.200001,4.982775,,E,0.926075,12.991314,97.579018,12,10,3,2014,18
2014-12-18 11:00:00,36.58522,21.10792,62.200001,4.992577,,NO,1.748843,15.139393,87.046059,12,11,3,2014,18
2014-12-18 12:00:00,31.655919,28.96279,62.200001,5.841101,,O,1.424442,16.321865,78.786995,12,12,3,2014,18
2014-12-18 13:00:00,18.467614,39.072575,62.200001,7.030988,,OSO,1.392281,16.856289,76.910789,12,13,3,2014,18
2014-12-18 14:00:00,8.51779,50.220757,62.200001,6.712784,,SSO,1.976599,16.793505,76.711472,12,14,3,2014,18
2014-12-18 15:00:00,8.719114,49.870956,62.200001,5.996703,,SSO,1.855395,16.9618,76.062332,12,15,3,2014,18
2014-12-18 16:00:00,8.073478,53.592045,62.200001,5.564042,,S,1.776506,16.51573,78.458618,12,16,3,2014,18
2014-12-18 17:00:00,10.73938,50.212788,62.200001,5.167999,,SSO,1.205458,16.288082,80.161034,12,17,3,2014,18
2014-12-18 18:00:00,30.007799,24.197012,62.200001,5.169828,,N,0.256299,15.217603,86.018784,12,18,3,2014,18
2014-12-18 19:00:00,62.780072,0.037334,62.200001,5.100226,,N,0.179494,14.21008,91.611305,12,19,3,2014,18
2014-12-18 20:00:00,73.510335,,62.200001,5.104212,,N,0.0,13.7637,94.344353,12,20,3,2014,18
2014-12-18 21:00:00,79.083408,,62.200001,5.490465,,N,0.165265,13.559349,96.162521,12,21,3,2014,18
2014-12-18 22:00:00,88.970265,,62.200001,6.485897,,SO,0.535442,12.941082,97.118217,12,22,3,2014,18
2014-12-18 23:00:00,85.393394,0.443178,62.200001,6.370858,,N,0.217579,12.55891,97.763626,12,23,3,2014,18
2014-12-19 00:00:00,75.058691,0.031046,62.200001,6.460239,,N,0.128928,11.968317,98.595779,12,0,4,2014,19
2014-12-19 01:00:00,53.556802,,55.700001,7.1068,,N,0.277121,11.688538,99.088516,12,1,4,2014,19
2014-12-19 02:00:00,45.5388,0.084954,55.700001,7.183376,,N,0.243873,11.406557,99.490456,12,2,4,2014,19
2014-12-19 03:00:00,35.210346,,55.700001,7.751718,,NE,1.147468,10.48341,99.749954,12,3,4,2014,19
2014-12-19 04:00:00,20.824826,1.062934,55.700001,10.964655,,NE,1.484747,9.120031,99.858459,12,4,4,2014,19
2014-12-19 05:00:00,14.643156,4.688354,55.700001,9.07631,,NNE,1.02272,8.617082,,12,5,4,2014,19
2014-12-19 06:00:00,19.82574,4.14941,55.700001,9.794519,,NE,1.192366,9.258785,,12,6,4,2014,19
2014-12-19 07:00:00,29.694498,0.537698,55.700001,10.213017,,NNE,1.240467,9.813051,99.918526,12,7,4,2014,19
2014-12-19 08:00:00,42.047176,,55.700001,9.708732,,NE,0.907119,9.963301,99.918053,12,8,4,2014,19
2014-12-19 09:00:00,51.202205,,55.700001,9.00111,,NE,0.954243,10.8762,99.923477,12,9,4,2014,19
2014-12-19 10:00:00,48.736592,1.081946,55.700001,16.949945,,NNE,1.2674,12.22517,,12,10,4,2014,19
2014-12-19 11:00:00,34.287452,18.0755,55.700001,13.057093,,OSO,1.201884,13.637225,97.926247,12,11,4,2014,19
2014-12-19 12:00:00,24.634607,38.735859,55.700001,9.766665,,NO,1.826435,15.204243,81.130943,12,12,4,2014,19
2014-12-19 13:00:00,21.601173,42.247566,55.700001,10.278091,,OSO,1.79144,15.73782,72.675179,12,13,4,2014,19
2014-12-19 14:00:00,17.706451,48.209019,55.700001,8.439793,,S,1.425204,15.861412,70.746201,12,14,4,2014,19
2014-12-19 15:00:00,16.095947,52.189354,55.700001,8.322572,,SSO,1.769593,16.332378,69.204239,12,15,4,2014,19
2014-12-19 16:00:00,14.012434,54.784138,55.700001,7.460581,,SO,1.264921,16.333193,68.894852,12,16,4,2014,19
2014-12-19 17:00:00,18.677315,46.785366,55.700001,7.152599,,O,1.037675,15.79836,71.29216,12,17,4,2014,19
2014-12-19 18:00:00,27.563635,32.01635,55.700001,6.533477,,SSO,0.469921,14.330482,77.721085,12,18,4,2014,19
2014-12-19 19:00:00,54.722985,3.749946,55.700001,5.803216,,N,0.0,13.112427,85.54792,12,19,4,2014,19
2014-12-19 20:00:00,69.051471,,55.700001,5.800225,,N,0.103544,12.433553,89.173103,12,20,4,2014,19
2014-12-19 21:00:00,64.921361,,55.700001,5.73928,,N,0.310389,11.83523,92.164322,12,21,4,2014,19
2014-12-19 22:00:00,62.831293,,55.700001,5.681715,,N,0.25056,11.55708,93.437286,12,22,4,2014,19
2014-12-19 23:00:00,61.604552,,55.700001,5.429547,,N,0.285253,11.728088,94.702339,12,23,4,2014,19
2014-12-20 00:00:00,46.097391,0.366994,55.700001,7.184206,,ONO,1.131818,11.460718,95.146622,12,0,5,2014,20
2014-12-20 01:00:00,33.727947,0.907236,,10.068066,,N,0.654991,10.940575,95.336853,12,1,5,2014,20
2014-12-20 02:00:00,33.392143,0.410182,,8.242955,,N,0.321182,10.125999,96.849602,12,2,5,2014,20
2014-12-20 03:00:00,29.92714,0.646266,,8.561889,,N,0.0,9.848834,98.27639,12,3,5,2014,20
2014-12-20 04:00:00,30.135183,0.305868,39.299992,10.10543,,N,0.0,9.817087,98.941727,12,4,5,2014,20
2014-12-20 05:00:00,16.396701,15.953252,39.299992,12.320443,,ONO,1.809621,9.816545,99.389793,12,5,5,2014,20
2014-12-20 06:00:00,11.87863,19.478144,39.299992,8.912335,,NO,1.955008,9.857686,99.85096,12,6,5,2014,20
2014-12-20 07:00:00,22.342072,8.47615,39.299992,8.659467,,NO,1.587532,9.850292,,12,7,5,2014,20
2014-12-20 08:00:00,26.380428,6.247298,39.299992,8.908228,,ONO,1.948918,9.963607,,12,8,5,2014,20
2014-12-20 09:00:00,37.007328,0.065412,39.299992,9.692781,,NO,1.607629,9.951703,99.732948,12,9,5,2014,20
2014-12-20 10:00:00,42.469473,3.089732,39.299992,9.213628,,NO,1.620754,10.824137,99.003464,12,10,5,2014,20
2014-12-20 11:00:00,35.254204,14.458796,39.299992,8.418751,,ONO,1.833043,11.89852,96.025978,12,11,5,2014,20
2014-12-20 12:00:00,24.283034,25.402576,39.299992,8.432725,,ONO,1.837642,13.062133,88.831451,12,12,5,2014,20
2014-12-20 13:00:00,16.449117,31.458195,39.299992,8.053975,,ONO,1.760402,13.615177,84.847672,12,13,5,2014,20
2014-12-20 14:00:00,13.844645,31.903889,39.299992,6.864306,,ONO,1.497204,13.425075,84.554024,12,14,5,2014,20
2014-12-20 15:00:00,12.910953,32.678238,39.299992,6.222881,,O,1.238848,13.394175,85.835297,12,15,5,2014,20
2014-12-20 16:00:00,14.096333,31.019283,39.299992,5.651242,,O,1.227824,13.221983,86.954613,12,16,5,2014,20
2014-12-20 17:00:00,17.238368,29.774515,39.299992,5.43985,,ONO,1.513667,12.836687,88.876228,12,17,5,2014,20
2014-12-20 18:00:00,20.879433,26.581945,39.299992,5.270209,,ONO,1.584657,12.61433,89.724182,12,18,5,2014,20
2014-12-20 19:00:00,26.232856,18.154045,39.299992,5.33556,,ONO,2.261542,12.129353,90.499855,12,19,5,2014,20
2014-12-20 20:00:00,39.896576,5.423138,39.299992,6.91876,,NO,1.76511,11.706448,91.935623,12,20,5,2014,20
2014-12-20 21:00:00,39.958868,6.110828,39.299992,6.660113,,NO,1.838785,11.786797,91.512543,12,21,5,2014,20
2014-12-20 22:00:00,36.058845,9.296598,39.299992,6.331409,,NO,2.047176,11.860565,90.386444,12,22,5,2014,20
2014-12-20 23:00:00,26.877091,15.027476,39.299992,6.134098,,ONO,2.27034,11.737313,90.200539,12,23,5,2014,20
2014-12-21 00:00:00,26.234547,14.318494,39.299992,5.781346,,ONO,2.023232,11.625349,90.891327,12,0,6,2014,21
2014-12-21 01:00:00,22.012926,14.849172,,5.899833,,NO,1.613423,11.566305,91.258713,12,1,6,2014,21
2014-12-21 02:00:00,14.720912,15.536876,,6.070189,,NNO,0.942443,11.242298,92.426086,12,2,6,2014,21
2014-12-21 03:00:00,8.425035,21.947958,,5.766111,,NO,0.846545,11.071255,93.548294,12,3,6,2014,21
2014-12-21 04:00:00,7.231023,22.223515,35.799992,5.512992,,NO,0.570446,11.165275,93.250198,12,4,6,2014,21
2014-12-21 05:00:00,8.900262,24.181114,35.799992,5.510357,,NO,1.041957,11.367077,92.879791,12,5,6,2014,21
2014-12-21 06:00:00,8.157874,27.307461,35.799992,5.728095,,NO,1.291541,11.19339,92.912582,12,6,6,2014,21
2014-12-21 07:00:00,11.922023,21.71406,35.799992,5.910785,,NNO,0.935762,11.182297,93.476082,12,7,6,2014,21
2014-12-21 08:00:00,15.808371,16.236143,35.799992,6.029872,,NNE,0.664104,11.247009,93.802841,12,8,6,2014,21
2014-12-21 09:00:00,18.582674,18.606144,35.799992,6.184308,,NNO,0.990722,11.531574,93.475449,12,9,6,2014,21
2014-12-21 10:00:00,17.715672,27.267645,35.799992,6.799807,,NO,1.737305,11.921309,91.391266,12,10,6,2014,21
2014-12-21 11:00:00,15.840579,32.682343,35.799992,7.730529,,NO,1.83909,12.620975,87.49247,12,11,6,2014,21
2014-12-21 12:00:00,16.954558,32.783001,35.799992,11.509441,,NO,2.068579,13.049313,84.420357,12,12,6,2014,21
2014-12-21 13:00:00,14.857003,36.931164,35.799992,14.480019,,O,1.662636,14.181353,80.208099,12,13,6,2014,21
2014-12-21 14:00:00,15.092266,39.582901,35.799992,14.249308,,OSO,1.50247,14.987483,76.657059,12,14,6,2014,21
2014-12-21 15:00:00,16.057174,42.144123,35.799992,18.923025,,SO,1.39895,15.201465,75.622475,12,15,6,2014,21
2014-12-21 16:00:00,14.245534,43.238655,35.799992,12.35982,,O,1.185912,15.013021,77.390236,12,16,6,2014,21
2014-12-21 17:00:00,12.177707,41.61092,35.799992,9.314327,,N,0.999476,14.412525,80.947014,12,17,6,2014,21
2014-12-21 18:00:00,17.073683,33.586872,35.799992,6.903953,,N,1.015326,13.044632,87.096855,12,18,6,2014,21
2014-12-21 19:00:00,18.43914,33.163872,35.799992,5.813375,,ONO,1.310388,12.65452,90.198303,12,19,6,2014,21
2014-12-21 20:00:00,14.616576,36.680244,35.799992,5.666976,,ONO,1.654513,12.610668,91.259354,12,20,6,2014,21
2014-12-21 21:00:00,23.756943,25.284695,35.799992,6.891569,,NO,1.453824,12.526487,92.028236,12,21,6,2014,21
2014-12-21 22:00:00,26.289564,21.570021,35.799992,7.963839,,ONO,1.052992,12.645837,92.74807,12,22,6,2014,21
2014-12-21 23:00:00,15.858177,31.695358,35.799992,7.316481,,ONO,1.200374,12.644378,92.082855,12,23,6,2014,21
2014-12-22 00:00:00,16.889211,28.422812,35.799992,7.665586,,NO,1.417418,12.437757,92.003212,12,0,0,2014,22
2014-12-22 01:00:00,12.196933,31.930929,,8.62658,,N,0.719668,12.146925,92.951187,12,1,0,2014,22
2014-12-22 02:00:00,10.656994,33.658478,,7.840883,,NE,0.853462,11.85907,93.852997,12,2,0,2014,22
2014-12-22 03:00:00,11.090602,29.542244,,7.975491,,OSO,0.734089,11.619213,95.135704,12,3,0,2014,22
2014-12-22 04:00:00,11.243968,25.495495,56.099991,8.515447,,NNE,1.138265,11.441831,96.513115,12,4,0,2014,22
2014-12-22 05:00:00,14.193641,18.651651,56.099991,9.38524,,NNE,1.81805,11.02445,97.578003,12,5,0,2014,22
2014-12-22 06:00:00,8.33881,17.005077,56.099991,8.68249,,NNE,1.722571,10.295988,98.819458,12,6,0,2014,22
2014-12-22 07:00:00,15.087856,10.003326,56.099991,6.609545,,NNE,1.644548,10.063829,99.671173,12,7,0,2014,22
2014-12-22 08:00:00,30.239334,0.880464,56.099991,6.109898,,NNE,1.653652,9.862364,99.919189,12,8,0,2014,22
2014-12-22 09:00:00,33.970606,0.229084,56.099991,10.194349,,NNE,1.564871,9.752375,,12,9,0,2014,22
2014-12-22 10:00:00,28.063691,1.45038,56.099991,10.612174,,NNE,1.706431,9.986431,99.918732,12,10,0,2014,22
2014-12-22 11:00:00,30.334168,2.76129,56.099991,8.313296,,E,1.120409,10.387225,,12,11,0,2014,22
2014-12-22 12:00:00,30.954766,8.731076,56.099991,8.200932,,N,0.826421,10.981646,,12,12,0,2014,22
2014-12-22 13:00:00,43.301251,11.384444,56.099991,9.135159,,SE,0.728706,12.02021,,12,13,0,2014,22
2014-12-22 14:00:00,46.47568,17.164165,56.099991,9.618787,,S,1.375244,13.441557,98.260109,12,14,0,2014,22
2014-12-22 15:00:00,38.235778,24.203686,56.099991,9.249169,,S,1.784818,14.101066,89.737686,12,15,0,2014,22
2014-12-22 16:00:00,33.618226,25.97472,56.099991,8.892767,,S,1.496132,14.005795,87.714485,12,16,0,2014,22
2014-12-22 17:00:00,33.78496,23.88575,56.099991,7.887055,,S,0.882358,13.489753,90.493851,12,17,0,2014,22
2014-12-22 18:00:00,38.031483,19.370653,56.099991,6.928979,,S,1.143371,13.197325,92.152756,12,18,0,2014,22
2014-12-22 19:00:00,48.01483,4.570144,56.099991,6.82185,,ONO,0.650368,13.000097,93.719231,12,19,0,2014,22
2014-12-22 20:00:00,55.321761,,56.099991,6.943346,,E,0.668643,12.452715,95.948608,12,20,0,2014,22
2014-12-22 21:00:00,60.119621,,56.099991,8.275337,,SO,0.636904,12.770685,96.594215,12,21,0,2014,22
2014-12-22 22:00:00,57.957924,,56.099991,9.159216,,ESE,1.036873,12.610092,95.825806,12,22,0,2014,22
2014-12-22 23:00:00,39.074175,1.492292,56.099991,8.664342,,OSO,0.713064,12.343844,96.512276,12,23,0,2014,22
2014-12-23 00:00:00,40.150167,0.00329,56.099991,8.010284,,N,0.296804,12.264988,98.286118,12,0,1,2014,23
2014-12-23 01:00:00,37.726193,,73.0,7.932538,,NO,0.58008,12.280895,99.394203,12,1,1,2014,23
2014-12-23 02:00:00,36.198818,0.03268,73.0,11.223412,,O,0.480993,12.193661,,12,2,1,2014,23
2014-12-23 03:00:00,32.587586,0.888846,73.0,10.094183,,E,0.936162,12.18494,,12,3,1,2014,23
2014-12-23 04:00:00,37.354167,2.940896,73.0,8.113997,,SE,0.906831,11.764752,,12,4,1,2014,23
2014-12-23 05:00:00,25.021295,6.762756,73.0,7.181496,,NNO,0.651398,11.733445,,12,5,1,2014,23
2014-12-23 06:00:00,30.795456,5.239494,73.0,6.590361,,O,0.946569,11.58567,99.293343,12,6,1,2014,23
2014-12-23 07:00:00,34.412823,1.319372,73.0,6.480272,,NO,1.282179,11.853275,97.538391,12,7,1,2014,23
2014-12-23 08:00:00,24.432714,3.935962,73.0,6.1066,,E,1.391262,11.280417,96.74775700000001,12,8,1,2014,23
2014-12-23 09:00:00,22.630347,3.24808,73.0,5.907658,,N,1.506102,11.11996,97.309448,12,9,1,2014,23
2014-12-23 10:00:00,21.371019,3.88762,73.0,5.672979,,NNE,1.731853,10.961975,97.829285,12,10,1,2014,23
2014-12-23 11:00:00,25.384419,4.165504,73.0,5.856338,,NNE,1.303846,11.264853,97.631531,12,11,1,2014,23
2014-12-23 12:00:00,39.352736,8.380296,73.0,8.816848,,ONO,0.917455,12.786455,93.581062,12,12,1,2014,23
2014-12-23 13:00:00,54.280043,13.534624,73.0,17.094173,,O,1.161182,15.045985,80.179588,12,13,1,2014,23
2014-12-23 14:00:00,45.973546,24.759619,73.0,15.964887,1.240637,SSO,1.648907,15.259323,77.48938,12,14,1,2014,23
2014-12-23 15:00:00,29.954749,39.978714,73.0,12.610194,1.206632,SSO,1.855458,15.500268,77.162048,12,15,1,2014,23
2014-12-23 16:00:00,25.609527,49.148376,73.0,10.481977,1.136397,SO,1.197196,15.764481,77.238701,12,16,1,2014,23
2014-12-23 17:00:00,28.457685,49.863735,73.0,9.162281,1.126797,N,0.977295,15.570405,79.436089,12,17,1,2014,23
2014-12-23 18:00:00,34.582607,28.81048,73.0,8.179612,1.113384,ONO,0.89294,14.104187,87.12735,12,18,1,2014,23
2014-12-23 19:00:00,31.82539,24.731701,73.0,8.591208,1.096738,ONO,1.153013,13.417545,90.648682,12,19,1,2014,23
2014-12-23 20:00:00,44.799643,11.689186,73.0,16.182347,1.137582,ONO,1.244915,13.341499,91.407631,12,20,1,2014,23
2014-12-23 21:00:00,40.784198,16.397261,73.0,16.298503,1.122868,NO,1.422905,13.369825,90.454788,12,21,1,2014,23
2014-12-23 22:00:00,26.38833,26.087688,73.0,13.140178,1.070753,NO,1.497606,13.120708,89.605782,12,22,1,2014,23
2014-12-23 23:00:00,31.799644,14.353362,73.0,10.515344,1.09799,NO,1.355084,12.054197,90.907242,12,23,1,2014,23
2014-12-24 00:00:00,28.125927,10.736284,73.0,10.275055,1.101174,NO,0.909827,10.675823,95.100952,12,0,2,2014,24
2014-12-24 01:00:00,32.213686,4.90503,53.700001,7.987583,1.134166,O,0.509799,10.63305,97.696854,12,1,2,2014,24
2014-12-24 02:00:00,31.978955,0.803368,53.700001,7.339069,1.133486,ESE,0.715971,10.044226,98.930542,12,2,2,2014,24
2014-12-24 03:00:00,22.133246,4.076914,53.700001,6.613545,1.239894,OSO,0.810548,10.486193,99.901367,12,3,2,2014,24
2014-12-24 04:00:00,17.584766,9.701628,53.700001,7.671962,1.215638,E,1.252193,10.698173,99.92112,12,4,2,2014,24
2014-12-24 05:00:00,14.031078,5.386824,53.700001,8.820588,1.109944,NNO,0.447333,10.00139,99.921112,12,5,2,2014,24
2014-12-24 06:00:00,22.005295,,53.700001,8.06885,1.10828,N,0.238658,9.820683,99.915955,12,6,2,2014,24
2014-12-24 07:00:00,27.397766,,53.700001,7.827044,1.465869,NE,0.580353,9.547179,99.916656,12,7,2,2014,24
2014-12-24 08:00:00,40.970692,,53.700001,11.690681,1.624793,NE,1.328911,9.153067,,12,8,2,2014,24
2014-12-24 09:00:00,42.323238,,53.700001,19.148028,1.503905,NNE,1.666439,8.873458,99.918869,12,9,2,2014,24
2014-12-24 10:00:00,39.837635,0.645116,53.700001,26.981796,1.371565,NNE,1.590957,10.314982,99.922981,12,10,2,2014,24
2014-12-24 11:00:00,30.039774,14.640562,53.700001,16.665724,1.184736,OSO,1.480556,13.130136,98.947426,12,11,2,2014,24
2014-12-24 12:00:00,27.948504,34.160202,53.700001,13.974324,1.15641,O,1.497913,16.540121,80.654053,12,12,2,2014,24
2014-12-24 13:00:00,28.929322,41.451611,53.700001,15.473838,1.143146,SO,1.54892,16.945898,74.255524,12,13,2,2014,24
2014-12-24 14:00:00,15.060398,51.014118,53.700001,15.035668,1.028962,S,1.612309,16.638069,77.631554,12,14,2,2014,24
2014-12-24 15:00:00,14.244965,54.769115,53.700001,10.649979,1.016166,S,1.750932,16.565962,76.926338,12,15,2,2014,24
2014-12-24 16:00:00,14.399354,57.391571,53.700001,8.403123,0.987732,SSO,1.556998,16.63946,75.733437,12,16,2,2014,24
2014-12-24 17:00:00,15.924593,56.058815,53.700001,7.438604,0.986862,SSO,1.249609,16.338148,77.014305,12,17,2,2014,24
2014-12-24 18:00:00,24.732969,41.32579,53.700001,6.630072,1.016473,N,0.408073,14.913408,82.377724,12,18,2,2014,24
2014-12-24 19:00:00,52.661172,9.340568,53.700001,6.257992,1.155015,N,0.271531,13.791985,85.999374,12,19,2,2014,24
2014-12-24 20:00:00,66.542862,0.960028,53.700001,5.992401,1.259384,N,0.381571,13.365957,87.796967,12,20,2,2014,24
2014-12-24 21:00:00,70.563892,,53.700001,6.161215,1.381293,NO,1.221592,12.823188,91.078514,12,21,2,2014,24
2014-12-24 22:00:00,64.030836,,53.700001,7.077142,1.364479,NO,1.146637,12.705158,93.66201,12,22,2,2014,24
2014-12-24 23:00:00,53.402202,0.623306,53.700001,7.009696,1.270431,OSO,0.795871,12.592927,94.519699,12,23,2,2014,24
2014-12-25 00:00:00,31.85566,15.787006,53.700001,6.839646,1.124128,NO,1.724396,12.458347,93.332275,12,0,3,2014,25
2014-12-25 01:00:00,22.45239,23.249069,,8.1234,1.043005,NO,1.747611,11.983783,93.529327,12,1,3,2014,25
2014-12-25 02:00:00,8.577107,38.776829,,8.037434,0.958801,NO,1.633581,11.297276,94.916153,12,2,3,2014,25
2014-12-25 03:00:00,6.896221,36.192268,,6.710738,0.96614,NO,1.382131,11.14638,96.361923,12,3,3,2014,25
2014-12-25 04:00:00,10.863746,30.318089,59.099991,6.705596,0.937361,NO,1.628834,11.185827,95.610497,12,4,3,2014,25
2014-12-25 05:00:00,12.363573,27.455185,59.099991,8.678176,0.948827,NO,1.711545,11.242229,94.782051,12,5,3,2014,25
2014-12-25 06:00:00,11.878512,22.133957,59.099991,15.310918,0.976088,ONO,1.427589,10.889055,95.351166,12,6,3,2014,25
2014-12-25 07:00:00,18.360511,15.345652,59.099991,8.683941,0.979705,ONO,1.474185,10.649196,97.027336,12,7,3,2014,25
2014-12-25 08:00:00,23.863673,14.158798,59.099991,13.624405,0.98026,NO,1.929633,11.140818,98.043129,12,8,3,2014,25
2014-12-25 09:00:00,41.806594,2.002218,59.099991,12.683985,1.078715,ONO,1.930173,11.56769,98.512299,12,9,3,2014,25
2014-12-25 10:00:00,31.084414,13.16711,59.099991,15.361388,1.023576,ONO,2.04705,11.620127,97.329147,12,10,3,2014,25
2014-12-25 11:00:00,28.026179,17.702217,59.099991,16.805095,1.026528,ONO,1.744428,11.77021,94.701462,12,11,3,2014,25
2014-12-25 12:00:00,32.544609,23.3419,59.099991,10.615076,1.128077,NO,2.081342,13.671579,85.084816,12,12,3,2014,25
2014-12-25 13:00:00,36.072488,25.76403,59.099991,15.308531,1.095614,O,1.600818,15.216658,77.737411,12,13,3,2014,25
2014-12-25 14:00:00,21.456033,37.879776,59.099991,17.390426,1.005473,ONO,1.835812,15.150314,78.409531,12,14,3,2014,25
2014-12-25 15:00:00,18.374788,47.568657,59.099991,13.911851,0.990393,ONO,1.852146,16.073051,72.301514,12,15,3,2014,25
2014-12-25 16:00:00,19.783655,46.422272,59.099991,11.019061,0.991239,ONO,1.731028,16.069998,71.189896,12,16,3,2014,25
2014-12-25 17:00:00,31.051758,38.052223,59.099991,11.537877,1.002371,ONO,1.709179,15.456415,73.52462,12,17,3,2014,25
2014-12-25 18:00:00,38.731128,28.017023,59.099991,19.133989,1.024834,ONO,1.01194,14.23324,79.25634,12,18,3,2014,25
2014-12-25 19:00:00,47.555221,14.280504,59.099991,11.568306,1.09194,ONO,0.630156,13.216385,87.154182,12,19,3,2014,25
2014-12-25 20:00:00,61.495232,0.057616,59.099991,8.4864,1.243276,N,0.213996,12.228155,91.726563,12,20,3,2014,25
2014-12-25 21:00:00,68.70002,,59.099991,8.687534,1.395739,N,0.0,11.942135,95.023636,12,21,3,2014,25
2014-12-25 22:00:00,71.805373,,59.099991,15.347441,1.508163,N,0.0,11.918935,96.312134,12,22,3,2014,25
2014-12-25 23:00:00,86.071676,,59.099991,11.581488,2.153261,N,0.104469,11.704072,97.180801,12,23,3,2014,25
2014-12-26 00:00:00,78.238755,,59.099991,8.940285,2.259964,N,0.0,11.283199,97.513359,12,0,4,2014,26
2014-12-26 01:00:00,65.163397,,67.300003,7.756276,2.137801,N,0.194302,10.702443,98.152817,12,1,4,2014,26
2014-12-26 02:00:00,46.716812,,67.300003,6.81517,1.709317,N,0.327516,10.225845,98.970413,12,2,4,2014,26
2014-12-26 03:00:00,40.703698,,67.300003,6.490746,1.382192,N,0.41041,9.936066,98.86277,12,3,4,2014,26
2014-12-26 04:00:00,27.743255,5.285142,67.300003,6.250703,1.142731,NE,1.120861,9.508276,98.166435,12,4,4,2014,26
2014-12-26 05:00:00,21.416459,7.531986,67.300003,6.039081,1.074185,SO,0.471049,9.135769,97.584984,12,5,4,2014,26
2014-12-26 06:00:00,32.363255,0.070602,67.300003,5.877799,1.09323,NE,0.670909,8.902151,97.354118,12,6,4,2014,26
2014-12-26 07:00:00,33.266691,0.214654,67.300003,5.633185,1.08264,NNE,1.219531,8.416124,96.778076,12,7,4,2014,26
2014-12-26 08:00:00,49.637675,,67.300003,5.81196,1.43269,NE,0.696102,8.422874,96.445457,12,8,4,2014,26
2014-12-26 09:00:00,57.220333,,67.300003,6.258149,1.548731,NNE,0.735348,8.939086,94.447113,12,9,4,2014,26
2014-12-26 10:00:00,70.993901,0.19026,67.300003,8.681281,1.697025,NNO,0.86204,11.463062,87.209267,12,10,4,2014,26
2014-12-26 11:00:00,59.179707,15.475436,67.300003,10.719154,1.383298,ONO,2.428381,13.726458,67.480247,12,11,4,2014,26
2014-12-26 12:00:00,33.195969,30.708935,67.300003,10.109787,1.10883,ONO,2.067109,15.083158,61.228828,12,12,4,2014,26
2014-12-26 13:00:00,40.932283,27.39645,67.300003,11.204105,1.14945,OSO,1.588444,16.284321,58.62064,12,13,4,2014,26
2014-12-26 14:00:00,24.565845,39.533569,67.300003,12.340749,1.027779,SSO,1.993441,15.75651,64.007492,12,14,4,2014,26
2014-12-26 15:00:00,13.845118,49.322666,67.300003,8.536062,0.96578,O,1.813442,15.974288,65.246635,12,15,4,2014,26
2014-12-26 16:00:00,10.357496,56.82061,67.300003,6.585361,0.952426,ONO,2.141114,15.288454,71.930023,12,16,4,2014,26
2014-12-26 17:00:00,14.989481,50.58836,67.300003,6.042944,0.961446,ONO,2.196518,14.612192,75.163002,12,17,4,2014,26
2014-12-26 18:00:00,23.991515,34.638855,67.300003,5.815885,0.972494,ONO,2.183051,13.574953,79.767426,12,18,4,2014,26
2014-12-26 19:00:00,45.580396,12.57341,67.300003,6.333633,1.05058,ONO,2.038124,12.949156,82.016685,12,19,4,2014,26
2014-12-26 20:00:00,59.975441000000004,0.941432,67.300003,9.577539,1.1727,ONO,1.510153,12.40554,83.830109,12,20,4,2014,26
2014-12-26 21:00:00,60.580385,0.013908,67.300003,8.150549,1.237174,ONO,1.513811,11.967978,86.936371,12,21,4,2014,26
2014-12-26 22:00:00,49.209858,0.77744,67.300003,6.845066,1.152883,ONO,1.337019,11.502779,88.365524,12,22,4,2014,26
2014-12-26 23:00:00,49.270325,0.035762,67.300003,6.740487,1.235409,N,0.925321,10.838993,90.261696,12,23,4,2014,26
2014-12-27 00:00:00,53.88031,,67.300003,6.478293,1.338612,N,0.234268,10.57078,92.940369,12,0,5,2014,27
2014-12-27 01:00:00,50.777238,,65.699982,6.242425,1.359017,N,0.099102,9.819527,94.369583,12,1,5,2014,27
2014-12-27 02:00:00,46.244456,,65.699982,6.470737,1.414708,N,0.0,9.508345,97.356529,12,2,5,2014,27
2014-12-27 03:00:00,42.899588,,65.699982,6.533461,1.41535,SO,0.531453,9.137228,98.182632,12,3,5,2014,27
2014-12-27 04:00:00,35.021997,0.711112,65.699982,6.363352,1.30832,ENE,0.8883,8.49783,98.698677,12,4,5,2014,27
2014-12-27 05:00:00,13.381819,12.046926,65.699982,5.808668,1.03451,ESE,1.047255,7.666091,98.809418,12,5,5,2014,27
2014-12-27 06:00:00,12.450761,11.227434,65.699982,5.575703,0.966301,NNE,1.144127,6.719509,98.915443,12,6,5,2014,27
2014-12-27 07:00:00,27.958832,2.338856,65.699982,5.110869,1.002891,NE,1.078061,6.741386,99.386887,12,7,5,2014,27
2014-12-27 08:00:00,35.596475,,65.699982,6.178952,1.242812,NE,1.292088,6.588828,99.730927,12,8,5,2014,27
2014-12-27 09:00:00,38.282609,,65.699982,9.110563,1.303748,NE,1.35084,7.358093,99.372536,12,9,5,2014,27
2014-12-27 10:00:00,36.074397,0.66071,65.699982,16.372195,1.22989,NNE,1.666938,9.042803,97.127762,12,10,5,2014,27
2014-12-27 11:00:00,36.999051,9.556524,65.699982,16.089827,1.166583,ESE,1.222232,12.753422,83.037529,12,11,5,2014,27
2014-12-27 12:00:00,32.113598,36.040478,65.699982,12.257202,1.122324,O,1.467802,15.414525,67.96917,12,12,5,2014,27
2014-12-27 13:00:00,14.422024,52.250801,65.699982,10.694658,0.969913,OSO,1.50097,16.142445,63.363918,12,13,5,2014,27
2014-12-27 14:00:00,10.87274,58.290237,65.699982,8.440858,0.941831,OSO,1.667182,16.270412,62.406284,12,14,5,2014,27
2014-12-27 15:00:00,8.920256,63.111629,65.699982,7.207527,0.910563,SO,1.286472,15.981575,63.08255,12,15,5,2014,27
2014-12-27 16:00:00,9.064043,63.763809,65.699982,6.690721,0.911386,OSO,1.124383,15.85188,65.154282,12,16,5,2014,27
2014-12-27 17:00:00,10.201124,64.058174,65.699982,6.142728,0.907449,S,1.469433,15.083498,67.483406,12,17,5,2014,27
2014-12-27 18:00:00,15.994261,53.304852,65.699982,5.924447,0.931191,S,0.559614,14.281235,72.363922,12,18,5,2014,27
2014-12-27 19:00:00,56.141397,14.57862,65.699982,5.748833,1.215468,N,0.458208,13.245522,77.85775,12,19,5,2014,27
2014-12-27 20:00:00,97.899316,0.008882,65.699982,5.706028,1.962174,NE,0.627608,12.683928,82.503357,12,20,5,2014,27
2014-12-27 21:00:00,96.976477,,65.699982,6.016228,2.290118,NE,0.889678,12.082649,85.814972,12,21,5,2014,27
2014-12-27 22:00:00,74.192275,,65.699982,5.946405,1.89791,NE,1.167143,11.460348,89.603989,12,22,5,2014,27
2014-12-27 23:00:00,63.559441,,65.699982,5.896954,1.719013,NE,1.314945,11.543175,89.304565,12,23,5,2014,27
2014-12-28 00:00:00,51.432893,,65.699982,6.100553,1.44118,ENE,1.64383,10.87939,89.963882,12,0,6,2014,28
2014-12-28 01:00:00,36.238982,0.401518,,5.962436,1.247521,NE,1.484762,10.387936,90.813965,12,1,6,2014,28
2014-12-28 02:00:00,23.328012,5.009948,,5.893131,1.209537,NE,1.809071,9.86162,91.997421,12,2,6,2014,28
2014-12-28 03:00:00,17.103348,9.686956,,5.68988,1.141036,NE,1.727564,9.402493,93.081467,12,3,6,2014,28
2014-12-28 04:00:00,19.006232,7.093914,65.900002,5.557092,1.134039,NE,1.624691,8.912022,93.750977,12,4,6,2014,28
2014-12-28 05:00:00,18.085084,5.74041,65.900002,5.576674,1.146339,NE,1.801041,8.554369,94.4851,12,5,6,2014,28
2014-12-28 06:00:00,15.022882,9.395946,65.900002,5.468822,1.098411,NE,1.802171,8.339235,94.775734,12,6,6,2014,28
2014-12-28 07:00:00,21.408883,5.789488,65.900002,5.713443,1.073211,NE,2.025852,8.471817,94.073326,12,7,6,2014,28
2014-12-28 08:00:00,25.426503,4.063706,65.900002,6.377781,1.066082,NE,2.094817,8.568715,91.784904,12,8,6,2014,28
2014-12-28 09:00:00,28.006129,4.980178,65.900002,6.931488,1.059515,NE,2.167174,9.009768,89.874405,12,9,6,2014,28
2014-12-28 10:00:00,27.815961,9.054356,65.900002,6.675096,1.025199,NE,1.834603,10.019297,88.25634,12,10,6,2014,28
2014-12-28 11:00:00,26.383492,19.670198,65.900002,8.161881,0.932331,NNE,2.345101,12.363788,82.241425,12,11,6,2014,28
2014-12-28 12:00:00,19.759418,31.69249,65.900002,7.627285,0.936076,ENE,2.376908,14.308232,75.505287,12,12,6,2014,28
2014-12-28 13:00:00,14.228996,44.561253,65.900002,7.29063,0.87105,ESE,1.564981,15.672598,69.95903,12,13,6,2014,28
2014-12-28 14:00:00,9.479664,55.90197,65.900002,7.170875,0.916793,S,1.904159,16.111685,65.266922,12,14,6,2014,28
2014-12-28 15:00:00,9.990983,57.349972,65.900002,6.436615,0.880841,S,2.463962,15.98158,67.343155,12,15,6,2014,28
2014-12-28 16:00:00,7.095417,57.796204,65.900002,5.905715,0.833285,S,2.697323,15.609447,70.122711,12,16,6,2014,28
2014-12-28 17:00:00,8.247938,54.895638,65.900002,5.433776,0.845385,S,2.123125,15.565457,64.672127,12,17,6,2014,28
2014-12-28 18:00:00,17.535961,41.022007,65.900002,5.439623,0.840046,S,0.961578,14.577494,68.749649,12,18,6,2014,28
2014-12-28 19:00:00,48.066528,9.179144,65.900002,5.275635,1.02323,S,0.468755,13.696648,72.729065,12,19,6,2014,28
2014-12-28 20:00:00,63.7245,0.000662,65.900002,5.331397,1.267425,NO,0.304041,13.019734,77.235298,12,20,6,2014,28
2014-12-28 21:00:00,72.057886,,65.900002,5.313039,1.464255,ONO,0.407844,12.690302,78.329903,12,21,6,2014,28
2014-12-28 22:00:00,96.830202,0.005666,65.900002,5.962524,2.413953,SO,0.514525,11.826614,84.751244,12,22,6,2014,28
2014-12-28 23:00:00,77.306612,,65.900002,6.037423,2.589013,NE,1.128704,10.965739,88.061111,12,23,6,2014,28
2014-12-29 00:00:00,51.583212,0.00625,65.900002,5.609011,1.838179,NE,1.404619,10.667069,89.443085,12,0,0,2014,29
2014-12-29 01:00:00,37.597594,0.446404,50.200001,5.570693,1.291687,NE,1.963595,9.985786,90.149261,12,1,0,2014,29
2014-12-29 02:00:00,19.828392,8.371632,50.200001,5.445973,1.05393,NE,1.709251,10.227509,91.42572,12,2,0,2014,29
2014-12-29 03:00:00,14.615339,12.525502,50.200001,5.664587,1.002943,NE,1.960284,10.193493,92.136375,12,3,0,2014,29
2014-12-29 04:00:00,10.034865,17.259462,50.200001,5.988121,0.938019,NE,1.618281,10.48938,91.890038,12,4,0,2014,29
2014-12-29 05:00:00,9.765842,17.492418,50.200001,6.073574,0.927197,NE,1.802618,10.589232,91.454376,12,5,0,2014,29
2014-12-29 06:00:00,12.953276,14.094912,50.200001,5.756363,0.909611,NE,1.796657,10.155673,93.21611,12,6,0,2014,29
2014-12-29 07:00:00,23.613927,7.46648,50.200001,5.58509,0.932758,NE,1.948224,10.398687,92.561493,12,7,0,2014,29
2014-12-29 08:00:00,36.246166,0.977014,50.200001,5.440569,1.044666,NE,2.012444,10.600016,91.294319,12,8,0,2014,29
2014-12-29 09:00:00,42.907734,,50.200001,5.824952,1.092239,E,1.375266,10.73063,92.633011,12,9,0,2014,29
2014-12-29 10:00:00,45.537795,0.446308,50.200001,8.145586,1.17554,NNE,1.711662,11.207466,96.414322,12,10,0,2014,29
2014-12-29 11:00:00,41.952297,0.800032,50.200001,10.736396,1.114183,NNE,1.520412,12.31715,96.077835,12,11,0,2014,29
2014-12-29 12:00:00,38.995165,2.215336,50.200001,11.103498,1.086008,NNE,1.251537,13.144073,93.715813,12,12,0,2014,29
2014-12-29 13:00:00,27.367913,26.060665,50.200001,13.380187,1.003078,OSO,1.19351,14.141835,84.096725,12,13,0,2014,29
2014-12-29 14:00:00,8.008622,57.154556,50.200001,9.739698,0.881093,S,2.104188,15.292155,66.454239,12,14,0,2014,29
2014-12-29 15:00:00,6.461664,59.435581,50.200001,7.940821,0.86595,SO,1.671365,15.594928,65.176834,12,15,0,2014,29
2014-12-29 16:00:00,7.231709,59.815926,50.200001,6.845736,0.861621,OSO,1.398025,15.693663,63.477409,12,16,0,2014,29
2014-12-29 17:00:00,10.476763,57.842854,50.200001,6.264693,0.853019,SO,1.408916,14.89275,63.032009,12,17,0,2014,29
2014-12-29 18:00:00,19.762138,47.674961,50.200001,5.803478,0.931164,N,1.123802,13.741856,69.737953,12,18,0,2014,29
2014-12-29 19:00:00,29.496153,37.098656,50.200001,5.4653,0.986622,NNO,0.846745,12.909639,72.279465,12,19,0,2014,29
2014-12-29 20:00:00,35.076417,30.32612,50.200001,5.366295,1.017888,N,0.713441,12.462177,72.363075,12,20,0,2014,29
2014-12-29 21:00:00,53.36952,8.795818,50.200001,5.246355,1.114559,SE,0.504519,11.682875,73.625214,12,21,0,2014,29
2014-12-29 22:00:00,73.458663,0.378666,50.200001,5.421278,1.430405,N,0.0,10.770989,79.398544,12,22,0,2014,29
2014-12-29 23:00:00,75.559543,,50.200001,5.742166,1.720532,N,0.091185,9.766077,85.732224,12,23,0,2014,29
2014-12-30 00:00:00,67.723606,,50.200001,5.989678,1.587119,N,0.241377,9.447871,85.312538,12,0,1,2014,30
2014-12-30 01:00:00,43.469192,5.027628,51.400002,5.635841,1.214613,N,0.234032,9.076754,86.679314,12,1,1,2014,30
2014-12-30 02:00:00,48.452362,0.372222,51.400002,5.455173,1.21296,N,0.228522,8.851785,88.836281,12,2,1,2014,30
2014-12-30 03:00:00,27.928396,8.176562,51.400002,5.430783,1.058547,NO,0.569931,8.594221,91.497345,12,3,1,2014,30
2014-12-30 04:00:00,23.145709,15.186624,51.400002,9.346012,0.957064,ONO,1.685225,9.489655,90.641251,12,4,1,2014,30
2014-12-30 05:00:00,19.751152,14.266662,51.400002,14.064364,0.937491,ONO,1.455815,9.260685,87.446541,12,5,1,2014,30
2014-12-30 06:00:00,22.978361,4.32793,51.400002,16.239859,0.934073,N,0.645973,8.194139,90.130577,12,6,1,2014,30
2014-12-30 07:00:00,27.84538,0.898982,51.400002,17.361914,0.932416,ONO,1.318632,7.66704,92.848793,12,7,1,2014,30
2014-12-30 08:00:00,35.73801,,51.400002,22.834615,0.967537,ONO,1.410906,7.524386,91.753044,12,8,1,2014,30
2014-12-30 09:00:00,35.691868,3.432422,51.400002,22.025647,1.009923,ONO,2.213207,8.505157,82.278107,12,9,1,2014,30
2014-12-30 10:00:00,30.91219,10.743934,51.400002,15.412381,1.016948,ONO,1.768138,9.832247,74.072876,12,10,1,2014,30
2014-12-30 11:00:00,28.645941,14.711124,51.400002,13.463101,1.003831,ONO,1.871341,11.0642,69.892273,12,11,1,2014,30
2014-12-30 12:00:00,43.840351,10.970674,51.400002,17.040829,1.165734,ONO,1.638057,12.363043,67.081833,12,12,1,2014,30
2014-12-30 13:00:00,37.356476,8.7919,51.400002,22.527952,1.065077,ONO,1.580978,13.60385,65.459999,12,13,1,2014,30
2014-12-30 14:00:00,27.881501,18.377022,51.400002,23.613091,0.965293,ONO,1.554037,14.519463,62.274178,12,14,1,2014,30
2014-12-30 15:00:00,24.835974,24.875381,51.400002,16.050853,0.927848,N,1.54823,15.191557,58.723877,12,15,1,2014,30
2014-12-30 16:00:00,24.622851,31.495205,51.400002,13.188044,0.912078,ONO,2.113075,15.11409,57.009319,12,16,1,2014,30
2014-12-30 17:00:00,23.803336,33.504147,51.400002,11.550692,0.917217,ONO,2.016441,14.815794,56.188507,12,17,1,2014,30
2014-12-30 18:00:00,44.904927,13.194602,51.400002,11.940654,0.998286,ONO,1.464807,13.872402,58.979343,12,18,1,2014,30
2014-12-30 19:00:00,61.071437,0.792882,51.400002,14.177919,1.149624,ONO,1.322237,12.82122,58.126873,12,19,1,2014,30
2014-12-30 20:00:00,62.468177,,51.400002,17.405191,1.291295,ONO,0.75444,11.613922,61.831161,12,20,1,2014,30
2014-12-30 21:00:00,59.853975,,51.400002,16.003703,1.242768,SO,0.90282,11.018143,61.166122,12,21,1,2014,30
2014-12-30 22:00:00,84.538934,0.244876,51.400002,10.518502,2.077523,N,0.200665,10.55233,62.545074,12,22,1,2014,30
2014-12-30 23:00:00,72.883281,0.05552,51.400002,9.132706,1.839586,NNE,0.859447,9.442917,66.625862,12,23,1,2014,30
2014-12-31 00:00:00,56.02051,0.000334,51.400002,11.798418,1.506558,NE,0.852114,8.792736,70.960953,12,0,2,2014,31
2014-12-31 01:00:00,42.544006,,,18.334231,1.326018,NE,1.05182,7.702857,77.585197,12,1,2,2014,31
2014-12-31 02:00:00,34.238293,,,13.775454,1.211238,NE,1.223726,6.832452,85.468819,12,2,2,2014,31
2014-12-31 03:00:00,26.931437,,,8.033886,1.093337,NE,1.461699,6.454314,88.925995,12,3,2,2014,31
2014-12-31 04:00:00,21.714417,0.947086,73.300003,6.671521,0.987956,NE,1.654524,6.495218,89.68531,12,4,2,2014,31
2014-12-31 05:00:00,12.141401,7.356278,73.300003,5.852766,0.92614,NE,1.908239,6.662122,88.572609,12,5,2,2014,31
2014-12-31 06:00:00,13.078167,6.449016,73.300003,5.453464,0.935285,NE,1.709254,6.2558,89.354721,12,6,2,2014,31
2014-12-31 07:00:00,16.581084,3.44618,73.300003,5.235707,0.9155,NE,2.298683,6.182167,90.917175,12,7,2,2014,31
2014-12-31 08:00:00,30.213141,,73.300003,4.853649,1.119416,NE,1.695381,5.946141,91.762032,12,8,2,2014,31
2014-12-31 09:00:00,39.985979,,73.300003,7.069346,1.293233,NE,1.634021,7.129766,88.766144,12,9,2,2014,31
2014-12-31 10:00:00,35.624358,3.567856,73.300003,8.616579,1.210868,NE,2.305249,9.595305,79.074478,12,10,2,2014,31
2014-12-31 11:00:00,30.29444,9.284406,73.300003,7.664908,1.06896,ENE,2.493939,12.377558,70.831085,12,11,2,2014,31
2014-12-31 12:00:00,22.854185,22.775549,73.300003,8.203119,0.971161,ENE,2.252638,14.421038,65.710411,12,12,2,2014,31
2014-12-31 13:00:00,18.788495,36.748692,73.300003,7.52853,0.956929,E,2.363937,15.187486,60.892853,12,13,2,2014,31
2014-12-31 14:00:00,15.831421,41.100288,73.300003,6.872901,0.962329,ESE,2.338603,15.641529,58.062096,12,14,2,2014,31
2014-12-31 15:00:00,15.000278,45.706932,73.300003,6.19617,0.975434,SSE,2.220212,15.222082,63.913982,12,15,2,2014,31
2014-12-31 16:00:00,17.055417,45.627754,73.300003,6.780436,0.94969,SSE,2.325817,15.066168,61.009422,12,16,2,2014,31
2014-12-31 17:00:00,20.643751,48.830593,73.300003,7.506619,0.989145,SSE,1.982525,14.70526,59.583805,12,17,2,2014,31
2014-12-31 18:00:00,43.890742,27.930536,73.300003,6.270041,1.164988,S,1.112069,13.962212,65.835571,12,18,2,2014,31
2014-12-31 19:00:00,54.516239,6.86789,73.300003,5.687396,1.253412,N,0.131468,12.166187,74.429947,12,19,2,2014,31
2014-12-31 20:00:00,74.859796,0.014052,73.300003,5.391723,1.522147,N,0.0,11.280351,80.611992,12,20,2,2014,31
2014-12-31 21:00:00,112.034222,0.223276,73.300003,5.977775,2.804321,NNE,0.568081,10.821628,83.310837,12,21,2,2014,31
2014-12-31 22:00:00,110.46105,1.70153,73.300003,6.338046,3.190365,SO,0.510946,10.382813,85.810463,12,22,2,2014,31
2014-12-31 23:00:00,88.104351,0.927072,73.300003,6.035802,2.647156,OSO,0.315552,10.120331,86.949585,12,23,2,2014,31
2015-01-01 00:00:00,65.855654,,73.300003,5.504827,1.955579,OSO,0.300658,9.633667,89.40506,1,0,3,2015,1
